BtmCen (deg c),,
Timestamp,Value,Quality
2/7/22 00:06:23,32767,Good
2/7/22 00:25:56,32767,Good
2/7/22 00:26:01,22,Good
2/7/22 00:26:31,22,Good
2/7/22 00:26:36,32767,Good
2/7/22 01:26:38,32767,Good
2/7/22 02:26:40,32767,Good
2/7/22 02:37:35,32767,Good
2/7/22 02:37:40,21,Good
2/7/22 02:37:48,22,Good
2/7/22 02:38:23,21,Good
2/7/22 02:38:38,3,Good
2/7/22 02:38:54,7,Good
2/7/22 02:39:01,10,Good
2/7/22 02:39:08,11,Good
2/7/22 02:39:11,12,Good
2/7/22 02:39:16,13,Good
2/7/22 02:39:23,14,Good
2/7/22 02:39:39,15,Good
2/7/22 02:40:01,16,Good
2/7/22 02:40:56,16,Good
2/7/22 02:41:01,22,Good
2/7/22 02:41:09,24,Good
2/7/22 02:41:12,25,Good
2/7/22 02:41:24,23,Good
2/7/22 02:41:37,22,Good
2/7/22 02:42:22,21,Good
2/7/22 02:43:22,20,Good
2/7/22 02:43:42,21,Good
2/7/22 02:43:47,23,Good
2/7/22 02:44:07,24,Good
2/7/22 02:44:17,23,Good
2/7/22 02:44:40,22,Good
2/7/22 02:44:52,21,Good
2/7/22 02:45:17,22,Good
2/7/22 02:45:23,25,Good
2/7/22 02:45:25,27,Good
2/7/22 02:45:38,26,Good
2/7/22 02:45:40,24,Good
2/7/22 02:45:48,25,Good
2/7/22 02:46:23,24,Good
2/7/22 02:47:01,23,Good
2/7/22 02:47:31,24,Good
2/7/22 02:47:38,23,Good
2/7/22 02:48:08,22,Good
2/7/22 02:48:54,21,Good
2/7/22 02:50:47,20,Good
2/7/22 02:50:57,21,Good
2/7/22 02:51:02,20,Good
2/7/22 02:55:18,20,Good
2/7/22 02:55:23,12,Good
2/7/22 02:55:25,7,Good
2/7/22 02:55:33,11,Good
2/7/22 02:55:38,12,Good
2/7/22 02:55:41,13,Good
2/7/22 02:55:53,14,Good
2/7/22 02:56:01,15,Good
2/7/22 02:56:16,16,Good
2/7/22 02:56:38,17,Good
2/7/22 02:56:56,18,Good
2/7/22 02:57:38,19,Good
2/7/22 02:59:09,20,Good
2/7/22 03:59:11,20,Good
2/7/22 04:59:18,20,Good
2/7/22 05:59:22,20,Good
2/7/22 06:59:24,20,Good
2/7/22 07:59:25,20,Good
2/7/22 08:41:50,21,Good
2/7/22 08:41:57,20,Good
2/7/22 08:47:16,21,Good
2/7/22 08:47:21,20,Good
2/7/22 08:50:42,21,Good
2/7/22 08:50:47,20,Good
2/7/22 08:52:13,21,Good
2/7/22 08:52:18,20,Good
2/7/22 08:53:40,21,Good
2/7/22 08:53:48,20,Good
2/7/22 08:53:50,21,Good
2/7/22 08:53:56,20,Good
2/7/22 08:54:21,21,Good
2/7/22 08:54:33,20,Good
2/7/22 08:55:26,21,Good
2/7/22 08:55:33,20,Good
2/7/22 08:55:49,21,Good
2/7/22 08:55:51,20,Good
2/7/22 08:56:16,21,Good
2/7/22 08:56:21,20,Good
2/7/22 08:56:51,21,Good
2/7/22 08:57:02,20,Good
2/7/22 08:57:07,21,Good
2/7/22 08:57:11,20,Good
2/7/22 08:57:21,21,Good
2/7/22 08:57:27,20,Good
2/7/22 08:57:37,21,Good
2/7/22 08:57:42,20,Good
2/7/22 08:57:52,21,Good
2/7/22 08:58:07,20,Good
2/7/22 08:58:12,21,Good
2/7/22 08:58:19,20,Good
2/7/22 08:58:27,21,Good
2/7/22 08:58:32,20,Good
2/7/22 08:58:34,21,Good
2/7/22 08:58:42,20,Good
2/7/22 08:58:57,21,Good
2/7/22 08:59:05,20,Good
2/7/22 08:59:12,21,Good
2/7/22 08:59:17,20,Good
2/7/22 08:59:32,21,Good
2/7/22 08:59:35,20,Good
2/7/22 08:59:42,21,Good
2/7/22 08:59:57,20,Good
2/7/22 09:00:02,21,Good
2/7/22 09:00:42,20,Good
2/7/22 09:00:48,21,Good
2/7/22 09:00:58,20,Good
2/7/22 09:01:05,21,Good
2/7/22 09:01:20,20,Good
2/7/22 09:01:28,21,Good
2/7/22 09:01:48,20,Good
2/7/22 09:01:50,21,Good
2/7/22 09:02:05,20,Good
2/7/22 09:02:11,21,Good
2/7/22 09:02:21,20,Good
2/7/22 09:02:33,21,Good
2/7/22 09:02:41,20,Good
2/7/22 09:02:51,21,Good
2/7/22 09:04:04,20,Good
2/7/22 09:04:06,21,Good
2/7/22 09:04:18,20,Good
2/7/22 09:04:21,21,Good
2/7/22 09:04:49,20,Good
2/7/22 09:04:51,21,Good
2/7/22 09:05:04,20,Good
2/7/22 09:05:06,21,Good
2/7/22 09:20:56,20,Good
2/7/22 09:21:03,21,Good
2/7/22 09:21:36,20,Good
2/7/22 09:21:49,21,Good
2/7/22 09:22:19,20,Good
2/7/22 09:22:21,21,Good
2/7/22 09:22:26,20,Good
2/7/22 09:22:31,21,Good
2/7/22 09:22:36,20,Good
2/7/22 09:22:41,21,Good
2/7/22 09:22:48,20,Good
2/7/22 09:28:18,21,Good
2/7/22 09:28:20,20,Good
2/7/22 09:28:28,21,Good
2/7/22 09:28:33,20,Good
2/7/22 09:29:21,21,Good
2/7/22 09:29:33,20,Good
2/7/22 09:29:51,21,Good
2/7/22 09:29:56,20,Good
2/7/22 09:30:03,21,Good
2/7/22 09:30:06,20,Good
2/7/22 09:30:18,21,Good
2/7/22 09:30:26,20,Good
2/7/22 09:30:41,21,Good
2/7/22 09:30:48,20,Good
2/7/22 09:30:56,21,Good
2/7/22 09:31:06,20,Good
2/7/22 09:31:11,21,Good
2/7/22 09:31:21,20,Good
2/7/22 09:31:26,21,Good
2/7/22 09:39:56,20,Good
2/7/22 09:40:04,21,Good
2/7/22 09:56:11,20,Good
2/7/22 10:00:11,19,Good
2/7/22 10:07:36,18,Good
2/7/22 10:24:06,17,Good
2/7/22 10:24:11,18,Good
2/7/22 10:24:18,17,Good
2/7/22 10:49:05,16,Good
2/7/22 11:49:07,16,Good
2/7/22 12:17:33,17,Good
2/7/22 12:17:35,16,Good
2/7/22 12:18:48,17,Good
2/7/22 12:18:58,16,Good
2/7/22 12:19:03,17,Good
2/7/22 12:19:48,16,Good
2/7/22 12:19:56,17,Good
2/7/22 12:20:03,16,Good
2/7/22 12:20:18,17,Good
2/7/22 12:20:21,16,Good
2/7/22 12:20:33,17,Good
2/7/22 12:20:41,16,Good
2/7/22 12:20:48,17,Good
2/7/22 12:21:19,16,Good
2/7/22 12:21:21,17,Good
2/7/22 12:21:34,16,Good
2/7/22 12:21:41,17,Good
2/7/22 12:21:49,16,Good
2/7/22 12:21:56,17,Good
2/7/22 12:22:26,16,Good
2/7/22 12:22:41,17,Good
2/7/22 12:22:51,16,Good
2/7/22 12:22:56,17,Good
2/7/22 12:23:42,16,Good
2/7/22 12:23:52,17,Good
2/7/22 12:24:02,16,Good
2/7/22 12:24:07,17,Good
2/7/22 12:24:12,16,Good
2/7/22 12:24:22,17,Good
2/7/22 12:24:47,16,Good
2/7/22 12:24:52,17,Good
2/7/22 12:25:02,16,Good
2/7/22 12:25:07,17,Good
2/7/22 12:25:17,16,Good
2/7/22 12:25:27,17,Good
2/7/22 12:25:32,16,Good
2/7/22 12:25:42,17,Good
2/7/22 12:25:47,16,Good
2/7/22 12:26:02,17,Good
2/7/22 12:26:05,16,Good
2/7/22 12:26:12,17,Good
2/7/22 12:26:17,16,Good
2/7/22 12:26:20,17,Good
2/7/22 12:26:32,16,Good
2/7/22 12:26:42,17,Good
2/7/22 12:26:48,16,Good
2/7/22 12:26:50,17,Good
2/7/22 12:27:03,16,Good
2/7/22 12:27:05,17,Good
2/7/22 12:27:28,16,Good
2/7/22 12:27:35,17,Good
2/7/22 12:27:48,16,Good
2/7/22 12:27:58,17,Good
2/7/22 12:28:06,16,Good
2/7/22 12:28:13,17,Good
2/7/22 12:28:20,16,Good
2/7/22 12:28:33,17,Good
2/7/22 12:28:36,16,Good
2/7/22 12:28:43,17,Good
2/7/22 12:28:48,16,Good
2/7/22 12:28:51,17,Good
2/7/22 12:28:56,16,Good
2/7/22 12:29:06,17,Good
2/7/22 12:29:11,16,Good
2/7/22 12:29:18,17,Good
2/7/22 12:29:26,16,Good
2/7/22 12:29:51,17,Good
2/7/22 12:30:36,16,Good
2/7/22 12:30:41,17,Good
2/7/22 12:30:49,16,Good
2/7/22 12:30:56,17,Good
2/7/22 12:31:06,16,Good
2/7/22 12:31:11,17,Good
2/7/22 12:33:52,16,Good
2/7/22 12:33:57,17,Good
2/7/22 13:21:43,18,Good
2/7/22 13:21:50,17,Good
2/7/22 13:21:58,18,Good
2/7/22 13:22:41,17,Good
2/7/22 13:22:48,18,Good
2/7/22 13:22:51,17,Good
2/7/22 13:22:56,18,Good
2/7/22 13:23:03,17,Good
2/7/22 13:23:06,18,Good
2/7/22 13:23:11,17,Good
2/7/22 13:23:26,18,Good
2/7/22 13:23:33,17,Good
2/7/22 13:24:19,18,Good
2/7/22 13:24:21,17,Good
2/7/22 13:25:11,18,Good
2/7/22 13:25:19,17,Good
2/7/22 13:25:34,18,Good
2/7/22 13:25:56,17,Good
2/7/22 13:26:22,18,Good
2/7/22 13:26:34,17,Good
2/7/22 13:26:47,18,Good
2/7/22 13:26:57,17,Good
2/7/22 13:27:07,18,Good
2/7/22 13:27:12,17,Good
2/7/22 13:27:17,18,Good
2/7/22 13:27:27,17,Good
2/7/22 13:27:32,18,Good
2/7/22 13:27:37,17,Good
2/7/22 13:27:42,18,Good
2/7/22 13:27:47,17,Good
2/7/22 13:27:52,18,Good
2/7/22 13:28:12,17,Good
2/7/22 13:28:22,18,Good
2/7/22 13:28:32,17,Good
2/7/22 13:28:37,18,Good
2/7/22 13:28:58,17,Good
2/7/22 13:29:03,18,Good
2/7/22 14:29:07,18,Good
2/7/22 14:32:13,19,Good
2/7/22 14:32:20,18,Good
2/7/22 14:33:35,19,Good
2/7/22 14:33:48,18,Good
2/7/22 14:33:50,19,Good
2/7/22 14:34:36,18,Good
2/7/22 14:34:43,19,Good
2/7/22 14:34:48,18,Good
2/7/22 14:34:51,19,Good
2/7/22 14:35:03,18,Good
2/7/22 14:35:11,19,Good
2/7/22 14:35:33,18,Good
2/7/22 14:35:41,19,Good
2/7/22 14:36:06,18,Good
2/7/22 14:36:11,19,Good
2/7/22 14:39:22,18,Good
2/7/22 14:39:27,19,Good
2/7/22 14:39:57,18,Good
2/7/22 14:40:02,19,Good
2/7/22 14:40:22,18,Good
2/7/22 14:40:27,19,Good
2/7/22 14:40:35,18,Good
2/7/22 14:40:42,19,Good
2/7/22 14:40:57,18,Good
2/7/22 14:41:02,19,Good
2/7/22 14:41:05,18,Good
2/7/22 14:41:18,19,Good
2/7/22 14:41:20,18,Good
2/7/22 14:41:28,19,Good
2/7/22 14:41:32,18,Good
2/7/22 14:41:50,19,Good
2/7/22 14:42:03,18,Good
2/7/22 14:42:20,19,Good
2/7/22 14:43:05,18,Good
2/7/22 14:43:13,19,Good
2/7/22 14:44:13,18,Good
2/7/22 14:44:18,19,Good
2/7/22 15:25:50,20,Good
2/7/22 15:25:57,19,Good
2/7/22 15:27:48,20,Good
2/7/22 15:27:58,19,Good
2/7/22 15:28:28,20,Good
2/7/22 15:28:36,19,Good
2/7/22 15:29:18,20,Good
2/7/22 15:29:28,19,Good
2/7/22 15:29:41,20,Good
2/7/22 15:29:51,19,Good
2/7/22 15:29:56,20,Good
2/7/22 15:30:04,19,Good
2/7/22 15:30:06,20,Good
2/7/22 15:30:19,19,Good
2/7/22 15:30:21,20,Good
2/7/22 15:30:34,19,Good
2/7/22 15:30:41,20,Good
2/7/22 15:30:51,19,Good
2/7/22 15:30:56,20,Good
2/7/22 15:31:12,19,Good
2/7/22 15:31:19,20,Good
2/7/22 15:31:22,19,Good
2/7/22 15:31:26,20,Good
2/7/22 15:34:37,19,Good
2/7/22 15:34:42,20,Good
2/7/22 15:56:49,19,Good
2/7/22 16:00:07,18,Good
2/7/22 16:03:48,17,Good
2/7/22 16:10:07,16,Good
2/7/22 16:13:41,15,Good
2/7/22 16:13:51,16,Good
2/7/22 16:14:04,15,Good
2/7/22 16:14:56,14,Good
2/7/22 16:15:26,13,Good
2/7/22 16:16:06,12,Good
2/7/22 16:16:37,11,Good
2/7/22 16:17:19,10,Good
2/7/22 16:18:02,9,Good
2/7/22 16:18:57,8,Good
2/7/22 16:20:05,7,Good
2/7/22 16:20:20,8,Good
2/7/22 16:20:28,7,Good
2/7/22 16:21:36,6,Good
2/7/22 16:23:06,5,Good
2/7/22 16:24:49,4,Good
2/7/22 16:26:49,3,Good
2/7/22 16:29:13,2,Good
2/7/22 16:32:13,1,Good
2/7/22 16:36:12,0,Good
2/7/22 16:39:48,-1,Good
2/7/22 16:39:51,0,Good
2/7/22 16:39:58,-1,Good
2/7/22 16:44:19,-2,Good
2/7/22 16:49:18,-3,Good
2/7/22 16:54:17,-4,Good
2/7/22 16:54:22,-3,Good
2/7/22 16:54:27,-4,Good
2/7/22 17:00:06,-5,Good
2/7/22 17:06:06,-6,Good
2/7/22 17:10:06,-7,Good
2/7/22 17:12:47,-8,Good
2/7/22 17:15:18,-9,Good
2/7/22 17:17:56,-10,Good
2/7/22 17:20:42,-11,Good
2/7/22 17:20:44,-10,Good
2/7/22 17:20:52,-11,Good
2/7/22 17:23:46,-12,Good
2/7/22 17:27:12,-13,Good
2/7/22 17:29:52,-14,Good
2/7/22 17:34:13,-15,Good
2/7/22 17:38:42,-16,Good
2/7/22 17:42:58,-17,Good
2/7/22 17:47:52,-18,Good
2/7/22 17:52:28,-19,Good
2/7/22 17:57:37,-20,Good
2/7/22 18:02:34,-21,Good
2/7/22 18:06:42,-22,Good
2/7/22 18:11:51,-23,Good
2/7/22 18:17:20,-24,Good
2/7/22 18:17:28,-23,Good
2/7/22 18:17:33,-24,Good
2/7/22 18:22:34,-25,Good
2/7/22 18:27:58,-26,Good
2/7/22 18:28:01,-25,Good
2/7/22 18:28:06,-26,Good
2/7/22 18:33:27,-27,Good
2/7/22 18:38:41,-28,Good
2/7/22 18:38:46,-27,Good
2/7/22 18:38:56,-28,Good
2/7/22 18:39:02,-27,Good
2/7/22 18:39:06,-28,Good
2/7/22 18:39:11,-27,Good
2/7/22 18:39:21,-28,Good
2/7/22 18:43:53,-29,Good
2/7/22 18:43:58,-28,Good
2/7/22 18:44:13,-29,Good
2/7/22 18:44:16,-28,Good
2/7/22 18:44:23,-29,Good
2/7/22 18:50:27,-30,Good
2/7/22 18:50:30,-29,Good
2/7/22 18:50:37,-30,Good
2/7/22 18:50:45,-29,Good
2/7/22 18:50:52,-30,Good
2/7/22 18:56:56,-31,Good
2/7/22 18:57:21,-30,Good
2/7/22 18:57:27,-31,Good
2/7/22 19:04:16,-32,Good
2/7/22 19:04:21,-31,Good
2/7/22 19:04:28,-32,Good
2/7/22 19:04:31,-31,Good
2/7/22 19:04:36,-32,Good
2/7/22 19:09:15,-33,Good
2/7/22 19:09:23,-32,Good
2/7/22 19:09:27,-33,Good
2/7/22 19:15:57,-34,Good
2/7/22 19:23:36,-35,Good
2/7/22 19:30:28,-36,Good
2/7/22 19:37:00,-37,Good
2/7/22 19:37:08,-36,Good
2/7/22 19:37:13,-37,Good
2/7/22 19:43:45,-38,Good
2/7/22 19:50:44,-39,Good
2/7/22 19:59:22,-40,Good
2/7/22 20:05:28,-41,Good
2/7/22 20:06:16,-40,Good
2/7/22 20:07:14,-39,Good
2/7/22 20:07:51,-38,Good
2/7/22 20:08:41,-37,Good
2/7/22 20:09:37,-36,Good
2/7/22 20:10:37,-35,Good
2/7/22 20:12:22,-34,Good
2/7/22 20:42:43,-35,Good
2/7/22 21:02:41,-36,Good
2/7/22 21:02:46,-35,Good
2/7/22 21:03:01,-36,Good
2/7/22 21:04:27,-35,Good
2/7/22 21:04:29,-36,Good
2/7/22 21:04:52,-35,Good
2/7/22 21:04:57,-36,Good
2/7/22 21:05:45,-35,Good
2/7/22 21:05:52,-36,Good
2/7/22 21:06:27,-35,Good
2/7/22 21:06:30,-36,Good
2/7/22 21:06:38,-35,Good
2/7/22 21:06:43,-36,Good
2/7/22 21:07:58,-35,Good
2/7/22 21:08:00,-36,Good
2/7/22 21:08:13,-35,Good
2/7/22 21:08:15,-36,Good
2/7/22 21:11:21,-35,Good
2/7/22 21:11:26,-36,Good
2/7/22 21:15:45,-37,Good
2/7/22 21:15:53,-36,Good
2/7/22 21:21:57,-37,Good
2/7/22 21:22:02,-36,Good
2/7/22 21:22:07,-37,Good
2/7/22 21:22:15,-36,Good
2/7/22 21:22:27,-37,Good
2/7/22 21:23:37,-36,Good
2/7/22 21:23:42,-37,Good
2/7/22 21:24:28,-36,Good
2/7/22 21:24:30,-37,Good
2/7/22 21:39:07,-38,Good
2/7/22 21:40:14,-37,Good
2/7/22 21:40:27,-38,Good
2/7/22 21:41:12,-37,Good
2/7/22 21:41:52,-38,Good
2/7/22 21:42:00,-37,Good
2/7/22 21:42:08,-38,Good
2/7/22 21:42:23,-37,Good
2/7/22 21:42:28,-38,Good
2/7/22 21:56:56,-39,Good
2/7/22 21:57:12,-38,Good
2/7/22 21:57:17,-39,Good
2/7/22 21:57:22,-38,Good
2/7/22 21:57:27,-39,Good
2/7/22 21:57:32,-38,Good
2/7/22 21:57:37,-39,Good
2/7/22 22:16:57,-40,Good
2/7/22 22:17:00,-39,Good
2/7/22 22:18:00,-40,Good
2/7/22 22:18:07,-39,Good
2/7/22 22:18:12,-40,Good
2/7/22 22:18:22,-39,Good
2/7/22 22:19:28,-40,Good
2/7/22 22:19:53,-39,Good
2/7/22 22:20:43,-40,Good
2/7/22 22:47:43,-41,Good
2/7/22 22:47:46,-40,Good
2/7/22 22:48:28,-41,Good
2/7/22 23:09:42,-42,Good
2/7/22 23:09:52,-41,Good
2/7/22 23:09:57,-42,Good
2/7/22 23:35:37,-43,Good
2/7/22 23:49:28,-44,Good
2/7/22 23:49:31,-43,Good
2/7/22 23:49:38,-44,Good
2/7/22 23:49:43,-43,Good
2/7/22 23:49:45,-44,Good
2/7/22 23:49:53,-43,Good
2/7/22 23:50:46,-44,Good
2/7/22 23:50:58,-43,Good
2/7/22 23:51:01,-44,Good
2/7/22 23:51:29,-43,Good
2/7/22 23:51:36,-44,Good
2/7/22 23:51:43,-43,Good
2/7/22 23:51:46,-44,Good
2/7/22 23:52:06,-43,Good
2/7/22 23:52:16,-44,Good
2/7/22 23:52:29,-43,Good
2/7/22 23:52:31,-44,Good
2/7/22 23:54:32,-43,Good
2/7/22 23:55:37,-44,Good
2/7/22 23:55:42,-43,Good
2/7/22 23:55:47,-44,Good
2/7/22 23:55:52,-43,Good
2/7/22 23:55:57,-44,Good
2/8/22 00:16:28,-45,Good
2/8/22 00:16:43,-44,Good
2/8/22 00:16:58,-45,Good
2/8/22 00:17:13,-44,Good
2/8/22 00:17:21,-45,Good
2/8/22 00:17:28,-44,Good
2/8/22 00:17:31,-45,Good
2/8/22 00:17:36,-44,Good
2/8/22 00:17:44,-45,Good
2/8/22 00:18:01,-44,Good
2/8/22 00:18:06,-45,Good
2/8/22 00:18:13,-44,Good
2/8/22 00:18:16,-45,Good
2/8/22 00:18:51,-44,Good
2/8/22 00:19:21,-45,Good
2/8/22 00:19:29,-44,Good
2/8/22 00:19:31,-45,Good
2/8/22 00:21:27,-44,Good
2/8/22 00:21:37,-45,Good
2/8/22 00:22:27,-44,Good
2/8/22 00:22:30,-45,Good
2/8/22 00:23:15,-44,Good
2/8/22 00:23:30,-45,Good
2/8/22 00:23:38,-44,Good
2/8/22 00:23:45,-45,Good
2/8/22 00:34:43,-46,Good
2/8/22 00:35:31,-45,Good
2/8/22 00:35:36,-46,Good
2/8/22 00:35:43,-45,Good
2/8/22 00:35:58,-46,Good
2/8/22 00:36:01,-45,Good
2/8/22 00:36:46,-46,Good
2/8/22 00:36:51,-45,Good
2/8/22 00:37:29,-46,Good
2/8/22 00:37:36,-45,Good
2/8/22 00:37:52,-46,Good
2/8/22 00:38:01,-45,Good
2/8/22 00:38:27,-46,Good
2/8/22 00:38:32,-45,Good
2/8/22 00:39:47,-46,Good
2/8/22 00:40:02,-45,Good
2/8/22 00:40:07,-46,Good
2/8/22 00:40:12,-45,Good
2/8/22 00:40:22,-46,Good
2/8/22 00:40:45,-45,Good
2/8/22 00:40:53,-46,Good
2/8/22 00:41:00,-45,Good
2/8/22 00:41:07,-46,Good
2/8/22 00:41:27,-45,Good
2/8/22 00:41:30,-46,Good
2/8/22 01:00:15,-47,Good
2/8/22 01:00:23,-46,Good
2/8/22 01:00:28,-47,Good
2/8/22 01:00:38,-46,Good
2/8/22 01:00:53,-47,Good
2/8/22 01:04:14,-46,Good
2/8/22 01:04:16,-47,Good
2/8/22 01:04:29,-46,Good
2/8/22 01:04:36,-47,Good
2/8/22 01:05:37,-46,Good
2/8/22 01:05:42,-47,Good
2/8/22 01:06:12,-46,Good
2/8/22 01:06:17,-47,Good
2/8/22 01:07:30,-46,Good
2/8/22 01:07:37,-47,Good
2/8/22 01:20:01,-48,Good
2/8/22 01:20:06,-47,Good
2/8/22 01:39:14,-48,Good
2/8/22 01:39:16,-47,Good
2/8/22 01:40:17,-48,Good
2/8/22 01:40:21,-47,Good
2/8/22 01:43:45,-48,Good
2/8/22 01:43:58,-47,Good
2/8/22 01:44:00,-48,Good
2/8/22 01:44:58,-47,Good
2/8/22 01:45:08,-48,Good
2/8/22 01:45:15,-47,Good
2/8/22 01:45:23,-48,Good
2/8/22 02:12:08,-49,Good
2/8/22 02:12:13,-48,Good
2/8/22 02:12:23,-49,Good
2/8/22 02:12:28,-48,Good
2/8/22 02:12:38,-49,Good
2/8/22 02:12:46,-48,Good
2/8/22 02:12:53,-49,Good
2/8/22 02:13:53,-48,Good
2/8/22 02:13:58,-47,Good
2/8/22 02:14:08,-45,Good
2/8/22 02:14:16,-44,Good
2/8/22 02:14:23,-43,Good
2/8/22 02:14:29,-42,Good
2/8/22 02:14:31,-41,Good
2/8/22 02:14:36,-40,Good
2/8/22 02:14:44,-39,Good
2/8/22 02:14:46,-38,Good
2/8/22 02:14:53,-37,Good
2/8/22 02:14:59,-36,Good
2/8/22 02:15:06,-35,Good
2/8/22 02:15:14,-34,Good
2/8/22 02:15:21,-33,Good
2/8/22 02:15:29,-32,Good
2/8/22 02:15:31,-31,Good
2/8/22 02:15:44,-30,Good
2/8/22 02:15:46,-29,Good
2/8/22 02:15:59,-28,Good
2/8/22 02:16:01,-27,Good
2/8/22 02:16:14,-26,Good
2/8/22 02:16:22,-25,Good
2/8/22 02:16:29,-24,Good
2/8/22 02:16:44,-23,Good
2/8/22 02:16:52,-22,Good
2/8/22 02:17:07,-21,Good
2/8/22 02:17:17,-20,Good
2/8/22 02:17:32,-19,Good
2/8/22 02:17:47,-18,Good
2/8/22 02:18:02,-17,Good
2/8/22 02:18:22,-16,Good
2/8/22 02:18:52,-15,Good
2/8/22 02:19:12,-14,Good
2/8/22 02:19:15,-15,Good
2/8/22 02:19:22,-14,Good
2/8/22 02:20:00,-13,Good
2/8/22 02:20:58,-12,Good
2/8/22 02:22:16,-11,Good
2/8/22 02:23:36,-10,Good
2/8/22 02:27:17,-9,Good
2/8/22 02:36:27,-8,Good
2/8/22 02:49:43,-7,Good
2/8/22 03:06:13,-6,Good
2/8/22 03:06:15,-7,Good
2/8/22 03:06:28,-6,Good
2/8/22 03:06:31,-7,Good
2/8/22 03:07:38,-6,Good
2/8/22 03:07:46,-7,Good
2/8/22 03:07:53,-6,Good
2/8/22 03:08:01,-7,Good
2/8/22 03:08:29,-6,Good
2/8/22 03:29:22,-5,Good
2/8/22 03:29:27,-6,Good
2/8/22 03:29:32,-5,Good
2/8/22 03:29:37,-6,Good
2/8/22 03:29:47,-5,Good
2/8/22 03:30:27,-6,Good
2/8/22 03:30:32,-5,Good
2/8/22 03:30:52,-6,Good
2/8/22 03:31:30,-5,Good
2/8/22 03:31:37,-6,Good
2/8/22 03:31:52,-5,Good
2/8/22 04:05:22,-4,Good
2/8/22 04:05:29,-5,Good
2/8/22 04:05:32,-4,Good
2/8/22 04:05:37,-5,Good
2/8/22 04:05:47,-4,Good
2/8/22 04:12:01,-3,Good
2/8/22 04:12:06,-4,Good
2/8/22 04:12:14,-3,Good
2/8/22 04:16:15,-4,Good
2/8/22 04:16:23,-3,Good
2/8/22 04:19:46,-4,Good
2/8/22 04:19:54,-3,Good
2/8/22 04:19:59,-4,Good
2/8/22 04:20:08,-3,Good
2/8/22 04:23:07,-4,Good
2/8/22 04:23:32,-3,Good
2/8/22 04:23:37,-4,Good
2/8/22 04:23:42,-3,Good
2/8/22 04:23:52,-4,Good
2/8/22 04:23:57,-3,Good
2/8/22 05:24:02,-3,Good
2/8/22 06:24:08,-3,Good
2/8/22 06:29:32,-4,Good
2/8/22 06:29:47,-3,Good
2/8/22 06:32:16,-4,Good
2/8/22 06:32:25,-3,Good
2/8/22 06:32:53,-4,Good
2/8/22 06:33:16,-3,Good
2/8/22 06:34:54,-4,Good
2/8/22 06:34:56,-3,Good
2/8/22 06:35:09,-4,Good
2/8/22 06:35:11,-3,Good
2/8/22 06:45:42,-2,Good
2/8/22 06:45:57,-3,Good
2/8/22 06:46:07,-2,Good
2/8/22 06:46:09,-3,Good
2/8/22 06:46:24,-2,Good
2/8/22 06:56:02,-3,Good
2/8/22 06:56:07,-2,Good
2/8/22 06:56:22,-3,Good
2/8/22 06:56:25,-2,Good
2/8/22 06:56:47,-3,Good
2/8/22 06:56:55,-2,Good
2/8/22 06:57:02,-3,Good
2/8/22 06:57:07,-2,Good
2/8/22 06:57:32,-3,Good
2/8/22 06:57:37,-2,Good
2/8/22 06:57:40,-3,Good
2/8/22 06:58:18,-2,Good
2/8/22 06:58:23,-3,Good
2/8/22 06:58:25,-2,Good
2/8/22 06:58:33,-3,Good
2/8/22 06:58:38,-2,Good
2/8/22 06:59:23,-3,Good
2/8/22 06:59:38,-2,Good
2/8/22 07:00:41,-3,Good
2/8/22 07:00:46,-2,Good
2/8/22 07:01:41,-3,Good
2/8/22 07:01:46,-2,Good
2/8/22 07:02:01,-3,Good
2/8/22 07:02:16,-2,Good
2/8/22 07:02:27,-3,Good
2/8/22 07:02:32,-2,Good
2/8/22 07:02:47,-3,Good
2/8/22 07:03:12,-2,Good
2/8/22 07:03:17,-3,Good
2/8/22 07:03:37,-2,Good
2/8/22 07:03:42,-3,Good
2/8/22 07:03:47,-2,Good
2/8/22 07:03:52,-3,Good
2/8/22 07:04:02,-2,Good
2/8/22 07:04:24,-3,Good
2/8/22 07:04:32,-2,Good
2/8/22 07:04:37,-3,Good
2/8/22 07:04:47,-2,Good
2/8/22 07:05:40,-3,Good
2/8/22 07:05:52,-2,Good
2/8/22 07:09:23,-3,Good
2/8/22 07:09:39,-2,Good
2/8/22 07:13:17,-3,Good
2/8/22 07:13:40,-2,Good
2/8/22 07:14:24,-3,Good
2/8/22 07:16:18,-2,Good
2/8/22 07:16:25,-3,Good
2/8/22 07:16:40,-2,Good
2/8/22 07:16:53,-3,Good
2/8/22 07:16:55,-2,Good
2/8/22 07:17:08,-3,Good
2/8/22 07:19:56,-2,Good
2/8/22 07:20:01,-3,Good
2/8/22 07:22:37,-2,Good
2/8/22 07:22:47,-3,Good
2/8/22 07:23:02,-2,Good
2/8/22 07:23:07,-3,Good
2/8/22 07:23:10,-2,Good
2/8/22 07:23:17,-3,Good
2/8/22 07:23:37,-2,Good
2/8/22 07:23:52,-3,Good
2/8/22 07:23:55,-2,Good
2/8/22 07:24:07,-3,Good
2/8/22 07:24:10,-2,Good
2/8/22 07:25:03,-3,Good
2/8/22 07:25:08,-2,Good
2/8/22 07:25:38,-3,Good
2/8/22 07:29:47,-2,Good
2/8/22 07:29:52,-3,Good
2/8/22 07:30:06,-2,Good
2/8/22 07:30:17,-3,Good
2/8/22 07:32:10,-2,Good
2/8/22 07:32:17,-3,Good
2/8/22 07:32:22,-2,Good
2/8/22 07:34:03,-3,Good
2/8/22 07:34:23,-2,Good
2/8/22 07:34:25,-3,Good
2/8/22 07:34:33,-2,Good
2/8/22 07:34:38,-3,Good
2/8/22 07:35:23,-2,Good
2/8/22 07:35:26,-3,Good
2/8/22 07:38:01,-2,Good
2/8/22 07:38:09,-3,Good
2/8/22 07:40:52,-2,Good
2/8/22 07:40:55,-3,Good
2/8/22 07:45:24,-2,Good
2/8/22 07:45:26,-3,Good
2/8/22 07:47:17,-2,Good
2/8/22 07:47:24,-3,Good
2/8/22 07:47:27,-2,Good
2/8/22 07:47:31,-3,Good
2/8/22 07:47:37,-2,Good
2/8/22 07:47:42,-3,Good
2/8/22 07:48:12,-2,Good
2/8/22 07:48:17,-3,Good
2/8/22 08:02:23,-2,Good
2/8/22 08:02:26,-3,Good
2/8/22 08:02:30,-2,Good
2/8/22 08:02:46,-3,Good
2/8/22 08:02:56,-2,Good
2/8/22 08:03:54,-3,Good
2/8/22 08:03:56,-2,Good
2/8/22 08:04:01,-3,Good
2/8/22 08:04:11,-2,Good
2/8/22 08:04:16,-3,Good
2/8/22 08:04:24,-2,Good
2/8/22 08:04:31,-3,Good
2/8/22 08:04:46,-2,Good
2/8/22 08:04:54,-3,Good
2/8/22 08:04:56,-2,Good
2/8/22 08:05:02,-3,Good
2/8/22 08:05:09,-2,Good
2/8/22 08:05:12,-3,Good
2/8/22 08:40:46,-4,Good
2/8/22 08:40:54,-3,Good
2/8/22 08:42:07,-4,Good
2/8/22 08:42:11,-3,Good
2/8/22 08:42:32,-4,Good
2/8/22 08:42:52,-3,Good
2/8/22 08:42:54,-4,Good
2/8/22 08:43:24,-3,Good
2/8/22 08:44:17,-4,Good
2/8/22 08:44:25,-3,Good
2/8/22 08:44:53,-4,Good
2/8/22 08:44:55,-3,Good
2/8/22 08:45:23,-4,Good
2/8/22 08:45:25,-3,Good
2/8/22 08:45:33,-4,Good
2/8/22 08:46:53,-3,Good
2/8/22 08:46:56,-4,Good
2/8/22 08:48:31,-3,Good
2/8/22 08:48:39,-4,Good
2/8/22 08:48:46,-3,Good
2/8/22 08:49:16,-4,Good
2/8/22 08:49:24,-3,Good
2/8/22 08:49:27,-4,Good
2/8/22 08:49:39,-3,Good
2/8/22 08:49:54,-4,Good
2/8/22 08:50:12,-3,Good
2/8/22 08:50:47,-4,Good
2/8/22 08:50:57,-3,Good
2/8/22 08:51:12,-4,Good
2/8/22 08:53:02,-3,Good
2/8/22 08:53:10,-4,Good
2/8/22 08:53:18,-3,Good
2/8/22 08:53:25,-4,Good
2/8/22 08:53:33,-3,Good
2/8/22 08:55:56,-4,Good
2/8/22 08:56:01,-3,Good
2/8/22 08:56:16,-4,Good
2/8/22 08:56:38,-3,Good
2/8/22 08:57:31,-4,Good
2/8/22 08:57:38,-3,Good
2/8/22 08:57:41,-4,Good
2/8/22 08:57:46,-3,Good
2/8/22 08:57:56,-4,Good
2/8/22 09:31:46,-3,Good
2/8/22 09:36:37,-4,Good
2/8/22 09:36:42,-3,Good
2/8/22 09:55:02,-4,Good
2/8/22 09:55:07,-3,Good
2/8/22 10:15:38,-4,Good
2/8/22 10:15:53,-3,Good
2/8/22 10:16:03,-4,Good
2/8/22 10:16:08,-3,Good
2/8/22 10:16:41,-4,Good
2/8/22 10:16:46,-3,Good
2/8/22 10:16:56,-4,Good
2/8/22 10:17:08,-3,Good
2/8/22 10:17:16,-4,Good
2/8/22 10:17:31,-3,Good
2/8/22 10:17:38,-4,Good
2/8/22 10:17:53,-3,Good
2/8/22 10:20:54,-4,Good
2/8/22 10:22:07,-3,Good
2/8/22 10:22:10,-4,Good
2/8/22 10:22:52,-3,Good
2/8/22 10:24:53,-4,Good
2/8/22 10:24:55,-3,Good
2/8/22 10:28:39,-4,Good
2/8/22 10:28:54,-3,Good
2/8/22 10:28:57,-4,Good
2/8/22 10:29:09,-3,Good
2/8/22 10:29:12,-4,Good
2/8/22 10:29:17,-3,Good
2/8/22 10:29:32,-4,Good
2/8/22 10:29:47,-3,Good
2/8/22 10:32:40,-4,Good
2/8/22 10:33:33,-3,Good
2/8/22 10:33:38,-4,Good
2/8/22 10:33:48,-3,Good
2/8/22 10:33:55,-4,Good
2/8/22 10:34:48,-3,Good
2/8/22 10:34:53,-4,Good
2/8/22 10:35:23,-3,Good
2/8/22 10:35:31,-4,Good
2/8/22 10:35:39,-3,Good
2/8/22 10:35:41,-4,Good
2/8/22 10:54:46,-3,Good
2/8/22 10:54:54,-4,Good
2/8/22 11:37:03,-5,Good
2/8/22 11:37:08,-4,Good
2/8/22 11:37:26,-5,Good
2/8/22 11:37:53,-4,Good
2/8/22 11:37:56,-5,Good
2/8/22 11:38:01,-4,Good
2/8/22 11:38:08,-5,Good
2/8/22 11:38:11,-4,Good
2/8/22 11:38:41,-5,Good
2/8/22 11:38:46,-4,Good
2/8/22 11:38:56,-5,Good
2/8/22 11:39:39,-4,Good
2/8/22 11:39:41,-5,Good
2/8/22 11:40:11,-4,Good
2/8/22 11:40:42,-5,Good
2/8/22 11:40:46,-4,Good
2/8/22 11:45:33,-5,Good
2/8/22 11:45:38,-4,Good
2/8/22 11:45:48,-5,Good
2/8/22 11:45:53,-4,Good
2/8/22 11:45:56,-5,Good
2/8/22 11:47:31,-4,Good
2/8/22 11:47:39,-5,Good
2/8/22 11:47:56,-4,Good
2/8/22 11:48:01,-5,Good
2/8/22 11:48:08,-4,Good
2/8/22 11:48:11,-5,Good
2/8/22 11:48:16,-4,Good
2/8/22 11:48:24,-5,Good
2/8/22 11:48:26,-4,Good
2/8/22 11:48:56,-5,Good
2/8/22 11:49:09,-4,Good
2/8/22 11:49:16,-5,Good
2/8/22 11:49:24,-4,Good
2/8/22 11:50:09,-5,Good
2/8/22 11:50:12,-4,Good
2/8/22 11:50:39,-5,Good
2/8/22 11:50:42,-4,Good
2/8/22 11:50:57,-5,Good
2/8/22 11:51:02,-4,Good
2/8/22 11:51:07,-5,Good
2/8/22 11:51:12,-4,Good
2/8/22 11:51:22,-5,Good
2/8/22 11:51:37,-4,Good
2/8/22 11:51:42,-5,Good
2/8/22 11:53:40,-4,Good
2/8/22 11:53:48,-5,Good
2/8/22 11:53:53,-4,Good
2/8/22 11:59:09,-5,Good
2/8/22 11:59:12,-4,Good
2/8/22 12:00:12,-5,Good
2/8/22 12:00:22,-4,Good
2/8/22 12:00:42,-5,Good
2/8/22 12:01:10,-4,Good
2/8/22 12:01:40,-5,Good
2/8/22 12:01:47,-4,Good
2/8/22 12:01:55,-5,Good
2/8/22 12:02:03,-4,Good
2/8/22 12:02:07,-5,Good
2/8/22 12:02:10,-4,Good
2/8/22 12:02:38,-5,Good
2/8/22 12:02:55,-4,Good
2/8/22 12:03:03,-5,Good
2/8/22 12:03:23,-4,Good
2/8/22 12:03:33,-5,Good
2/8/22 12:03:38,-4,Good
2/8/22 12:03:46,-5,Good
2/8/22 12:03:53,-4,Good
2/8/22 12:03:55,-5,Good
2/8/22 12:04:03,-4,Good
2/8/22 12:50:08,-5,Good
2/8/22 12:50:11,-4,Good
2/8/22 12:50:18,-5,Good
2/8/22 12:51:16,-4,Good
2/8/22 12:51:24,-5,Good
2/8/22 12:51:26,-4,Good
2/8/22 12:51:31,-5,Good
2/8/22 12:51:39,-4,Good
2/8/22 12:52:26,-5,Good
2/8/22 12:52:31,-4,Good
2/8/22 12:52:39,-5,Good
2/8/22 12:53:32,-4,Good
2/8/22 12:53:57,-5,Good
2/8/22 12:55:02,-4,Good
2/8/22 13:07:23,-5,Good
2/8/22 13:07:33,-4,Good
2/8/22 13:07:38,-5,Good
2/8/22 13:07:41,-4,Good
2/8/22 13:08:39,-5,Good
2/8/22 13:08:41,-4,Good
2/8/22 13:10:32,-5,Good
2/8/22 13:10:39,-4,Good
2/8/22 13:10:42,-5,Good
2/8/22 13:11:09,-4,Good
2/8/22 13:16:03,-5,Good
2/8/22 13:16:08,-4,Good
2/8/22 13:16:11,-5,Good
2/8/22 13:17:39,-4,Good
2/8/22 13:18:26,-5,Good
2/8/22 13:19:32,-4,Good
2/8/22 13:19:54,-5,Good
2/8/22 13:19:57,-4,Good
2/8/22 13:20:24,-5,Good
2/8/22 13:20:39,-4,Good
2/8/22 13:21:02,-5,Good
2/8/22 13:21:47,-4,Good
2/8/22 13:22:02,-5,Good
2/8/22 13:22:53,-4,Good
2/8/22 13:23:03,-5,Good
2/8/22 13:23:18,-4,Good
2/8/22 13:23:23,-5,Good
2/8/22 13:33:41,-4,Good
2/8/22 13:33:48,-5,Good
2/8/22 13:33:53,-4,Good
2/8/22 13:33:55,-5,Good
2/8/22 13:34:03,-4,Good
2/8/22 13:34:08,-5,Good
2/8/22 13:34:18,-4,Good
2/8/22 13:34:26,-5,Good
2/8/22 13:34:33,-4,Good
2/8/22 13:34:53,-5,Good
2/8/22 13:34:56,-4,Good
2/8/22 13:35:08,-5,Good
2/8/22 14:18:18,-6,Good
2/8/22 14:18:26,-5,Good
2/8/22 14:18:33,-6,Good
2/8/22 14:19:08,-5,Good
2/8/22 14:19:11,-6,Good
2/8/22 14:19:18,-5,Good
2/8/22 14:19:41,-6,Good
2/8/22 14:19:51,-5,Good
2/8/22 14:20:04,-6,Good
2/8/22 14:20:09,-5,Good
2/8/22 14:20:16,-6,Good
2/8/22 14:20:39,-5,Good
2/8/22 14:22:27,-6,Good
2/8/22 14:22:47,-5,Good
2/8/22 14:24:50,-6,Good
2/8/22 14:24:55,-5,Good
2/8/22 14:25:02,-6,Good
2/8/22 14:25:12,-5,Good
2/8/22 14:25:17,-6,Good
2/8/22 14:27:33,-5,Good
2/8/22 14:27:48,-6,Good
2/8/22 14:27:55,-5,Good
2/8/22 14:28:11,-6,Good
2/8/22 14:28:26,-5,Good
2/8/22 14:28:38,-6,Good
2/8/22 14:28:41,-5,Good
2/8/22 14:29:01,-6,Good
2/8/22 14:30:21,-5,Good
2/8/22 14:30:26,-6,Good
2/8/22 14:30:31,-5,Good
2/8/22 14:31:04,-6,Good
2/8/22 14:31:12,-5,Good
2/8/22 14:31:17,-6,Good
2/8/22 14:31:32,-5,Good
2/8/22 14:31:34,-6,Good
2/8/22 14:31:47,-5,Good
2/8/22 14:31:49,-6,Good
2/8/22 14:32:12,-5,Good
2/8/22 14:32:42,-6,Good
2/8/22 14:32:47,-5,Good
2/8/22 14:33:12,-6,Good
2/8/22 14:33:17,-5,Good
2/8/22 14:35:10,-6,Good
2/8/22 14:35:18,-5,Good
2/8/22 14:35:20,-6,Good
2/8/22 14:35:25,-5,Good
2/8/22 14:37:33,-6,Good
2/8/22 14:39:17,-5,Good
2/8/22 14:39:26,-6,Good
2/8/22 14:39:46,-5,Good
2/8/22 14:39:57,-6,Good
2/8/22 14:40:04,-5,Good
2/8/22 15:40:06,-5,Good
2/8/22 15:46:25,-6,Good
2/8/22 15:46:32,-5,Good
2/8/22 16:00:22,-6,Good
2/8/22 16:00:27,-5,Good
2/8/22 16:01:02,-6,Good
2/8/22 16:01:04,-5,Good
2/8/22 16:01:12,-6,Good
2/8/22 16:01:17,-5,Good
2/8/22 16:01:42,-6,Good
2/8/22 16:01:57,-5,Good
2/8/22 16:02:02,-6,Good
2/8/22 16:02:17,-5,Good
2/8/22 16:02:27,-6,Good
2/8/22 16:02:32,-5,Good
2/8/22 16:02:35,-6,Good
2/8/22 16:04:13,-5,Good
2/8/22 16:04:18,-6,Good
2/8/22 16:04:27,-5,Good
2/8/22 16:04:33,-6,Good
2/8/22 16:05:03,-5,Good
2/8/22 16:05:25,-6,Good
2/8/22 16:06:03,-5,Good
2/8/22 16:06:11,-6,Good
2/8/22 16:06:26,-5,Good
2/8/22 16:06:36,-6,Good
2/8/22 16:06:41,-5,Good
2/8/22 16:06:48,-6,Good
2/8/22 16:17:46,-5,Good
2/8/22 16:17:51,-6,Good
2/8/22 16:19:04,-5,Good
2/8/22 16:19:17,-6,Good
2/8/22 16:19:32,-5,Good
2/8/22 16:20:12,-6,Good
2/8/22 16:20:27,-5,Good
2/8/22 16:20:32,-6,Good
2/8/22 16:43:51,-7,Good
2/8/22 16:43:56,-6,Good
2/8/22 16:44:04,-7,Good
2/8/22 16:44:06,-6,Good
2/8/22 16:44:21,-7,Good
2/8/22 16:44:26,-6,Good
2/8/22 16:44:31,-7,Good
2/8/22 16:44:56,-6,Good
2/8/22 16:45:06,-7,Good
2/8/22 16:45:17,-6,Good
2/8/22 16:45:22,-7,Good
2/8/22 16:45:32,-6,Good
2/8/22 16:49:50,-5,Good
2/8/22 16:50:03,-6,Good
2/8/22 16:50:20,-5,Good
2/8/22 16:50:33,-6,Good
2/8/22 16:51:25,-5,Good
2/8/22 16:51:33,-6,Good
2/8/22 16:52:21,-5,Good
2/8/22 16:52:51,-6,Good
2/8/22 16:52:56,-5,Good
2/8/22 16:53:11,-6,Good
2/8/22 16:53:16,-5,Good
2/8/22 16:53:31,-6,Good
2/8/22 16:53:36,-5,Good
2/8/22 16:53:41,-6,Good
2/8/22 16:54:26,-5,Good
2/8/22 16:54:31,-6,Good
2/8/22 16:54:42,-5,Good
2/8/22 16:55:27,-6,Good
2/8/22 16:58:20,-5,Good
2/8/22 16:58:28,-6,Good
2/8/22 17:30:22,-7,Good
2/8/22 17:30:37,-6,Good
2/8/22 17:33:28,-7,Good
2/8/22 17:33:43,-6,Good
2/8/22 17:33:48,-7,Good
2/8/22 17:34:28,-6,Good
2/8/22 17:35:10,-7,Good
2/8/22 17:35:25,-6,Good
2/8/22 17:35:33,-7,Good
2/8/22 17:37:19,-6,Good
2/8/22 17:40:12,-7,Good
2/8/22 17:43:55,-6,Good
2/8/22 17:44:33,-7,Good
2/8/22 17:44:36,-6,Good
2/8/22 17:44:41,-7,Good
2/8/22 17:44:51,-6,Good
2/8/22 17:44:56,-7,Good
2/8/22 17:57:47,-6,Good
2/8/22 17:58:04,-7,Good
2/8/22 17:58:17,-6,Good
2/8/22 17:58:34,-7,Good
2/8/22 17:59:27,-6,Good
2/8/22 17:59:32,-7,Good
2/8/22 17:59:57,-6,Good
2/8/22 18:00:20,-7,Good
2/8/22 18:00:28,-6,Good
2/8/22 18:05:06,-7,Good
2/8/22 18:05:11,-6,Good
2/8/22 18:05:19,-7,Good
2/8/22 18:05:31,-6,Good
2/8/22 18:06:07,-7,Good
2/8/22 18:06:12,-6,Good
2/8/22 18:16:27,-7,Good
2/8/22 18:16:50,-6,Good
2/8/22 18:16:57,-7,Good
2/8/22 18:17:20,-6,Good
2/8/22 18:17:27,-7,Good
2/8/22 18:17:32,-6,Good
2/8/22 18:17:42,-7,Good
2/8/22 18:17:48,-6,Good
2/8/22 18:18:20,-7,Good
2/8/22 18:18:33,-6,Good
2/8/22 18:18:43,-7,Good
2/8/22 18:18:48,-6,Good
2/8/22 18:20:11,-7,Good
2/8/22 18:20:18,-6,Good
2/8/22 18:21:03,-7,Good
2/8/22 18:21:11,-6,Good
2/8/22 18:24:37,-7,Good
2/8/22 18:24:42,-6,Good
2/8/22 18:25:12,-7,Good
2/8/22 18:25:19,-6,Good
2/8/22 18:25:42,-7,Good
2/8/22 18:25:57,-6,Good
2/8/22 18:26:02,-7,Good
2/8/22 18:26:35,-6,Good
2/8/22 18:26:48,-7,Good
2/8/22 18:26:58,-6,Good
2/8/22 18:27:03,-7,Good
2/8/22 18:27:05,-6,Good
2/8/22 18:27:43,-7,Good
2/8/22 18:27:50,-6,Good
2/8/22 18:28:03,-7,Good
2/8/22 18:28:20,-6,Good
2/8/22 18:28:33,-7,Good
2/8/22 18:28:36,-6,Good
2/8/22 18:28:40,-7,Good
2/8/22 18:29:18,-6,Good
2/8/22 18:29:26,-7,Good
2/8/22 18:30:41,-6,Good
2/8/22 18:30:49,-7,Good
2/8/22 18:31:34,-6,Good
2/8/22 18:31:41,-7,Good
2/8/22 18:31:49,-6,Good
2/8/22 18:33:22,-7,Good
2/8/22 18:33:27,-6,Good
2/8/22 18:33:57,-7,Good
2/8/22 18:34:32,-6,Good
2/8/22 18:34:35,-7,Good
2/8/22 18:37:55,-6,Good
2/8/22 18:38:21,-7,Good
2/8/22 18:38:36,-6,Good
2/8/22 18:38:40,-7,Good
2/8/22 18:38:51,-6,Good
2/8/22 18:39:11,-7,Good
2/8/22 19:23:18,-8,Good
2/8/22 19:23:21,-7,Good
2/8/22 19:32:56,-8,Good
2/8/22 19:33:03,-7,Good
2/8/22 19:34:21,-8,Good
2/8/22 19:35:06,-7,Good
2/8/22 19:35:19,-8,Good
2/8/22 19:36:17,-7,Good
2/8/22 19:36:22,-8,Good
2/8/22 19:36:32,-7,Good
2/8/22 19:36:34,-8,Good
2/8/22 19:36:42,-7,Good
2/8/22 19:36:52,-8,Good
2/8/22 19:37:02,-7,Good
2/8/22 19:37:04,-8,Good
2/8/22 19:37:12,-7,Good
2/8/22 19:37:47,-8,Good
2/8/22 19:37:50,-7,Good
2/8/22 19:50:06,-8,Good
2/8/22 19:50:11,-7,Good
2/8/22 19:50:21,-8,Good
2/8/22 19:50:36,-7,Good
2/8/22 19:50:56,-8,Good
2/8/22 19:51:03,-7,Good
2/8/22 19:58:48,-8,Good
2/8/22 19:58:56,-7,Good
2/8/22 19:59:03,-8,Good
2/8/22 19:59:06,-7,Good
2/8/22 20:02:32,-8,Good
2/8/22 20:02:42,-7,Good
2/8/22 20:02:52,-8,Good
2/8/22 20:03:17,-7,Good
2/8/22 20:03:22,-8,Good
2/8/22 20:03:27,-7,Good
2/8/22 20:03:42,-8,Good
2/8/22 20:46:49,-9,Good
2/8/22 20:46:56,-8,Good
2/8/22 20:47:49,-9,Good
2/8/22 20:47:52,-8,Good
2/8/22 20:48:02,-9,Good
2/8/22 20:48:07,-8,Good
2/8/22 20:48:12,-9,Good
2/8/22 20:48:17,-8,Good
2/8/22 20:48:22,-9,Good
2/8/22 20:48:32,-8,Good
2/8/22 20:48:42,-9,Good
2/8/22 20:48:52,-8,Good
2/8/22 20:48:57,-9,Good
2/8/22 20:49:57,-8,Good
2/8/22 20:55:57,-9,Good
2/8/22 20:58:02,-8,Good
2/8/22 20:58:42,-9,Good
2/8/22 21:04:27,-8,Good
2/8/22 21:04:51,-9,Good
2/8/22 21:04:57,-8,Good
2/8/22 21:05:07,-9,Good
2/8/22 21:10:36,-8,Good
2/8/22 21:10:43,-9,Good
2/8/22 21:10:51,-8,Good
2/8/22 21:10:56,-9,Good
2/8/22 22:10:02,-8,Good
2/8/22 22:10:05,-9,Good
2/8/22 22:10:12,-8,Good
2/8/22 22:10:32,-9,Good
2/8/22 22:12:03,-8,Good
2/8/22 22:12:05,-9,Good
2/8/22 22:12:43,-8,Good
2/8/22 22:12:48,-9,Good
2/8/22 22:12:50,-8,Good
2/8/22 22:13:13,-9,Good
2/8/22 22:13:18,-8,Good
2/8/22 22:13:20,-9,Good
2/8/22 22:13:33,-8,Good
2/8/22 22:13:43,-9,Good
2/8/22 22:13:51,-8,Good
2/8/22 22:14:51,-9,Good
2/8/22 22:14:56,-8,Good
2/8/22 22:33:51,-7,Good
2/8/22 22:33:56,-8,Good
2/8/22 22:34:12,-7,Good
2/8/22 22:34:19,-8,Good
2/8/22 22:34:26,-7,Good
2/8/22 22:35:04,-8,Good
2/8/22 22:35:06,-7,Good
2/8/22 22:43:49,-6,Good
2/8/22 22:43:57,-7,Good
2/8/22 22:45:27,-6,Good
2/8/22 22:45:32,-7,Good
2/8/22 22:45:35,-6,Good
2/8/22 22:45:42,-7,Good
2/8/22 22:45:47,-6,Good
2/8/22 22:54:37,-5,Good
2/8/22 22:54:42,-6,Good
2/8/22 22:55:47,-5,Good
2/8/22 22:58:03,-6,Good
2/8/22 22:58:13,-5,Good
2/8/22 23:06:48,-4,Good
2/8/22 23:06:51,-5,Good
2/8/22 23:06:58,-4,Good
2/8/22 23:07:21,-5,Good
2/8/22 23:07:33,-4,Good
2/8/22 23:07:36,-5,Good
2/8/22 23:07:51,-4,Good
2/8/22 23:17:26,-3,Good
2/8/22 23:23:58,-2,Good
2/8/22 23:24:03,-3,Good
2/8/22 23:24:43,-2,Good
2/8/22 23:32:20,-1,Good
2/8/22 23:32:33,-2,Good
2/8/22 23:32:50,-1,Good
2/8/22 23:32:58,-2,Good
2/8/22 23:33:20,-1,Good
2/8/22 23:33:43,-2,Good
2/8/22 23:33:51,-1,Good
2/8/22 23:40:07,0,Good
2/8/22 23:46:52,1,Good
2/8/22 23:56:37,2,Good
2/8/22 23:56:42,1,Good
2/8/22 23:56:47,2,Good
2/9/22 00:03:34,3,Good
2/9/22 00:03:51,2,Good
2/9/22 00:03:57,3,Good
2/9/22 00:12:57,4,Good
2/9/22 00:21:41,5,Good
2/9/22 00:22:57,4,Good
2/9/22 00:23:12,5,Good
2/9/22 00:28:51,6,Good
2/9/22 00:28:56,5,Good
2/9/22 00:29:06,6,Good
2/9/22 00:29:11,5,Good
2/9/22 00:29:19,6,Good
2/9/22 00:37:51,7,Good
2/9/22 00:46:28,8,Good
2/9/22 00:46:36,7,Good
2/9/22 00:46:41,8,Good
2/9/22 00:46:49,7,Good
2/9/22 00:47:19,8,Good
2/9/22 00:52:20,9,Good
2/9/22 00:52:28,8,Good
2/9/22 00:53:13,9,Good
2/9/22 00:53:18,8,Good
2/9/22 00:53:20,9,Good
2/9/22 00:53:28,8,Good
2/9/22 00:53:33,9,Good
2/9/22 00:53:43,8,Good
2/9/22 00:54:06,9,Good
2/9/22 01:03:48,10,Good
2/9/22 01:03:58,9,Good
2/9/22 01:04:03,10,Good
2/9/22 01:08:22,11,Good
2/9/22 01:08:27,10,Good
2/9/22 01:08:34,11,Good
2/9/22 01:08:37,10,Good
2/9/22 01:08:42,11,Good
2/9/22 01:09:22,10,Good
2/9/22 01:09:27,11,Good
2/9/22 01:09:37,10,Good
2/9/22 01:09:42,11,Good
2/9/22 01:09:48,10,Good
2/9/22 01:09:58,11,Good
2/9/22 01:10:02,10,Good
2/9/22 01:10:13,11,Good
2/9/22 01:10:17,10,Good
2/9/22 01:10:43,11,Good
2/9/22 01:15:11,12,Good
2/9/22 01:22:56,13,Good
2/9/22 01:28:48,14,Good
2/9/22 01:36:32,15,Good
2/9/22 01:43:07,16,Good
2/9/22 01:43:12,15,Good
2/9/22 01:43:19,16,Good
2/9/22 01:43:22,15,Good
2/9/22 01:43:27,16,Good
2/9/22 01:50:21,17,Good
2/9/22 01:57:05,18,Good
2/9/22 02:04:23,19,Good
2/9/22 02:04:33,18,Good
2/9/22 02:04:43,19,Good
2/9/22 02:04:50,18,Good
2/9/22 02:05:13,19,Good
2/9/22 02:13:28,20,Good
2/9/22 02:20:42,21,Good
2/9/22 02:30:45,22,Good
2/9/22 02:30:50,21,Good
2/9/22 02:30:57,22,Good
2/9/22 02:39:07,23,Good
2/9/22 02:39:30,22,Good
2/9/22 02:39:38,23,Good
2/9/22 02:40:20,22,Good
2/9/22 02:40:28,21,Good
2/9/22 02:40:35,20,Good
2/9/22 02:40:43,19,Good
2/9/22 02:40:45,18,Good
2/9/22 02:40:50,17,Good
2/9/22 02:40:58,16,Good
2/9/22 02:41:06,15,Good
2/9/22 02:41:13,14,Good
2/9/22 02:41:15,13,Good
2/9/22 02:41:20,12,Good
2/9/22 02:41:28,11,Good
2/9/22 02:41:36,10,Good
2/9/22 02:41:43,9,Good
2/9/22 02:41:51,8,Good
2/9/22 02:41:58,7,Good
2/9/22 02:42:06,6,Good
2/9/22 02:42:13,5,Good
2/9/22 02:42:28,4,Good
2/9/22 02:42:36,3,Good
2/9/22 02:42:46,2,Good
2/9/22 02:42:59,1,Good
2/9/22 02:43:14,0,Good
2/9/22 02:43:29,-1,Good
2/9/22 02:43:44,-2,Good
2/9/22 02:43:56,-3,Good
2/9/22 02:44:16,-4,Good
2/9/22 02:44:36,-5,Good
2/9/22 02:45:02,-6,Good
2/9/22 02:45:37,-7,Good
2/9/22 02:46:12,-8,Good
2/9/22 02:47:07,-9,Good
2/9/22 02:48:45,-10,Good
2/9/22 02:50:35,-11,Good
2/9/22 02:50:43,-10,Good
2/9/22 02:50:46,-11,Good
2/9/22 02:54:02,-12,Good
2/9/22 02:54:07,-11,Good
2/9/22 02:54:16,-12,Good
2/9/22 02:54:29,-11,Good
2/9/22 02:54:37,-12,Good
2/9/22 02:59:43,-13,Good
2/9/22 02:59:46,-12,Good
2/9/22 02:59:58,-13,Good
2/9/22 03:00:01,-12,Good
2/9/22 03:00:06,-13,Good
2/9/22 03:00:31,-12,Good
2/9/22 03:00:43,-13,Good
2/9/22 03:00:58,-12,Good
2/9/22 03:01:01,-13,Good
2/9/22 03:01:06,-12,Good
2/9/22 03:01:13,-13,Good
2/9/22 03:08:31,-14,Good
2/9/22 03:08:36,-13,Good
2/9/22 03:09:16,-14,Good
2/9/22 03:09:20,-13,Good
2/9/22 03:09:43,-14,Good
2/9/22 03:09:46,-13,Good
2/9/22 03:09:51,-14,Good
2/9/22 03:09:58,-13,Good
2/9/22 03:10:01,-14,Good
2/9/22 03:10:16,-13,Good
2/9/22 03:10:26,-14,Good
2/9/22 03:10:46,-13,Good
2/9/22 03:10:51,-14,Good
2/9/22 03:10:56,-13,Good
2/9/22 03:11:01,-14,Good
2/9/22 03:24:30,-15,Good
2/9/22 03:24:35,-14,Good
2/9/22 03:24:45,-15,Good
2/9/22 03:53:01,-16,Good
2/9/22 03:53:13,-15,Good
2/9/22 03:54:16,-16,Good
2/9/22 03:54:21,-15,Good
2/9/22 03:57:52,-16,Good
2/9/22 03:57:59,-15,Good
2/9/22 03:58:07,-16,Good
2/9/22 03:58:12,-15,Good
2/9/22 03:58:22,-16,Good
2/9/22 03:58:29,-15,Good
2/9/22 03:58:37,-16,Good
2/9/22 04:10:13,-15,Good
2/9/22 04:10:15,-16,Good
2/9/22 04:10:53,-15,Good
2/9/22 04:10:58,-16,Good
2/9/22 04:11:00,-15,Good
2/9/22 04:11:05,-16,Good
2/9/22 04:11:35,-15,Good
2/9/22 04:11:43,-16,Good
2/9/22 04:12:05,-15,Good
2/9/22 04:12:13,-16,Good
2/9/22 04:12:21,-15,Good
2/9/22 04:12:28,-16,Good
2/9/22 04:12:36,-15,Good
2/9/22 04:12:43,-16,Good
2/9/22 04:13:06,-15,Good
2/9/22 04:13:11,-16,Good
2/9/22 04:28:37,-15,Good
2/9/22 04:28:43,-16,Good
2/9/22 04:44:14,-15,Good
2/9/22 04:44:22,-16,Good
2/9/22 04:44:52,-15,Good
2/9/22 04:45:00,-16,Good
2/9/22 04:45:15,-15,Good
2/9/22 04:45:22,-16,Good
2/9/22 04:45:30,-15,Good
2/9/22 04:45:45,-16,Good
2/9/22 04:45:50,-15,Good
2/9/22 04:45:58,-16,Good
2/9/22 04:46:00,-15,Good
2/9/22 04:46:05,-16,Good
2/9/22 04:46:13,-15,Good
2/9/22 04:46:15,-16,Good
2/9/22 04:46:20,-15,Good
2/9/22 04:46:30,-16,Good
2/9/22 04:46:35,-15,Good
2/9/22 04:46:45,-16,Good
2/9/22 04:46:52,-15,Good
2/9/22 04:46:58,-16,Good
2/9/22 04:47:16,-15,Good
2/9/22 04:47:28,-16,Good
2/9/22 04:48:13,-15,Good
2/9/22 04:48:16,-16,Good
2/9/22 04:49:01,-15,Good
2/9/22 04:49:06,-16,Good
2/9/22 04:50:06,-15,Good
2/9/22 04:50:11,-16,Good
2/9/22 04:50:32,-15,Good
2/9/22 04:50:36,-16,Good
2/9/22 04:50:42,-15,Good
2/9/22 04:50:46,-16,Good
2/9/22 04:50:51,-15,Good
2/9/22 04:50:57,-16,Good
2/9/22 04:53:22,-15,Good
2/9/22 04:53:27,-16,Good
2/9/22 04:53:30,-15,Good
2/9/22 04:53:37,-16,Good
2/9/22 04:53:42,-15,Good
2/9/22 04:53:45,-16,Good
2/9/22 04:55:15,-15,Good
2/9/22 04:55:20,-16,Good
2/9/22 04:56:31,-15,Good
2/9/22 04:56:36,-16,Good
2/9/22 04:56:46,-15,Good
2/9/22 04:56:50,-16,Good
2/9/22 05:00:12,-15,Good
2/9/22 05:00:29,-16,Good
2/9/22 05:00:42,-15,Good
2/9/22 05:00:44,-16,Good
2/9/22 05:00:59,-15,Good
2/9/22 05:01:37,-16,Good
2/9/22 05:01:42,-15,Good
2/9/22 05:52:44,-14,Good
2/9/22 05:53:01,-13,Good
2/9/22 05:53:17,-12,Good
2/9/22 05:53:32,-11,Good
2/9/22 05:53:41,-10,Good
2/9/22 05:53:57,-9,Good
2/9/22 05:54:12,-8,Good
2/9/22 05:54:32,-7,Good
2/9/22 05:54:52,-6,Good
2/9/22 05:55:12,-5,Good
2/9/22 05:55:37,-4,Good
2/9/22 05:56:07,-3,Good
2/9/22 05:56:52,-2,Good
2/9/22 05:57:45,-1,Good
2/9/22 05:58:51,0,Good
2/9/22 06:01:29,1,Good
2/9/22 06:01:59,0,Good
2/9/22 06:02:01,1,Good
2/9/22 06:02:57,0,Good
2/9/22 06:03:02,1,Good
2/9/22 06:08:36,2,Good
2/9/22 06:14:27,3,Good
2/9/22 06:21:57,4,Good
2/9/22 06:31:27,5,Good
2/9/22 06:31:30,4,Good
2/9/22 06:31:52,5,Good
2/9/22 06:39:12,6,Good
2/9/22 06:39:32,5,Good
2/9/22 06:39:37,6,Good
2/9/22 06:39:42,5,Good
2/9/22 06:39:45,6,Good
2/9/22 06:46:14,7,Good
2/9/22 06:47:37,6,Good
2/9/22 06:47:42,7,Good
2/9/22 06:47:52,6,Good
2/9/22 06:47:57,7,Good
2/9/22 06:59:07,8,Good
2/9/22 06:59:12,7,Good
2/9/22 06:59:27,8,Good
2/9/22 06:59:30,7,Good
2/9/22 06:59:37,8,Good
2/9/22 07:08:38,9,Good
2/9/22 07:08:43,8,Good
2/9/22 07:08:45,9,Good
2/9/22 07:08:58,8,Good
2/9/22 07:09:00,9,Good
2/9/22 07:10:46,8,Good
2/9/22 07:10:50,9,Good
2/9/22 07:23:36,10,Good
2/9/22 07:23:52,9,Good
2/9/22 07:23:57,10,Good
2/9/22 07:25:00,9,Good
2/9/22 07:25:07,10,Good
2/9/22 07:34:30,11,Good
2/9/22 07:34:37,10,Good
2/9/22 07:37:38,11,Good
2/9/22 07:37:43,10,Good
2/9/22 07:37:51,11,Good
2/9/22 07:38:21,10,Good
2/9/22 07:38:31,11,Good
2/9/22 07:45:53,10,Good
2/9/22 07:46:13,9,Good
2/9/22 07:46:28,8,Good
2/9/22 07:46:43,7,Good
2/9/22 07:46:58,6,Good
2/9/22 07:47:13,5,Good
2/9/22 07:47:31,4,Good
2/9/22 07:47:51,3,Good
2/9/22 07:48:21,2,Good
2/9/22 07:48:46,1,Good
2/9/22 07:49:29,0,Good
2/9/22 07:50:17,-1,Good
2/9/22 07:51:42,-2,Good
2/9/22 07:54:23,-3,Good
2/9/22 07:54:28,-2,Good
2/9/22 07:54:30,-3,Good
2/9/22 07:54:38,-2,Good
2/9/22 07:54:43,-3,Good
2/9/22 08:02:22,-4,Good
2/9/22 08:02:28,-3,Good
2/9/22 08:02:53,-4,Good
2/9/22 08:03:00,-3,Good
2/9/22 08:03:08,-4,Good
2/9/22 08:03:13,-3,Good
2/9/22 08:03:30,-4,Good
2/9/22 08:03:43,-3,Good
2/9/22 08:03:45,-4,Good
2/9/22 08:05:21,-3,Good
2/9/22 08:05:28,-4,Good
2/9/22 08:05:36,-3,Good
2/9/22 08:05:51,-4,Good
2/9/22 08:05:58,-3,Good
2/9/22 08:06:51,-4,Good
2/9/22 08:07:01,-3,Good
2/9/22 08:07:06,-4,Good
2/9/22 08:54:22,-5,Good
2/9/22 08:54:27,-4,Good
2/9/22 08:54:42,-5,Good
2/9/22 08:54:45,-4,Good
2/9/22 08:55:12,-5,Good
2/9/22 08:55:17,-4,Good
2/9/22 08:55:52,-5,Good
2/9/22 08:55:58,-4,Good
2/9/22 08:56:15,-5,Good
2/9/22 08:56:23,-4,Good
2/9/22 08:56:58,-5,Good
2/9/22 08:57:00,-4,Good
2/9/22 08:57:53,-5,Good
2/9/22 08:57:58,-4,Good
2/9/22 08:58:08,-5,Good
2/9/22 08:58:13,-4,Good
2/9/22 08:59:01,-5,Good
2/9/22 08:59:06,-4,Good
2/9/22 08:59:21,-5,Good
2/9/22 08:59:31,-4,Good
2/9/22 08:59:36,-5,Good
2/9/22 08:59:43,-4,Good
2/9/22 08:59:51,-5,Good
2/9/22 08:59:59,-4,Good
2/9/22 09:01:22,-5,Good
2/9/22 09:01:29,-4,Good
2/9/22 09:02:17,-5,Good
2/9/22 09:02:22,-4,Good
2/9/22 09:02:27,-5,Good
2/9/22 09:02:37,-4,Good
2/9/22 09:02:57,-5,Good
2/9/22 09:03:02,-4,Good
2/9/22 09:03:12,-5,Good
2/9/22 09:03:17,-4,Good
2/9/22 09:14:45,-5,Good
2/9/22 09:14:53,-4,Good
2/9/22 09:14:58,-5,Good
2/9/22 09:15:00,-4,Good
2/9/22 09:19:32,-5,Good
2/9/22 09:19:37,-4,Good
2/9/22 09:21:17,-5,Good
2/9/22 09:21:22,-4,Good
2/9/22 09:49:13,-5,Good
2/9/22 09:49:42,-6,Good
2/9/22 09:50:23,-7,Good
2/9/22 09:51:16,-8,Good
2/9/22 09:53:01,-9,Good
2/9/22 09:53:06,-8,Good
2/9/22 09:53:14,-9,Good
2/9/22 10:01:46,-8,Good
2/9/22 10:01:51,-9,Good
2/9/22 10:01:58,-8,Good
2/9/22 10:02:01,-9,Good
2/9/22 10:02:16,-8,Good
2/9/22 10:04:02,-9,Good
2/9/22 10:04:07,-8,Good
2/9/22 10:50:07,-7,Good
2/9/22 10:50:12,-8,Good
2/9/22 10:57:21,-7,Good
2/9/22 10:57:29,-8,Good
2/9/22 10:57:36,-7,Good
2/9/22 10:57:44,-8,Good
2/9/22 10:57:47,-7,Good
2/9/22 10:58:02,-8,Good
2/9/22 10:58:06,-7,Good
2/9/22 10:58:17,-8,Good
2/9/22 10:58:22,-7,Good
2/9/22 10:58:29,-8,Good
2/9/22 10:58:32,-7,Good
2/9/22 10:58:36,-8,Good
2/9/22 10:58:47,-7,Good
2/9/22 10:58:52,-8,Good
2/9/22 10:59:12,-7,Good
2/9/22 10:59:42,-8,Good
2/9/22 10:59:47,-7,Good
2/9/22 10:59:52,-8,Good
2/9/22 10:59:57,-7,Good
2/9/22 11:00:27,-8,Good
2/9/22 11:00:32,-7,Good
2/9/22 11:00:47,-8,Good
2/9/22 11:00:52,-7,Good
2/9/22 11:01:37,-8,Good
2/9/22 11:01:52,-7,Good
2/9/22 11:01:58,-8,Good
2/9/22 11:02:53,-7,Good
2/9/22 11:03:01,-8,Good
2/9/22 11:12:00,-7,Good
2/9/22 11:12:08,-8,Good
2/9/22 11:13:21,-7,Good
2/9/22 11:13:28,-6,Good
2/9/22 11:13:36,-5,Good
2/9/22 11:13:43,-4,Good
2/9/22 11:13:51,-3,Good
2/9/22 11:13:58,-2,Good
2/9/22 11:14:08,-1,Good
2/9/22 11:14:13,0,Good
2/9/22 11:14:21,1,Good
2/9/22 11:14:29,2,Good
2/9/22 11:14:44,3,Good
2/9/22 11:14:51,4,Good
2/9/22 11:14:59,5,Good
2/9/22 11:15:14,6,Good
2/9/22 11:15:29,7,Good
2/9/22 11:15:36,8,Good
2/9/22 11:15:52,9,Good
2/9/22 11:16:01,10,Good
2/9/22 11:16:14,11,Good
2/9/22 11:16:29,12,Good
2/9/22 11:16:44,13,Good
2/9/22 11:16:59,14,Good
2/9/22 11:17:14,15,Good
2/9/22 11:17:27,16,Good
2/9/22 11:17:42,17,Good
2/9/22 11:18:02,18,Good
2/9/22 11:18:27,19,Good
2/9/22 11:18:47,20,Good
2/9/22 11:19:17,21,Good
2/9/22 11:19:53,22,Good
2/9/22 11:20:23,23,Good
2/9/22 11:21:15,24,Good
2/9/22 11:22:16,25,Good
2/9/22 11:24:36,26,Good
2/9/22 11:38:08,27,Good
2/9/22 11:38:23,26,Good
2/9/22 11:38:28,27,Good
2/9/22 11:45:57,28,Good
2/9/22 11:46:13,27,Good
2/9/22 11:46:38,28,Good
2/9/22 11:48:01,27,Good
2/9/22 11:48:23,28,Good
2/9/22 11:48:43,27,Good
2/9/22 11:48:53,28,Good
2/9/22 11:49:08,27,Good
2/9/22 11:49:13,28,Good
2/9/22 11:55:17,29,Good
2/9/22 11:55:42,28,Good
2/9/22 11:55:53,29,Good
2/9/22 12:06:38,30,Good
2/9/22 12:08:14,29,Good
2/9/22 12:08:16,28,Good
2/9/22 12:08:29,27,Good
2/9/22 12:08:36,26,Good
2/9/22 12:08:44,25,Good
2/9/22 12:08:51,24,Good
2/9/22 12:08:59,23,Good
2/9/22 12:09:06,22,Good
2/9/22 12:09:16,21,Good
2/9/22 12:09:29,20,Good
2/9/22 12:09:36,19,Good
2/9/22 12:09:44,18,Good
2/9/22 12:09:57,17,Good
2/9/22 12:10:07,16,Good
2/9/22 12:10:22,15,Good
2/9/22 12:10:32,14,Good
2/9/22 12:10:47,13,Good
2/9/22 12:11:02,12,Good
2/9/22 12:11:22,11,Good
2/9/22 12:11:42,10,Good
2/9/22 12:12:07,9,Good
2/9/22 12:12:32,8,Good
2/9/22 12:13:02,7,Good
2/9/22 12:13:45,6,Good
2/9/22 12:14:41,5,Good
2/9/22 12:16:08,4,Good
2/9/22 12:26:26,5,Good
2/9/22 12:26:31,4,Good
2/9/22 12:26:46,5,Good
2/9/22 12:26:52,4,Good
2/9/22 12:26:57,5,Good
2/9/22 12:27:01,4,Good
2/9/22 12:28:32,5,Good
2/9/22 12:28:37,4,Good
2/9/22 12:32:38,5,Good
2/9/22 12:32:53,4,Good
2/9/22 12:32:56,5,Good
2/9/22 12:33:08,4,Good
2/9/22 12:51:38,3,Good
2/9/22 12:51:46,4,Good
2/9/22 12:51:53,3,Good
2/9/22 12:51:56,4,Good
2/9/22 12:52:01,3,Good
2/9/22 13:05:02,4,Good
2/9/22 13:06:53,5,Good
2/9/22 13:06:55,4,Good
2/9/22 13:07:03,5,Good
2/9/22 13:12:52,6,Good
2/9/22 13:12:54,5,Good
2/9/22 13:13:32,6,Good
2/9/22 13:13:37,5,Good
2/9/22 13:13:47,6,Good
2/9/22 13:13:52,5,Good
2/9/22 13:14:07,6,Good
2/9/22 13:14:10,5,Good
2/9/22 13:14:25,6,Good
2/9/22 13:14:32,5,Good
2/9/22 13:14:40,6,Good
2/9/22 13:14:47,5,Good
2/9/22 13:14:55,6,Good
2/9/22 13:15:07,5,Good
2/9/22 13:15:17,6,Good
2/9/22 13:15:37,5,Good
2/9/22 13:15:40,6,Good
2/9/22 13:17:11,5,Good
2/9/22 13:17:23,6,Good
2/9/22 13:17:45,5,Good
2/9/22 13:17:53,6,Good
2/9/22 13:23:32,5,Good
2/9/22 13:23:37,6,Good
2/9/22 13:28:26,7,Good
2/9/22 13:28:31,6,Good
2/9/22 13:28:39,7,Good
2/9/22 13:28:46,6,Good
2/9/22 13:30:01,7,Good
2/9/22 13:30:06,6,Good
2/9/22 13:30:47,7,Good
2/9/22 13:31:02,6,Good
2/9/22 13:31:39,7,Good
2/9/22 13:31:47,6,Good
2/9/22 13:32:02,7,Good
2/9/22 13:32:10,6,Good
2/9/22 13:32:17,7,Good
2/9/22 13:32:25,6,Good
2/9/22 13:32:32,7,Good
2/9/22 13:32:40,6,Good
2/9/22 13:32:47,7,Good
2/9/22 13:32:52,6,Good
2/9/22 13:33:15,7,Good
2/9/22 13:33:22,6,Good
2/9/22 13:33:25,7,Good
2/9/22 13:33:40,6,Good
2/9/22 13:33:55,7,Good
2/9/22 13:34:00,6,Good
2/9/22 13:34:07,7,Good
2/9/22 13:34:10,6,Good
2/9/22 13:34:15,7,Good
2/9/22 13:34:23,6,Good
2/9/22 13:34:33,7,Good
2/9/22 13:34:38,6,Good
2/9/22 13:35:10,7,Good
2/9/22 13:35:38,6,Good
2/9/22 13:35:40,7,Good
2/9/22 13:35:46,6,Good
2/9/22 13:35:56,7,Good
2/9/22 13:36:11,6,Good
2/9/22 13:36:23,7,Good
2/9/22 13:36:31,6,Good
2/9/22 13:36:53,7,Good
2/9/22 13:36:56,6,Good
2/9/22 13:37:23,7,Good
2/9/22 13:38:26,6,Good
2/9/22 13:38:31,7,Good
2/9/22 13:38:51,6,Good
2/9/22 13:38:56,7,Good
2/9/22 13:41:17,8,Good
2/9/22 13:41:22,7,Good
2/9/22 13:41:40,6,Good
2/9/22 13:41:47,7,Good
2/9/22 13:49:37,8,Good
2/9/22 13:49:39,7,Good
2/9/22 13:51:07,8,Good
2/9/22 13:51:10,7,Good
2/9/22 13:51:38,6,Good
2/9/22 13:51:40,7,Good
2/9/22 13:52:08,8,Good
2/9/22 13:52:10,7,Good
2/9/22 13:52:38,8,Good
2/9/22 13:57:57,9,Good
2/9/22 13:59:47,10,Good
2/9/22 14:01:35,10,Good
2/9/22 14:01:40,32767,Good
2/9/22 15:01:47,32767,Good
