EastLo (deg c),,
Timestamp,Value,Quality
2/7/22 00:00:07,21,Good
2/7/22 00:00:22,22,Good
2/7/22 00:00:27,21,Good
2/7/22 00:00:37,22,Good
2/7/22 00:00:47,21,Good
2/7/22 00:00:52,22,Good
2/7/22 00:01:02,21,Good
2/7/22 00:01:32,22,Good
2/7/22 00:01:39,21,Good
2/7/22 00:02:09,22,Good
2/7/22 00:02:17,21,Good
2/7/22 00:02:47,22,Good
2/7/22 00:02:52,21,Good
2/7/22 00:03:53,22,Good
2/7/22 00:03:55,21,Good
2/7/22 00:04:18,22,Good
2/7/22 00:04:23,21,Good
2/7/22 00:04:25,22,Good
2/7/22 00:04:38,21,Good
2/7/22 00:04:45,22,Good
2/7/22 00:05:00,21,Good
2/7/22 00:05:10,22,Good
2/7/22 00:05:15,21,Good
2/7/22 00:05:38,22,Good
2/7/22 00:06:01,21,Good
2/7/22 00:06:08,22,Good
2/7/22 00:06:11,21,Good
2/7/22 00:06:31,22,Good
2/7/22 00:06:41,21,Good
2/7/22 00:06:46,22,Good
2/7/22 00:06:54,21,Good
2/7/22 00:07:01,22,Good
2/7/22 00:07:09,21,Good
2/7/22 00:07:11,22,Good
2/7/22 00:07:26,21,Good
2/7/22 00:07:39,22,Good
2/7/22 00:07:41,21,Good
2/7/22 00:07:46,22,Good
2/7/22 00:07:56,21,Good
2/7/22 00:08:09,22,Good
2/7/22 00:08:22,21,Good
2/7/22 00:08:31,22,Good
2/7/22 00:08:37,21,Good
2/7/22 00:09:01,22,Good
2/7/22 00:09:11,21,Good
2/7/22 00:09:17,22,Good
2/7/22 00:09:31,21,Good
2/7/22 00:09:54,22,Good
2/7/22 00:10:07,21,Good
2/7/22 00:10:17,22,Good
2/7/22 00:10:25,21,Good
2/7/22 00:10:37,22,Good
2/7/22 00:10:40,21,Good
2/7/22 00:10:52,22,Good
2/7/22 00:11:02,21,Good
2/7/22 00:11:25,22,Good
2/7/22 00:11:37,21,Good
2/7/22 00:11:40,22,Good
2/7/22 00:11:47,21,Good
2/7/22 00:11:52,22,Good
2/7/22 00:12:10,21,Good
2/7/22 00:12:18,22,Good
2/7/22 00:12:32,21,Good
2/7/22 00:12:53,22,Good
2/7/22 00:13:03,21,Good
2/7/22 00:13:08,22,Good
2/7/22 00:13:40,21,Good
2/7/22 00:13:48,22,Good
2/7/22 00:13:53,21,Good
2/7/22 00:13:56,22,Good
2/7/22 00:14:53,21,Good
2/7/22 00:14:56,22,Good
2/7/22 00:15:08,21,Good
2/7/22 00:15:11,22,Good
2/7/22 00:15:16,21,Good
2/7/22 00:15:23,22,Good
2/7/22 00:17:26,22,Good
2/7/22 00:17:31,-45,Good
2/7/22 00:17:36,-37,Good
2/7/22 00:17:42,-34,Good
2/7/22 00:17:46,-32,Good
2/7/22 00:17:51,-28,Good
2/7/22 00:17:57,-25,Good
2/7/22 00:18:02,-23,Good
2/7/22 00:18:07,-22,Good
2/7/22 00:18:12,-21,Good
2/7/22 00:18:17,-18,Good
2/7/22 00:18:22,-15,Good
2/7/22 00:18:24,-14,Good
2/7/22 00:18:32,-8,Good
2/7/22 00:18:37,-5,Good
2/7/22 00:18:39,-3,Good
2/7/22 00:18:47,0,Good
2/7/22 00:18:52,2,Good
2/7/22 00:18:54,3,Good
2/7/22 00:19:02,5,Good
2/7/22 00:19:07,6,Good
2/7/22 00:19:09,7,Good
2/7/22 00:19:17,8,Good
2/7/22 00:19:22,9,Good
2/7/22 00:19:32,10,Good
2/7/22 00:19:47,11,Good
2/7/22 00:20:02,12,Good
2/7/22 00:20:17,13,Good
2/7/22 00:20:25,14,Good
2/7/22 00:20:32,15,Good
2/7/22 00:20:47,16,Good
2/7/22 00:20:52,17,Good
2/7/22 00:21:17,18,Good
2/7/22 00:21:40,19,Good
2/7/22 00:22:18,20,Good
2/7/22 00:23:23,21,Good
2/7/22 00:26:41,22,Good
2/7/22 00:26:46,21,Good
2/7/22 00:26:56,22,Good
2/7/22 00:27:06,21,Good
2/7/22 00:27:12,22,Good
2/7/22 00:27:17,21,Good
2/7/22 00:27:32,22,Good
2/7/22 00:27:37,21,Good
2/7/22 00:27:57,22,Good
2/7/22 00:28:09,21,Good
2/7/22 00:28:32,22,Good
2/7/22 00:29:10,21,Good
2/7/22 00:29:22,22,Good
2/7/22 00:29:32,21,Good
2/7/22 00:29:40,22,Good
2/7/22 00:29:52,21,Good
2/7/22 00:30:02,22,Good
2/7/22 00:30:25,21,Good
2/7/22 00:30:48,22,Good
2/7/22 00:31:08,21,Good
2/7/22 00:31:10,22,Good
2/7/22 00:31:18,21,Good
2/7/22 00:31:23,22,Good
2/7/22 00:31:38,21,Good
2/7/22 00:31:53,22,Good
2/7/22 00:31:55,21,Good
2/7/22 00:32:10,22,Good
2/7/22 00:32:31,21,Good
2/7/22 00:32:38,22,Good
2/7/22 00:32:41,21,Good
2/7/22 00:32:53,22,Good
2/7/22 00:33:01,21,Good
2/7/22 00:33:08,22,Good
2/7/22 00:33:11,21,Good
2/7/22 00:33:23,22,Good
2/7/22 00:33:39,21,Good
2/7/22 00:33:54,22,Good
2/7/22 00:33:56,21,Good
2/7/22 00:34:09,22,Good
2/7/22 00:34:24,21,Good
2/7/22 00:34:46,22,Good
2/7/22 00:34:54,21,Good
2/7/22 00:34:56,22,Good
2/7/22 00:35:01,21,Good
2/7/22 00:35:09,22,Good
2/7/22 00:35:16,21,Good
2/7/22 00:35:41,22,Good
2/7/22 00:35:57,21,Good
2/7/22 00:36:02,22,Good
2/7/22 00:36:17,21,Good
2/7/22 00:36:32,22,Good
2/7/22 00:36:37,21,Good
2/7/22 00:36:57,22,Good
2/7/22 00:37:07,21,Good
2/7/22 00:37:22,22,Good
2/7/22 00:37:32,21,Good
2/7/22 00:37:47,22,Good
2/7/22 00:37:52,21,Good
2/7/22 00:38:32,22,Good
2/7/22 00:38:37,21,Good
2/7/22 00:38:55,22,Good
2/7/22 00:39:03,21,Good
2/7/22 00:40:30,22,Good
2/7/22 00:40:41,21,Good
2/7/22 00:42:08,22,Good
2/7/22 00:42:11,21,Good
2/7/22 00:42:16,22,Good
2/7/22 00:42:24,21,Good
2/7/22 00:42:56,22,Good
2/7/22 00:43:01,21,Good
2/7/22 00:43:16,22,Good
2/7/22 00:43:24,21,Good
2/7/22 00:43:41,22,Good
2/7/22 00:43:46,21,Good
2/7/22 00:43:56,22,Good
2/7/22 00:44:01,21,Good
2/7/22 00:44:24,22,Good
2/7/22 00:44:26,21,Good
2/7/22 00:44:51,22,Good
2/7/22 00:44:57,21,Good
2/7/22 00:45:32,22,Good
2/7/22 00:45:37,21,Good
2/7/22 00:45:47,22,Good
2/7/22 00:45:52,21,Good
2/7/22 00:47:02,22,Good
2/7/22 00:47:07,21,Good
2/7/22 00:47:40,22,Good
2/7/22 00:47:47,21,Good
2/7/22 00:49:08,22,Good
2/7/22 00:49:10,21,Good
2/7/22 00:50:08,22,Good
2/7/22 00:50:11,21,Good
2/7/22 00:50:23,22,Good
2/7/22 00:50:26,21,Good
2/7/22 00:50:53,22,Good
2/7/22 00:51:01,21,Good
2/7/22 00:51:53,22,Good
2/7/22 00:51:56,21,Good
2/7/22 00:53:01,22,Good
2/7/22 00:53:09,21,Good
2/7/22 00:53:57,22,Good
2/7/22 00:54:07,21,Good
2/7/22 00:55:22,22,Good
2/7/22 00:55:24,21,Good
2/7/22 00:55:47,22,Good
2/7/22 00:55:52,21,Good
2/7/22 00:56:18,22,Good
2/7/22 00:56:22,21,Good
2/7/22 00:56:40,22,Good
2/7/22 00:56:47,21,Good
2/7/22 00:59:08,22,Good
2/7/22 00:59:11,21,Good
2/7/22 00:59:31,22,Good
2/7/22 00:59:38,21,Good
2/7/22 00:59:41,22,Good
2/7/22 00:59:46,21,Good
2/7/22 01:00:23,22,Good
2/7/22 01:00:26,21,Good
2/7/22 01:01:09,22,Good
2/7/22 01:01:11,21,Good
2/7/22 01:01:26,22,Good
2/7/22 01:01:39,21,Good
2/7/22 01:05:10,22,Good
2/7/22 01:05:17,21,Good
2/7/22 01:05:22,22,Good
2/7/22 01:05:25,21,Good
2/7/22 01:05:37,22,Good
2/7/22 01:05:40,21,Good
2/7/22 01:06:38,22,Good
2/7/22 01:06:40,21,Good
2/7/22 01:08:26,22,Good
2/7/22 01:08:31,21,Good
2/7/22 01:14:02,22,Good
2/7/22 01:14:07,21,Good
2/7/22 01:16:10,22,Good
2/7/22 01:16:15,21,Good
2/7/22 01:21:42,22,Good
2/7/22 01:21:47,21,Good
2/7/22 01:22:47,22,Good
2/7/22 01:22:52,21,Good
2/7/22 01:22:55,22,Good
2/7/22 01:23:02,21,Good
2/7/22 01:23:25,22,Good
2/7/22 01:23:32,21,Good
2/7/22 01:24:48,22,Good
2/7/22 01:24:53,21,Good
2/7/22 01:25:25,22,Good
2/7/22 01:25:31,21,Good
2/7/22 01:31:37,22,Good
2/7/22 01:31:40,21,Good
2/7/22 01:32:17,22,Good
2/7/22 01:32:25,21,Good
2/7/22 01:33:02,22,Good
2/7/22 01:33:07,21,Good
2/7/22 01:33:53,22,Good
2/7/22 01:33:55,21,Good
2/7/22 01:35:00,22,Good
2/7/22 01:35:08,21,Good
2/7/22 01:35:41,22,Good
2/7/22 01:35:46,21,Good
2/7/22 01:36:08,22,Good
2/7/22 01:36:11,21,Good
2/7/22 01:36:38,22,Good
2/7/22 01:36:41,21,Good
2/7/22 01:36:46,22,Good
2/7/22 01:36:54,21,Good
2/7/22 01:36:56,22,Good
2/7/22 01:37:01,21,Good
2/7/22 01:38:02,22,Good
2/7/22 01:38:09,21,Good
2/7/22 01:40:52,22,Good
2/7/22 01:40:54,21,Good
2/7/22 01:41:22,22,Good
2/7/22 01:41:25,21,Good
2/7/22 01:42:53,22,Good
2/7/22 01:42:55,21,Good
2/7/22 01:45:01,22,Good
2/7/22 01:45:09,21,Good
2/7/22 01:45:23,22,Good
2/7/22 01:45:26,21,Good
2/7/22 01:45:39,22,Good
2/7/22 01:45:41,21,Good
2/7/22 01:45:46,22,Good
2/7/22 01:45:54,21,Good
2/7/22 01:46:39,22,Good
2/7/22 01:46:41,21,Good
2/7/22 01:47:09,22,Good
2/7/22 01:47:11,21,Good
2/7/22 01:48:47,22,Good
2/7/22 01:48:57,21,Good
2/7/22 01:49:32,22,Good
2/7/22 01:49:37,21,Good
2/7/22 01:49:47,22,Good
2/7/22 01:49:52,21,Good
2/7/22 01:51:38,22,Good
2/7/22 01:51:40,21,Good
2/7/22 01:52:33,22,Good
2/7/22 01:52:40,21,Good
2/7/22 01:52:45,22,Good
2/7/22 01:52:53,21,Good
2/7/22 01:54:08,22,Good
2/7/22 01:54:11,21,Good
2/7/22 01:55:11,22,Good
2/7/22 01:55:16,21,Good
2/7/22 01:56:16,22,Good
2/7/22 01:56:22,21,Good
2/7/22 01:56:37,22,Good
2/7/22 01:56:42,21,Good
2/7/22 01:56:46,22,Good
2/7/22 01:56:52,21,Good
2/7/22 01:57:57,22,Good
2/7/22 01:58:02,21,Good
2/7/22 01:58:32,22,Good
2/7/22 01:58:47,21,Good
2/7/22 01:59:40,22,Good
2/7/22 01:59:47,21,Good
2/7/22 01:59:53,22,Good
2/7/22 02:00:02,21,Good
2/7/22 02:00:33,22,Good
2/7/22 02:00:40,21,Good
2/7/22 02:01:23,22,Good
2/7/22 02:01:25,21,Good
2/7/22 02:01:38,22,Good
2/7/22 02:01:41,21,Good
2/7/22 02:01:55,22,Good
2/7/22 02:02:03,21,Good
2/7/22 02:03:01,22,Good
2/7/22 02:03:08,21,Good
2/7/22 02:03:46,22,Good
2/7/22 02:03:53,21,Good
2/7/22 02:04:11,22,Good
2/7/22 02:04:24,21,Good
2/7/22 02:04:26,22,Good
2/7/22 02:04:31,21,Good
2/7/22 02:04:41,22,Good
2/7/22 02:04:46,21,Good
2/7/22 02:04:54,22,Good
2/7/22 02:04:56,21,Good
2/7/22 02:05:01,22,Good
2/7/22 02:05:11,21,Good
2/7/22 02:05:16,22,Good
2/7/22 02:05:21,21,Good
2/7/22 02:05:41,22,Good
2/7/22 02:05:46,21,Good
2/7/22 02:05:56,22,Good
2/7/22 02:06:02,21,Good
2/7/22 02:07:17,22,Good
2/7/22 02:07:22,21,Good
2/7/22 02:07:32,22,Good
2/7/22 02:07:37,21,Good
2/7/22 02:07:55,22,Good
2/7/22 02:08:02,21,Good
2/7/22 02:08:25,22,Good
2/7/22 02:08:37,21,Good
2/7/22 02:09:22,22,Good
2/7/22 02:09:25,21,Good
2/7/22 02:09:38,22,Good
2/7/22 02:09:40,21,Good
2/7/22 02:09:55,22,Good
2/7/22 02:10:03,21,Good
2/7/22 02:10:33,22,Good
2/7/22 02:10:38,21,Good
2/7/22 02:12:11,22,Good
2/7/22 02:12:16,21,Good
2/7/22 02:12:31,22,Good
2/7/22 02:12:39,21,Good
2/7/22 02:13:01,22,Good
2/7/22 02:13:09,21,Good
2/7/22 02:13:11,22,Good
2/7/22 02:13:16,21,Good
2/7/22 02:13:46,22,Good
2/7/22 02:13:51,21,Good
2/7/22 02:13:56,22,Good
2/7/22 02:14:01,21,Good
2/7/22 02:14:26,22,Good
2/7/22 02:14:31,21,Good
2/7/22 02:14:36,22,Good
2/7/22 02:14:57,21,Good
2/7/22 02:17:17,22,Good
2/7/22 02:17:25,21,Good
2/7/22 02:22:01,22,Good
2/7/22 02:22:09,21,Good
2/7/22 02:23:41,22,Good
2/7/22 02:23:47,21,Good
2/7/22 02:28:18,22,Good
2/7/22 02:28:23,21,Good
2/7/22 02:29:01,22,Good
2/7/22 02:29:08,21,Good
2/7/22 02:29:38,22,Good
2/7/22 02:29:41,21,Good
2/7/22 02:29:53,22,Good
2/7/22 02:30:01,21,Good
2/7/22 02:30:41,22,Good
2/7/22 02:30:46,21,Good
2/7/22 02:31:08,22,Good
2/7/22 02:31:11,21,Good
2/7/22 02:33:07,22,Good
2/7/22 02:33:12,21,Good
2/7/22 02:35:52,22,Good
2/7/22 02:35:55,21,Good
2/7/22 02:36:03,22,Good
2/7/22 02:36:08,21,Good
2/7/22 02:36:23,22,Good
2/7/22 02:36:25,21,Good
2/7/22 02:38:08,22,Good
2/7/22 02:38:11,21,Good
2/7/22 02:39:08,22,Good
2/7/22 02:39:11,21,Good
2/7/22 02:41:01,22,Good
2/7/22 02:41:09,21,Good
2/7/22 02:41:12,22,Good
2/7/22 02:41:17,21,Good
2/7/22 02:41:24,22,Good
2/7/22 02:41:27,21,Good
2/7/22 02:43:55,22,Good
2/7/22 02:44:02,21,Good
2/7/22 02:51:42,22,Good
2/7/22 02:51:47,21,Good
2/7/22 02:52:10,22,Good
2/7/22 02:52:17,21,Good
2/7/22 02:52:52,22,Good
2/7/22 02:52:55,21,Good
2/7/22 02:53:03,22,Good
2/7/22 02:53:07,21,Good
2/7/22 02:53:10,22,Good
2/7/22 02:53:17,21,Good
2/7/22 02:53:22,22,Good
2/7/22 02:53:25,21,Good
2/7/22 02:53:53,22,Good
2/7/22 02:54:03,21,Good
2/7/22 02:54:33,22,Good
2/7/22 02:54:38,21,Good
2/7/22 02:55:23,22,Good
2/7/22 02:55:33,21,Good
2/7/22 02:55:38,22,Good
2/7/22 02:55:41,21,Good
2/7/22 02:55:56,22,Good
2/7/22 02:56:01,21,Good
2/7/22 02:56:11,22,Good
2/7/22 02:56:31,21,Good
2/7/22 02:56:41,22,Good
2/7/22 02:56:56,21,Good
2/7/22 02:57:08,22,Good
2/7/22 02:57:11,21,Good
2/7/22 02:57:31,22,Good
2/7/22 02:57:41,21,Good
2/7/22 02:57:54,22,Good
2/7/22 02:58:01,21,Good
2/7/22 03:00:57,22,Good
2/7/22 03:01:02,21,Good
2/7/22 03:02:10,22,Good
2/7/22 03:02:17,21,Good
2/7/22 03:04:10,22,Good
2/7/22 03:04:18,21,Good
2/7/22 03:05:26,22,Good
2/7/22 03:05:31,21,Good
2/7/22 03:06:09,22,Good
2/7/22 03:06:16,21,Good
2/7/22 03:06:26,22,Good
2/7/22 03:06:31,21,Good
2/7/22 03:10:25,22,Good
2/7/22 03:10:32,21,Good
2/7/22 03:11:17,22,Good
2/7/22 03:11:23,21,Good
2/7/22 03:11:52,22,Good
2/7/22 03:11:55,21,Good
2/7/22 03:12:33,22,Good
2/7/22 03:12:38,21,Good
2/7/22 03:12:55,22,Good
2/7/22 03:13:03,21,Good
2/7/22 03:13:10,22,Good
2/7/22 03:13:23,21,Good
2/7/22 03:14:38,22,Good
2/7/22 03:14:41,21,Good
2/7/22 03:21:55,22,Good
2/7/22 03:22:08,21,Good
2/7/22 03:22:40,22,Good
2/7/22 03:22:46,21,Good
2/7/22 03:28:17,22,Good
2/7/22 03:28:22,21,Good
2/7/22 03:28:55,22,Good
2/7/22 03:29:03,21,Good
2/7/22 03:30:38,22,Good
2/7/22 03:30:40,21,Good
2/7/22 03:31:18,22,Good
2/7/22 03:31:23,21,Good
2/7/22 03:34:11,22,Good
2/7/22 03:34:16,21,Good
2/7/22 04:13:07,20,Good
2/7/22 04:13:12,21,Good
2/7/22 04:21:37,20,Good
2/7/22 04:21:42,21,Good
2/7/22 04:21:47,22,Good
2/7/22 04:21:52,21,Good
2/7/22 04:23:23,20,Good
2/7/22 04:23:25,21,Good
2/7/22 04:25:56,20,Good
2/7/22 04:26:01,21,Good
2/7/22 04:27:24,20,Good
2/7/22 04:27:26,21,Good
2/7/22 04:27:39,20,Good
2/7/22 04:27:41,21,Good
2/7/22 04:29:17,20,Good
2/7/22 04:29:22,21,Good
2/7/22 04:30:02,20,Good
2/7/22 04:30:07,21,Good
2/7/22 04:30:22,20,Good
2/7/22 04:30:27,21,Good
2/7/22 04:31:32,20,Good
2/7/22 04:31:40,21,Good
2/7/22 04:32:03,20,Good
2/7/22 04:32:08,21,Good
2/7/22 04:32:33,20,Good
2/7/22 04:32:38,21,Good
2/7/22 04:33:23,20,Good
2/7/22 04:33:25,21,Good
2/7/22 04:33:33,20,Good
2/7/22 04:33:38,21,Good
2/7/22 04:34:26,20,Good
2/7/22 04:34:38,21,Good
2/7/22 04:35:01,20,Good
2/7/22 04:35:08,21,Good
2/7/22 04:35:24,20,Good
2/7/22 04:35:26,21,Good
2/7/22 04:35:46,20,Good
2/7/22 04:35:53,21,Good
2/7/22 04:36:11,20,Good
2/7/22 04:36:16,21,Good
2/7/22 04:36:41,20,Good
2/7/22 04:36:54,21,Good
2/7/22 04:36:56,20,Good
2/7/22 04:37:09,21,Good
2/7/22 04:37:27,20,Good
2/7/22 04:37:32,21,Good
2/7/22 04:37:39,20,Good
2/7/22 04:37:42,21,Good
2/7/22 04:37:54,20,Good
2/7/22 04:38:02,21,Good
2/7/22 04:38:24,20,Good
2/7/22 04:38:27,21,Good
2/7/22 04:38:47,20,Good
2/7/22 04:38:52,21,Good
2/7/22 04:39:07,20,Good
2/7/22 04:39:12,21,Good
2/7/22 04:40:17,20,Good
2/7/22 04:40:22,21,Good
2/7/22 04:40:53,20,Good
2/7/22 04:40:55,21,Good
2/7/22 04:41:18,20,Good
2/7/22 04:41:23,21,Good
2/7/22 04:41:25,20,Good
2/7/22 04:41:38,21,Good
2/7/22 04:42:23,20,Good
2/7/22 04:42:33,21,Good
2/7/22 04:43:11,20,Good
2/7/22 04:43:18,21,Good
2/7/22 04:43:46,20,Good
2/7/22 04:43:53,21,Good
2/7/22 04:44:31,20,Good
2/7/22 04:44:39,21,Good
2/7/22 04:44:56,20,Good
2/7/22 04:45:01,21,Good
2/7/22 04:45:39,20,Good
2/7/22 04:45:41,21,Good
2/7/22 04:45:54,20,Good
2/7/22 04:45:57,21,Good
2/7/22 04:46:01,20,Good
2/7/22 04:46:09,21,Good
2/7/22 04:46:17,20,Good
2/7/22 04:46:24,21,Good
2/7/22 04:46:42,20,Good
2/7/22 04:46:47,21,Good
2/7/22 04:47:12,20,Good
2/7/22 04:47:17,21,Good
2/7/22 04:47:42,20,Good
2/7/22 04:47:47,21,Good
2/7/22 04:48:02,20,Good
2/7/22 04:48:07,21,Good
2/7/22 04:48:22,20,Good
2/7/22 04:48:27,21,Good
2/7/22 04:49:22,20,Good
2/7/22 04:49:32,21,Good
2/7/22 04:49:40,20,Good
2/7/22 04:49:48,21,Good
2/7/22 04:50:18,20,Good
2/7/22 04:50:23,21,Good
2/7/22 04:50:38,20,Good
2/7/22 04:50:40,21,Good
2/7/22 04:51:03,20,Good
2/7/22 04:51:08,21,Good
2/7/22 04:51:48,20,Good
2/7/22 04:51:53,21,Good
2/7/22 04:52:03,20,Good
2/7/22 04:52:11,21,Good
2/7/22 04:52:38,20,Good
2/7/22 04:52:41,21,Good
2/7/22 04:53:31,20,Good
2/7/22 04:53:38,21,Good
2/7/22 04:53:41,20,Good
2/7/22 04:53:46,21,Good
2/7/22 04:54:57,20,Good
2/7/22 04:55:01,21,Good
2/7/22 04:55:09,20,Good
2/7/22 04:55:16,21,Good
2/7/22 04:55:24,20,Good
2/7/22 04:55:31,21,Good
2/7/22 04:55:42,20,Good
2/7/22 04:55:47,21,Good
2/7/22 04:56:17,20,Good
2/7/22 04:56:22,21,Good
2/7/22 04:57:17,20,Good
2/7/22 04:57:22,21,Good
2/7/22 04:57:52,20,Good
2/7/22 04:57:57,21,Good
2/7/22 04:58:02,20,Good
2/7/22 04:58:07,21,Good
2/7/22 04:59:33,20,Good
2/7/22 04:59:38,21,Good
2/7/22 04:59:55,20,Good
2/7/22 05:00:03,21,Good
2/7/22 05:03:46,20,Good
2/7/22 05:03:54,21,Good
2/7/22 05:03:56,20,Good
2/7/22 05:04:01,21,Good
2/7/22 05:04:32,20,Good
2/7/22 05:04:39,21,Good
2/7/22 05:04:57,20,Good
2/7/22 05:05:09,21,Good
2/7/22 05:06:27,20,Good
2/7/22 05:06:32,21,Good
2/7/22 05:08:18,20,Good
2/7/22 05:08:23,21,Good
2/7/22 05:08:33,20,Good
2/7/22 05:08:38,21,Good
2/7/22 05:10:38,20,Good
2/7/22 05:10:41,21,Good
2/7/22 05:14:02,20,Good
2/7/22 05:14:07,21,Good
2/7/22 05:17:40,20,Good
2/7/22 05:17:48,21,Good
2/7/22 05:20:26,20,Good
2/7/22 05:20:31,21,Good
2/7/22 05:22:24,20,Good
2/7/22 05:22:26,21,Good
2/7/22 05:23:42,20,Good
2/7/22 05:23:47,21,Good
2/7/22 05:25:32,20,Good
2/7/22 05:25:37,21,Good
2/7/22 05:26:03,20,Good
2/7/22 05:26:07,21,Good
2/7/22 05:28:08,20,Good
2/7/22 05:28:10,22,Good
2/7/22 05:28:18,21,Good
2/7/22 05:28:23,20,Good
2/7/22 05:28:26,21,Good
2/7/22 05:28:53,20,Good
2/7/22 05:28:56,21,Good
2/7/22 05:29:23,22,Good
2/7/22 05:29:26,21,Good
2/7/22 05:30:26,20,Good
2/7/22 05:30:31,21,Good
2/7/22 05:31:17,20,Good
2/7/22 05:31:24,21,Good
2/7/22 05:32:24,20,Good
2/7/22 05:32:27,21,Good
2/7/22 05:33:47,20,Good
2/7/22 05:33:52,21,Good
2/7/22 05:36:03,20,Good
2/7/22 05:36:08,21,Good
2/7/22 05:37:03,20,Good
2/7/22 05:37:08,21,Good
2/7/22 05:38:54,20,Good
2/7/22 05:38:56,21,Good
2/7/22 05:39:16,20,Good
2/7/22 05:39:24,21,Good
2/7/22 05:39:54,20,Good
2/7/22 05:39:56,21,Good
2/7/22 05:40:01,20,Good
2/7/22 05:40:09,21,Good
2/7/22 05:41:12,20,Good
2/7/22 05:41:17,21,Good
2/7/22 05:42:17,20,Good
2/7/22 05:42:32,21,Good
2/7/22 05:42:52,20,Good
2/7/22 05:42:57,21,Good
2/7/22 05:44:08,20,Good
2/7/22 05:44:10,21,Good
2/7/22 05:44:23,20,Good
2/7/22 05:44:25,21,Good
2/7/22 05:44:53,20,Good
2/7/22 05:44:55,21,Good
2/7/22 05:45:48,20,Good
2/7/22 05:45:53,21,Good
2/7/22 05:46:26,20,Good
2/7/22 05:46:33,21,Good
2/7/22 05:48:11,20,Good
2/7/22 05:48:16,21,Good
2/7/22 05:49:32,20,Good
2/7/22 05:49:42,21,Good
2/7/22 05:50:54,20,Good
2/7/22 05:50:57,21,Good
2/7/22 05:51:42,22,Good
2/7/22 05:51:47,21,Good
2/7/22 05:52:02,20,Good
2/7/22 05:52:10,21,Good
2/7/22 05:52:32,20,Good
2/7/22 05:52:37,21,Good
2/7/22 05:52:48,20,Good
2/7/22 05:52:53,21,Good
2/7/22 05:53:23,22,Good
2/7/22 05:53:25,20,Good
2/7/22 05:53:33,21,Good
2/7/22 05:53:38,20,Good
2/7/22 05:53:40,21,Good
2/7/22 05:55:18,20,Good
2/7/22 05:55:23,21,Good
2/7/22 05:55:41,20,Good
2/7/22 05:55:46,21,Good
2/7/22 05:55:53,20,Good
2/7/22 05:55:56,21,Good
2/7/22 05:59:52,20,Good
2/7/22 05:59:57,21,Good
2/7/22 06:03:08,20,Good
2/7/22 06:03:10,21,Good
2/7/22 06:04:23,20,Good
2/7/22 06:04:26,21,Good
2/7/22 06:06:11,20,Good
2/7/22 06:06:16,21,Good
2/7/22 06:06:31,20,Good
2/7/22 06:06:39,21,Good
2/7/22 06:06:56,20,Good
2/7/22 06:07:01,21,Good
2/7/22 06:07:09,20,Good
2/7/22 06:07:12,21,Good
2/7/22 06:08:02,20,Good
2/7/22 06:08:07,21,Good
2/7/22 06:08:12,20,Good
2/7/22 06:08:17,21,Good
2/7/22 06:08:37,20,Good
2/7/22 06:08:47,21,Good
2/7/22 06:09:32,20,Good
2/7/22 06:09:42,21,Good
2/7/22 06:09:57,20,Good
2/7/22 06:10:07,21,Good
2/7/22 06:10:17,20,Good
2/7/22 06:10:23,21,Good
2/7/22 06:11:18,20,Good
2/7/22 06:11:22,21,Good
2/7/22 06:12:33,20,Good
2/7/22 06:12:38,21,Good
2/7/22 06:13:08,20,Good
2/7/22 06:13:11,21,Good
2/7/22 06:15:09,20,Good
2/7/22 06:15:16,21,Good
2/7/22 06:15:24,20,Good
2/7/22 06:15:26,21,Good
2/7/22 06:15:46,20,Good
2/7/22 06:15:54,21,Good
2/7/22 06:17:32,20,Good
2/7/22 06:17:37,21,Good
2/7/22 06:19:55,20,Good
2/7/22 06:20:03,21,Good
2/7/22 06:20:33,20,Good
2/7/22 06:20:38,21,Good
2/7/22 06:21:11,22,Good
2/7/22 06:21:18,21,Good
2/7/22 06:21:38,22,Good
2/7/22 06:21:48,21,Good
2/7/22 06:22:08,22,Good
2/7/22 06:22:11,21,Good
2/7/22 06:22:18,22,Good
2/7/22 06:22:23,21,Good
2/7/22 06:22:41,22,Good
2/7/22 06:22:48,21,Good
2/7/22 06:22:53,22,Good
2/7/22 06:23:01,21,Good
2/7/22 06:23:11,22,Good
2/7/22 06:23:18,21,Good
2/7/22 06:23:33,22,Good
2/7/22 06:24:01,21,Good
2/7/22 06:24:11,22,Good
2/7/22 06:24:54,21,Good
2/7/22 06:24:57,22,Good
2/7/22 06:25:42,21,Good
2/7/22 06:25:47,22,Good
2/7/22 06:26:09,21,Good
2/7/22 06:26:12,22,Good
2/7/22 06:27:42,21,Good
2/7/22 06:27:47,22,Good
2/7/22 06:28:02,21,Good
2/7/22 06:28:10,22,Good
2/7/22 06:28:17,21,Good
2/7/22 06:28:25,22,Good
2/7/22 06:28:32,21,Good
2/7/22 06:28:37,22,Good
2/7/22 06:28:47,21,Good
2/7/22 06:29:55,22,Good
2/7/22 06:30:03,21,Good
2/7/22 06:30:08,22,Good
2/7/22 06:30:18,21,Good
2/7/22 06:31:38,22,Good
2/7/22 06:31:41,21,Good
2/7/22 06:33:26,22,Good
2/7/22 06:33:31,21,Good
2/7/22 06:40:48,22,Good
2/7/22 06:40:53,21,Good
2/7/22 06:41:11,22,Good
2/7/22 06:41:16,21,Good
2/7/22 06:41:31,22,Good
2/7/22 06:41:39,21,Good
2/7/22 06:41:46,22,Good
2/7/22 06:41:56,21,Good
2/7/22 06:42:11,22,Good
2/7/22 06:42:24,21,Good
2/7/22 06:42:26,22,Good
2/7/22 06:43:42,21,Good
2/7/22 06:43:47,22,Good
2/7/22 06:43:54,21,Good
2/7/22 06:43:57,22,Good
2/7/22 06:45:17,21,Good
2/7/22 06:45:22,22,Good
2/7/22 06:45:37,21,Good
2/7/22 06:45:42,22,Good
2/7/22 06:45:57,21,Good
2/7/22 06:46:02,22,Good
2/7/22 06:47:48,21,Good
2/7/22 06:47:53,22,Good
2/7/22 06:47:55,21,Good
2/7/22 06:48:03,22,Good
2/7/22 06:48:56,21,Good
2/7/22 06:49:08,22,Good
2/7/22 06:50:03,21,Good
2/7/22 06:50:09,22,Good
2/7/22 06:50:16,21,Good
2/7/22 06:50:24,22,Good
2/7/22 06:50:54,21,Good
2/7/22 06:50:56,22,Good
2/7/22 06:58:38,21,Good
2/7/22 06:58:41,22,Good
2/7/22 07:02:12,21,Good
2/7/22 07:02:17,22,Good
2/7/22 07:02:42,21,Good
2/7/22 07:02:47,22,Good
2/7/22 07:04:07,21,Good
2/7/22 07:04:12,22,Good
2/7/22 07:44:54,21,Good
2/7/22 07:44:56,22,Good
2/7/22 07:56:24,21,Good
2/7/22 07:56:27,22,Good
2/7/22 07:56:32,21,Good
2/7/22 07:56:39,22,Good
2/7/22 07:57:02,21,Good
2/7/22 07:57:09,22,Good
2/7/22 07:57:12,21,Good
2/7/22 07:57:22,22,Good
2/7/22 07:57:32,21,Good
2/7/22 07:57:37,22,Good
2/7/22 07:57:47,21,Good
2/7/22 07:58:02,22,Good
2/7/22 07:58:07,21,Good
2/7/22 07:58:12,22,Good
2/7/22 07:58:18,21,Good
2/7/22 07:58:37,22,Good
2/7/22 07:58:40,21,Good
2/7/22 07:58:57,22,Good
2/7/22 07:59:03,21,Good
2/7/22 07:59:08,22,Good
2/7/22 07:59:10,21,Good
2/7/22 08:08:08,22,Good
2/7/22 08:08:10,21,Good
2/7/22 08:08:25,22,Good
2/7/22 08:08:33,21,Good
2/7/22 08:08:40,22,Good
2/7/22 08:08:55,21,Good
2/7/22 08:09:08,22,Good
2/7/22 08:09:11,21,Good
2/7/22 08:09:18,22,Good
2/7/22 08:09:48,21,Good
2/7/22 08:09:53,22,Good
2/7/22 08:10:38,21,Good
2/7/22 08:10:41,22,Good
2/7/22 08:10:46,21,Good
2/7/22 08:10:54,22,Good
2/7/22 09:10:55,22,Good
2/7/22 09:30:21,23,Good
2/7/22 09:30:26,22,Good
2/7/22 09:50:19,23,Good
2/7/22 09:50:26,22,Good
2/7/22 09:50:46,23,Good
2/7/22 09:50:52,22,Good
2/7/22 09:50:57,23,Good
2/7/22 09:51:01,22,Good
2/7/22 09:51:11,23,Good
2/7/22 09:51:17,22,Good
2/7/22 09:51:27,23,Good
2/7/22 09:51:32,22,Good
2/7/22 09:52:17,23,Good
2/7/22 09:52:27,22,Good
2/7/22 09:52:49,23,Good
2/7/22 09:52:57,22,Good
2/7/22 09:53:05,23,Good
2/7/22 09:53:32,22,Good
2/7/22 09:53:42,23,Good
2/7/22 09:54:20,22,Good
2/7/22 09:54:28,23,Good
2/7/22 09:55:13,22,Good
2/7/22 09:55:20,23,Good
2/7/22 09:55:28,22,Good
2/7/22 09:58:11,21,Good
2/7/22 10:00:32,20,Good
2/7/22 10:06:49,19,Good
2/7/22 10:07:34,20,Good
2/7/22 10:07:36,19,Good
2/7/22 10:07:41,20,Good
2/7/22 10:08:31,19,Good
2/7/22 10:26:19,18,Good
2/7/22 10:26:21,19,Good
2/7/22 10:26:26,18,Good
2/7/22 10:44:42,17,Good
2/7/22 10:57:58,18,Good
2/7/22 10:58:03,17,Good
2/7/22 10:58:05,18,Good
2/7/22 10:58:13,17,Good
2/7/22 10:58:25,18,Good
2/7/22 10:58:48,17,Good
2/7/22 10:58:56,18,Good
2/7/22 10:59:05,17,Good
2/7/22 11:25:28,18,Good
2/7/22 11:25:33,17,Good
2/7/22 11:25:40,18,Good
2/7/22 11:25:48,17,Good
2/7/22 11:40:37,18,Good
2/7/22 12:27:35,19,Good
2/7/22 12:27:43,18,Good
2/7/22 12:27:58,19,Good
2/7/22 12:28:18,18,Good
2/7/22 12:28:20,19,Good
2/7/22 12:28:48,18,Good
2/7/22 12:28:51,19,Good
2/7/22 12:28:56,18,Good
2/7/22 12:29:03,19,Good
2/7/22 12:29:06,18,Good
2/7/22 12:29:21,19,Good
2/7/22 13:04:35,20,Good
2/7/22 13:05:11,19,Good
2/7/22 13:05:18,20,Good
2/7/22 13:05:21,19,Good
2/7/22 13:05:26,20,Good
2/7/22 13:21:33,21,Good
2/7/22 13:21:35,20,Good
2/7/22 13:21:48,21,Good
2/7/22 13:21:50,20,Good
2/7/22 13:21:58,21,Good
2/7/22 13:22:06,20,Good
2/7/22 13:22:13,21,Good
2/7/22 13:22:51,20,Good
2/7/22 13:22:56,21,Good
2/7/22 13:23:03,20,Good
2/7/22 13:23:06,21,Good
2/7/22 13:23:11,20,Good
2/7/22 13:37:12,21,Good
2/7/22 13:37:17,20,Good
2/7/22 13:37:32,21,Good
2/7/22 13:37:42,20,Good
2/7/22 13:37:50,21,Good
2/7/22 13:42:21,20,Good
2/7/22 13:56:12,21,Good
2/7/22 13:56:17,20,Good
2/7/22 13:56:35,21,Good
2/7/22 13:56:43,20,Good
2/7/22 13:56:47,21,Good
2/7/22 13:56:50,20,Good
2/7/22 13:56:58,21,Good
2/7/22 14:20:22,22,Good
2/7/22 14:20:27,21,Good
2/7/22 14:20:37,22,Good
2/7/22 14:20:42,21,Good
2/7/22 14:20:47,22,Good
2/7/22 14:20:57,21,Good
2/7/22 14:21:02,22,Good
2/7/22 14:39:52,23,Good
2/7/22 14:39:57,22,Good
2/7/22 14:40:27,23,Good
2/7/22 14:40:32,22,Good
2/7/22 14:50:20,23,Good
2/7/22 14:50:28,22,Good
2/7/22 14:50:35,23,Good
2/7/22 14:50:43,22,Good
2/7/22 14:50:50,23,Good
2/7/22 14:50:58,22,Good
2/7/22 14:51:03,23,Good
2/7/22 14:51:35,22,Good
2/7/22 14:51:43,23,Good
2/7/22 15:07:12,24,Good
2/7/22 15:07:17,23,Good
2/7/22 15:08:13,24,Good
2/7/22 15:08:18,23,Good
2/7/22 15:08:35,24,Good
2/7/22 15:08:50,23,Good
2/7/22 15:08:58,24,Good
2/7/22 15:09:20,23,Good
2/7/22 15:09:28,24,Good
2/7/22 15:09:33,23,Good
2/7/22 15:09:35,24,Good
2/7/22 15:10:36,23,Good
2/7/22 15:10:43,24,Good
2/7/22 15:16:27,23,Good
2/7/22 15:16:32,24,Good
2/7/22 15:16:42,23,Good
2/7/22 15:16:48,24,Good
2/7/22 15:17:05,23,Good
2/7/22 15:17:13,24,Good
2/7/22 15:17:18,23,Good
2/7/22 15:17:35,24,Good
2/7/22 15:17:48,23,Good
2/7/22 15:24:42,24,Good
2/7/22 15:24:57,23,Good
2/7/22 15:25:17,24,Good
2/7/22 15:25:20,23,Good
2/7/22 15:25:27,24,Good
2/7/22 15:25:35,23,Good
2/7/22 15:25:47,24,Good
2/7/22 15:26:13,23,Good
2/7/22 15:26:18,24,Good
2/7/22 15:41:22,25,Good
2/7/22 15:41:27,24,Good
2/7/22 15:41:57,25,Good
2/7/22 15:42:02,24,Good
2/7/22 15:42:07,25,Good
2/7/22 15:42:12,24,Good
2/7/22 15:42:22,25,Good
2/7/22 15:42:52,24,Good
2/7/22 15:42:57,25,Good
2/7/22 15:56:49,24,Good
2/7/22 16:02:12,23,Good
2/7/22 16:12:43,22,Good
2/7/22 16:12:48,23,Good
2/7/22 16:13:33,22,Good
2/7/22 16:14:21,21,Good
2/7/22 16:14:51,20,Good
2/7/22 16:15:04,19,Good
2/7/22 16:15:26,18,Good
2/7/22 16:15:42,17,Good
2/7/22 16:15:56,16,Good
2/7/22 16:16:19,15,Good
2/7/22 16:16:34,14,Good
2/7/22 16:16:52,13,Good
2/7/22 16:17:12,12,Good
2/7/22 16:17:42,11,Good
2/7/22 16:18:17,10,Good
2/7/22 16:18:52,9,Good
2/7/22 16:19:32,8,Good
2/7/22 16:19:37,9,Good
2/7/22 16:19:43,8,Good
2/7/22 16:20:13,7,Good
2/7/22 16:20:28,8,Good
2/7/22 16:20:35,7,Good
2/7/22 16:21:28,6,Good
2/7/22 16:21:58,5,Good
2/7/22 16:22:21,4,Good
2/7/22 16:22:48,3,Good
2/7/22 16:23:18,2,Good
2/7/22 16:23:49,1,Good
2/7/22 16:24:26,0,Good
2/7/22 16:25:04,-1,Good
2/7/22 16:25:42,-2,Good
2/7/22 16:26:19,-3,Good
2/7/22 16:26:57,-4,Good
2/7/22 16:27:37,-5,Good
2/7/22 16:28:18,-6,Good
2/7/22 16:29:05,-7,Good
2/7/22 16:30:18,-8,Good
2/7/22 16:32:06,-9,Good
2/7/22 16:34:27,-10,Good
2/7/22 16:37:48,-11,Good
2/7/22 16:37:52,-10,Good
2/7/22 16:37:58,-11,Good
2/7/22 16:42:34,-12,Good
2/7/22 16:52:19,-13,Good
2/7/22 16:52:22,-12,Good
2/7/22 16:52:27,-13,Good
2/7/22 17:07:43,-14,Good
2/7/22 17:09:04,-15,Good
2/7/22 17:09:57,-16,Good
2/7/22 17:10:42,-17,Good
2/7/22 17:11:27,-18,Good
2/7/22 17:12:12,-19,Good
2/7/22 17:13:02,-20,Good
2/7/22 17:13:58,-21,Good
2/7/22 17:14:58,-22,Good
2/7/22 17:16:03,-23,Good
2/7/22 17:17:29,-24,Good
2/7/22 17:19:12,-25,Good
2/7/22 17:21:22,-26,Good
2/7/22 17:23:58,-27,Good
2/7/22 17:26:11,-28,Good
2/7/22 17:28:27,-29,Good
2/7/22 17:32:18,-30,Good
2/7/22 17:36:06,-31,Good
2/7/22 17:40:23,-32,Good
2/7/22 17:40:28,-31,Good
2/7/22 17:40:33,-32,Good
2/7/22 17:45:26,-33,Good
2/7/22 17:50:02,-34,Good
2/7/22 17:55:04,-35,Good
2/7/22 18:00:43,-36,Good
2/7/22 18:05:57,-37,Good
2/7/22 18:11:34,-38,Good
2/7/22 18:16:58,-39,Good
2/7/22 18:17:13,-38,Good
2/7/22 18:17:33,-39,Good
2/7/22 18:24:22,-40,Good
2/7/22 18:30:34,-41,Good
2/7/22 18:30:57,-40,Good
2/7/22 18:31:01,-41,Good
2/7/22 18:38:11,-42,Good
2/7/22 18:38:21,-41,Good
2/7/22 18:38:31,-42,Good
2/7/22 18:38:36,-41,Good
2/7/22 18:38:51,-42,Good
2/7/22 18:44:13,-43,Good
2/7/22 18:50:27,-44,Good
2/7/22 18:50:42,-43,Good
2/7/22 18:51:22,-44,Good
2/7/22 18:51:27,-43,Good
2/7/22 18:51:30,-44,Good
2/7/22 18:58:27,-45,Good
2/7/22 18:58:29,-44,Good
2/7/22 18:58:37,-45,Good
2/7/22 18:58:52,-44,Good
2/7/22 18:58:57,-45,Good
2/7/22 19:05:41,-46,Good
2/7/22 19:05:46,-45,Good
2/7/22 19:05:56,-46,Good
2/7/22 19:06:07,-45,Good
2/7/22 19:06:42,-46,Good
2/7/22 19:12:01,-47,Good
2/7/22 19:12:43,-46,Good
2/7/22 19:12:46,-47,Good
2/7/22 19:13:21,-46,Good
2/7/22 19:13:26,-47,Good
2/7/22 19:20:58,-48,Good
2/7/22 19:28:45,-49,Good
2/7/22 19:38:20,-50,Good
2/7/22 19:45:53,-51,Good
2/7/22 19:46:13,-50,Good
2/7/22 19:46:53,-51,Good
2/7/22 19:47:01,-50,Good
2/7/22 19:47:13,-51,Good
2/7/22 19:56:23,-52,Good
2/7/22 20:02:22,-53,Good
2/7/22 20:05:51,-51,Good
2/7/22 20:05:58,-48,Good
2/7/22 20:06:00,-47,Good
2/7/22 20:06:06,-45,Good
2/7/22 20:06:13,-42,Good
2/7/22 20:06:16,-41,Good
2/7/22 20:06:21,-39,Good
2/7/22 20:06:28,-37,Good
2/7/22 20:06:31,-36,Good
2/7/22 20:06:36,-34,Good
2/7/22 20:06:43,-32,Good
2/7/22 20:06:46,-31,Good
2/7/22 20:06:51,-29,Good
2/7/22 20:06:58,-27,Good
2/7/22 20:07:01,-26,Good
2/7/22 20:07:06,-25,Good
2/7/22 20:07:14,-23,Good
2/7/22 20:07:16,-22,Good
2/7/22 20:07:21,-21,Good
2/7/22 20:07:29,-19,Good
2/7/22 20:07:31,-18,Good
2/7/22 20:07:36,-17,Good
2/7/22 20:07:43,-16,Good
2/7/22 20:07:46,-15,Good
2/7/22 20:07:51,-14,Good
2/7/22 20:07:59,-13,Good
2/7/22 20:08:01,-12,Good
2/7/22 20:08:06,-11,Good
2/7/22 20:08:11,-10,Good
2/7/22 20:08:21,-9,Good
2/7/22 20:08:26,-8,Good
2/7/22 20:08:31,-7,Good
2/7/22 20:08:41,-6,Good
2/7/22 20:08:47,-5,Good
2/7/22 20:08:57,-4,Good
2/7/22 20:09:07,-3,Good
2/7/22 20:09:12,-2,Good
2/7/22 20:09:27,-1,Good
2/7/22 20:09:42,0,Good
2/7/22 20:09:52,1,Good
2/7/22 20:10:07,2,Good
2/7/22 20:10:22,3,Good
2/7/22 20:10:42,4,Good
2/7/22 20:10:57,5,Good
2/7/22 20:11:30,6,Good
2/7/22 20:12:07,7,Good
2/7/22 20:12:53,8,Good
2/7/22 20:14:58,9,Good
2/7/22 20:18:22,10,Good
2/7/22 20:18:27,9,Good
2/7/22 20:18:32,10,Good
2/7/22 20:27:27,11,Good
2/7/22 20:27:42,10,Good
2/7/22 20:27:52,11,Good
2/7/22 20:31:12,12,Good
2/7/22 20:40:08,13,Good
2/7/22 20:40:13,12,Good
2/7/22 20:40:35,13,Good
2/7/22 20:41:05,12,Good
2/7/22 20:41:21,13,Good
2/7/22 20:41:31,12,Good
2/7/22 20:41:35,13,Good
2/7/22 20:41:43,12,Good
2/7/22 20:41:46,13,Good
2/7/22 20:41:51,12,Good
2/7/22 20:47:37,13,Good
2/7/22 20:48:12,12,Good
2/7/22 20:48:15,13,Good
2/7/22 20:52:06,12,Good
2/7/22 20:52:13,13,Good
2/7/22 20:52:51,12,Good
2/7/22 20:52:59,13,Good
2/7/22 21:00:06,14,Good
2/7/22 21:00:43,13,Good
2/7/22 21:06:53,14,Good
2/7/22 21:06:58,13,Good
2/7/22 21:07:15,14,Good
2/7/22 21:07:30,13,Good
2/7/22 21:07:38,14,Good
2/7/22 21:07:45,13,Good
2/7/22 21:07:53,14,Good
2/7/22 21:08:00,13,Good
2/7/22 21:08:06,14,Good
2/7/22 21:08:21,13,Good
2/7/22 21:08:43,14,Good
2/7/22 21:08:45,13,Good
2/7/22 21:10:13,14,Good
2/7/22 21:10:16,13,Good
2/7/22 21:10:21,14,Good
2/7/22 21:10:44,13,Good
2/7/22 21:10:51,14,Good
2/7/22 21:11:06,13,Good
2/7/22 21:17:51,14,Good
2/7/22 21:18:06,13,Good
2/7/22 21:19:06,14,Good
2/7/22 21:19:11,13,Good
2/7/22 21:24:53,14,Good
2/7/22 21:25:23,13,Good
2/7/22 21:30:12,14,Good
2/7/22 21:30:17,13,Good
2/7/22 21:30:22,14,Good
2/7/22 21:30:27,13,Good
2/7/22 21:30:52,14,Good
2/7/22 21:31:07,13,Good
2/7/22 21:31:37,14,Good
2/7/22 21:31:42,13,Good
2/7/22 21:35:31,14,Good
2/7/22 21:35:36,13,Good
2/7/22 21:35:51,14,Good
2/7/22 21:36:06,13,Good
2/7/22 21:36:16,14,Good
2/7/22 21:36:21,13,Good
2/7/22 21:36:28,14,Good
2/7/22 21:36:43,13,Good
2/7/22 21:36:59,14,Good
2/7/22 21:37:01,13,Good
2/7/22 21:40:22,14,Good
2/7/22 21:41:27,13,Good
2/7/22 21:41:37,14,Good
2/7/22 21:42:28,13,Good
2/7/22 21:43:30,14,Good
2/7/22 21:43:35,13,Good
2/7/22 21:43:45,14,Good
2/7/22 21:43:58,13,Good
2/7/22 21:45:21,14,Good
2/7/22 21:45:28,13,Good
2/7/22 21:52:58,14,Good
2/7/22 21:54:01,13,Good
2/7/22 21:54:06,14,Good
2/7/22 21:54:21,13,Good
2/7/22 21:54:29,14,Good
2/7/22 21:54:43,13,Good
2/7/22 21:54:46,14,Good
2/7/22 21:54:51,13,Good
2/7/22 21:55:21,14,Good
2/7/22 21:55:29,13,Good
2/7/22 21:55:44,14,Good
2/7/22 21:55:51,13,Good
2/7/22 21:55:56,14,Good
2/7/22 21:56:47,13,Good
2/7/22 21:56:56,14,Good
2/7/22 21:57:01,13,Good
2/7/22 22:03:59,14,Good
2/7/22 22:04:01,13,Good
2/7/22 22:04:31,14,Good
2/7/22 22:04:36,13,Good
2/7/22 22:04:59,14,Good
2/7/22 22:06:32,13,Good
2/7/22 22:06:42,14,Good
2/7/22 22:06:47,13,Good
2/7/22 22:06:52,14,Good
2/7/22 22:07:27,13,Good
2/7/22 22:08:27,14,Good
2/7/22 22:08:37,13,Good
2/7/22 22:10:15,14,Good
2/7/22 22:11:53,13,Good
2/7/22 22:12:16,14,Good
2/7/22 22:12:21,13,Good
2/7/22 22:12:36,14,Good
2/7/22 22:12:51,13,Good
2/7/22 22:19:08,14,Good
2/7/22 22:19:12,13,Good
2/7/22 22:38:16,14,Good
2/7/22 22:38:23,13,Good
2/7/22 22:38:51,14,Good
2/7/22 22:51:01,15,Good
2/7/22 22:51:07,14,Good
2/7/22 22:55:23,13,Good
2/7/22 22:55:28,14,Good
2/7/22 22:55:38,13,Good
2/7/22 22:55:43,14,Good
2/7/22 22:55:58,13,Good
2/7/22 22:56:00,14,Good
2/7/22 22:56:06,13,Good
2/7/22 22:56:13,14,Good
2/7/22 22:56:31,13,Good
2/7/22 22:56:36,14,Good
2/7/22 22:57:01,13,Good
2/7/22 22:57:06,14,Good
2/7/22 22:57:29,13,Good
2/7/22 22:57:31,14,Good
2/7/22 22:57:44,13,Good
2/7/22 22:57:46,14,Good
2/7/22 22:59:02,13,Good
2/7/22 22:59:06,14,Good
2/7/22 22:59:29,13,Good
2/7/22 22:59:41,14,Good
2/7/22 23:00:32,13,Good
2/7/22 23:00:42,14,Good
2/7/22 23:00:57,13,Good
2/7/22 23:01:02,14,Good
2/7/22 23:01:07,13,Good
2/7/22 23:01:27,14,Good
2/7/22 23:01:37,13,Good
2/7/22 23:01:57,14,Good
2/7/22 23:02:07,13,Good
2/7/22 23:02:22,14,Good
2/7/22 23:02:45,13,Good
2/7/22 23:02:53,14,Good
2/7/22 23:03:15,13,Good
2/7/22 23:03:28,14,Good
2/7/22 23:04:16,13,Good
2/7/22 23:04:23,14,Good
2/7/22 23:04:31,13,Good
2/7/22 23:04:36,14,Good
2/7/22 23:04:53,13,Good
2/7/22 23:05:01,14,Good
2/7/22 23:05:16,13,Good
2/7/22 23:05:21,14,Good
2/7/22 23:05:31,13,Good
2/7/22 23:05:36,14,Good
2/7/22 23:05:51,13,Good
2/7/22 23:05:58,14,Good
2/7/22 23:06:21,13,Good
2/7/22 23:06:31,14,Good
2/7/22 23:06:36,13,Good
2/7/22 23:06:44,14,Good
2/7/22 23:06:46,13,Good
2/7/22 23:07:01,14,Good
2/7/22 23:07:16,13,Good
2/7/22 23:07:21,14,Good
2/7/22 23:07:29,13,Good
2/7/22 23:08:52,14,Good
2/7/22 23:08:57,13,Good
2/7/22 23:09:07,14,Good
2/7/22 23:10:12,13,Good
2/7/22 23:10:22,14,Good
2/7/22 23:10:42,13,Good
2/7/22 23:10:45,14,Good
2/7/22 23:11:12,13,Good
2/7/22 23:11:15,14,Good
2/7/22 23:11:43,13,Good
2/7/22 23:12:13,14,Good
2/7/22 23:12:38,13,Good
2/7/22 23:12:43,14,Good
2/7/22 23:12:58,13,Good
2/7/22 23:13:23,14,Good
2/7/22 23:13:28,13,Good
2/7/22 23:13:53,14,Good
2/7/22 23:13:58,13,Good
2/7/22 23:16:16,14,Good
2/7/22 23:16:29,13,Good
2/7/22 23:16:46,14,Good
2/7/22 23:16:51,13,Good
2/7/22 23:17:12,14,Good
2/7/22 23:17:17,13,Good
2/7/22 23:36:07,12,Good
2/7/22 23:36:12,13,Good
2/7/22 23:38:45,12,Good
2/7/22 23:38:53,13,Good
2/7/22 23:40:23,12,Good
2/7/22 23:40:28,13,Good
2/7/22 23:40:31,12,Good
2/7/22 23:40:38,13,Good
2/7/22 23:40:43,12,Good
2/7/22 23:41:28,13,Good
2/7/22 23:42:21,12,Good
2/7/22 23:42:29,13,Good
2/7/22 23:42:51,12,Good
2/7/22 23:45:12,13,Good
2/7/22 23:45:27,12,Good
2/7/22 23:46:30,13,Good
2/7/22 23:46:37,12,Good
2/7/22 23:50:58,13,Good
2/7/22 23:51:01,12,Good
2/7/22 23:54:42,11,Good
2/7/22 23:54:52,12,Good
2/8/22 00:14:43,11,Good
2/8/22 00:14:53,12,Good
2/8/22 00:15:08,11,Good
2/8/22 00:16:15,12,Good
2/8/22 00:18:13,11,Good
2/8/22 00:18:29,12,Good
2/8/22 00:18:44,11,Good
2/8/22 00:19:06,12,Good
2/8/22 00:19:16,11,Good
2/8/22 00:19:21,12,Good
2/8/22 00:20:14,11,Good
2/8/22 00:20:27,12,Good
2/8/22 00:21:17,11,Good
2/8/22 00:21:27,12,Good
2/8/22 00:21:37,11,Good
2/8/22 00:21:52,12,Good
2/8/22 00:23:42,11,Good
2/8/22 00:23:45,12,Good
2/8/22 00:24:23,11,Good
2/8/22 00:24:38,12,Good
2/8/22 00:24:45,11,Good
2/8/22 00:25:01,12,Good
2/8/22 00:25:13,11,Good
2/8/22 00:25:38,12,Good
2/8/22 00:25:43,11,Good
2/8/22 00:26:01,12,Good
2/8/22 00:26:06,11,Good
2/8/22 00:26:13,12,Good
2/8/22 00:26:28,11,Good
2/8/22 00:51:28,10,Good
2/8/22 00:51:30,11,Good
2/8/22 00:52:46,10,Good
2/8/22 00:53:13,11,Good
2/8/22 00:53:23,10,Good
2/8/22 00:53:28,11,Good
2/8/22 00:53:51,10,Good
2/8/22 00:54:14,11,Good
2/8/22 00:54:21,10,Good
2/8/22 00:55:14,11,Good
2/8/22 00:56:17,10,Good
2/8/22 00:56:32,11,Good
2/8/22 00:56:47,10,Good
2/8/22 00:57:12,11,Good
2/8/22 00:58:27,10,Good
2/8/22 00:58:37,11,Good
2/8/22 00:59:28,10,Good
2/8/22 00:59:30,11,Good
2/8/22 00:59:45,10,Good
2/8/22 00:59:58,11,Good
2/8/22 01:00:13,10,Good
2/8/22 01:00:23,11,Good
2/8/22 01:00:31,10,Good
2/8/22 01:01:08,11,Good
2/8/22 01:01:23,10,Good
2/8/22 01:04:29,11,Good
2/8/22 01:04:36,10,Good
2/8/22 01:04:44,11,Good
2/8/22 01:04:47,10,Good
2/8/22 01:05:01,11,Good
2/8/22 01:05:46,10,Good
2/8/22 01:05:59,11,Good
2/8/22 01:06:12,10,Good
2/8/22 01:07:42,11,Good
2/8/22 01:08:07,10,Good
2/8/22 01:14:37,11,Good
2/8/22 01:15:02,10,Good
2/8/22 01:18:53,11,Good
2/8/22 01:18:58,10,Good
2/8/22 01:19:00,11,Good
2/8/22 01:19:08,10,Good
2/8/22 01:19:23,11,Good
2/8/22 01:19:28,10,Good
2/8/22 01:19:58,11,Good
2/8/22 01:20:06,10,Good
2/8/22 01:20:21,11,Good
2/8/22 01:20:36,10,Good
2/8/22 01:20:46,11,Good
2/8/22 01:28:31,12,Good
2/8/22 01:28:38,11,Good
2/8/22 01:31:17,12,Good
2/8/22 01:31:29,11,Good
2/8/22 01:31:52,12,Good
2/8/22 01:31:59,11,Good
2/8/22 01:32:12,12,Good
2/8/22 01:32:31,11,Good
2/8/22 01:32:42,12,Good
2/8/22 01:33:32,11,Good
2/8/22 01:33:37,12,Good
2/8/22 01:34:27,11,Good
2/8/22 01:34:37,12,Good
2/8/22 01:34:52,11,Good
2/8/22 01:35:07,12,Good
2/8/22 01:35:13,11,Good
2/8/22 01:35:15,12,Good
2/8/22 01:35:23,11,Good
2/8/22 01:36:23,12,Good
2/8/22 01:36:28,11,Good
2/8/22 01:36:31,12,Good
2/8/22 01:37:00,11,Good
2/8/22 01:37:08,10,Good
2/8/22 01:37:13,11,Good
2/8/22 01:37:28,10,Good
2/8/22 01:37:31,11,Good
2/8/22 01:37:38,10,Good
2/8/22 01:37:43,11,Good
2/8/22 01:38:21,10,Good
2/8/22 01:38:28,11,Good
2/8/22 01:38:31,10,Good
2/8/22 01:38:38,11,Good
2/8/22 01:38:44,10,Good
2/8/22 01:38:46,11,Good
2/8/22 01:40:36,12,Good
2/8/22 01:40:46,11,Good
2/8/22 01:45:08,10,Good
2/8/22 01:45:23,11,Good
2/8/22 01:52:42,12,Good
2/8/22 01:52:45,11,Good
2/8/22 01:53:08,12,Good
2/8/22 01:53:13,11,Good
2/8/22 01:53:15,12,Good
2/8/22 01:53:22,11,Good
2/8/22 01:58:22,10,Good
2/8/22 02:01:07,11,Good
2/8/22 02:01:12,10,Good
2/8/22 02:01:23,11,Good
2/8/22 02:04:38,10,Good
2/8/22 02:04:43,11,Good
2/8/22 02:06:31,10,Good
2/8/22 02:06:44,11,Good
2/8/22 02:06:59,10,Good
2/8/22 02:09:17,11,Good
2/8/22 02:09:37,10,Good
2/8/22 02:09:52,11,Good
2/8/22 02:09:57,10,Good
2/8/22 02:11:17,11,Good
2/8/22 02:11:30,10,Good
2/8/22 02:11:43,11,Good
2/8/22 02:12:00,10,Good
2/8/22 02:12:23,11,Good
2/8/22 02:12:30,10,Good
2/8/22 02:12:38,11,Good
2/8/22 02:13:28,10,Good
2/8/22 02:13:43,11,Good
2/8/22 02:16:29,12,Good
2/8/22 02:18:47,11,Good
2/8/22 02:19:07,12,Good
2/8/22 02:19:15,11,Good
2/8/22 02:21:08,12,Good
2/8/22 02:21:13,11,Good
2/8/22 02:21:43,12,Good
2/8/22 02:21:53,11,Good
2/8/22 02:21:58,12,Good
2/8/22 02:22:08,11,Good
2/8/22 02:22:16,12,Good
2/8/22 02:22:28,11,Good
2/8/22 02:22:31,12,Good
2/8/22 02:28:27,11,Good
2/8/22 02:28:38,12,Good
2/8/22 02:28:58,11,Good
2/8/22 02:29:00,12,Good
2/8/22 02:39:46,11,Good
2/8/22 02:39:53,12,Good
2/8/22 02:40:01,11,Good
2/8/22 02:40:16,12,Good
2/8/22 02:40:31,11,Good
2/8/22 02:43:32,12,Good
2/8/22 02:43:37,11,Good
2/8/22 02:43:44,12,Good
2/8/22 02:43:52,11,Good
2/8/22 02:44:17,12,Good
2/8/22 02:44:27,11,Good
2/8/22 02:44:32,12,Good
2/8/22 02:44:37,11,Good
2/8/22 02:44:42,12,Good
2/8/22 02:45:32,11,Good
2/8/22 02:45:37,12,Good
2/8/22 02:50:31,11,Good
2/8/22 02:50:58,12,Good
2/8/22 02:51:06,11,Good
2/8/22 02:51:14,12,Good
2/8/22 02:51:16,11,Good
2/8/22 02:51:21,12,Good
2/8/22 02:57:28,11,Good
2/8/22 02:57:43,12,Good
2/8/22 03:01:32,11,Good
2/8/22 03:01:36,12,Good
2/8/22 03:02:07,11,Good
2/8/22 03:06:13,12,Good
2/8/22 03:06:15,11,Good
2/8/22 03:06:31,12,Good
2/8/22 03:06:43,11,Good
2/8/22 03:06:46,12,Good
2/8/22 03:07:16,11,Good
2/8/22 03:07:23,12,Good
2/8/22 03:08:13,11,Good
2/8/22 03:08:23,12,Good
2/8/22 03:08:43,11,Good
2/8/22 03:08:59,12,Good
2/8/22 03:09:06,11,Good
2/8/22 03:10:57,12,Good
2/8/22 03:13:38,11,Good
2/8/22 03:15:30,12,Good
2/8/22 03:15:43,11,Good
2/8/22 03:16:08,12,Good
2/8/22 03:16:16,11,Good
2/8/22 03:16:31,12,Good
2/8/22 03:16:53,11,Good
2/8/22 03:18:21,12,Good
2/8/22 03:18:29,11,Good
2/8/22 03:19:14,12,Good
2/8/22 03:19:31,11,Good
2/8/22 03:19:44,12,Good
2/8/22 03:20:02,11,Good
2/8/22 03:20:07,12,Good
2/8/22 03:20:29,11,Good
2/8/22 03:20:59,12,Good
2/8/22 03:21:12,11,Good
2/8/22 03:21:22,12,Good
2/8/22 03:21:32,11,Good
2/8/22 03:23:58,12,Good
2/8/22 03:24:13,11,Good
2/8/22 03:24:58,12,Good
2/8/22 03:25:23,11,Good
2/8/22 03:31:43,12,Good
2/8/22 03:31:45,11,Good
2/8/22 03:35:29,12,Good
2/8/22 03:35:46,11,Good
2/8/22 03:35:59,12,Good
2/8/22 03:36:21,11,Good
2/8/22 03:36:29,12,Good
2/8/22 03:36:44,11,Good
2/8/22 03:43:54,12,Good
2/8/22 03:44:14,11,Good
2/8/22 03:51:58,10,Good
2/8/22 03:52:01,11,Good
2/8/22 03:52:16,10,Good
2/8/22 03:52:43,11,Good
2/8/22 03:52:46,10,Good
2/8/22 03:56:42,11,Good
2/8/22 03:56:47,10,Good
2/8/22 03:59:46,11,Good
2/8/22 04:00:08,10,Good
2/8/22 04:00:13,11,Good
2/8/22 04:00:16,10,Good
2/8/22 04:00:23,11,Good
2/8/22 04:03:06,12,Good
2/8/22 04:03:31,11,Good
2/8/22 04:03:36,12,Good
2/8/22 04:03:51,11,Good
2/8/22 04:04:37,12,Good
2/8/22 04:05:37,11,Good
2/8/22 04:05:47,12,Good
2/8/22 04:06:02,11,Good
2/8/22 04:06:22,12,Good
2/8/22 04:06:37,11,Good
2/8/22 04:06:47,12,Good
2/8/22 04:07:07,11,Good
2/8/22 04:07:15,12,Good
2/8/22 04:09:13,13,Good
2/8/22 04:09:23,12,Good
2/8/22 04:09:38,13,Good
2/8/22 04:10:28,12,Good
2/8/22 04:10:38,13,Good
2/8/22 04:10:59,12,Good
2/8/22 04:11:23,13,Good
2/8/22 04:12:16,12,Good
2/8/22 04:12:21,13,Good
2/8/22 04:12:44,12,Good
2/8/22 04:12:47,13,Good
2/8/22 04:14:22,12,Good
2/8/22 04:14:32,13,Good
2/8/22 04:14:57,12,Good
2/8/22 04:15:07,13,Good
2/8/22 04:16:30,12,Good
2/8/22 04:16:42,13,Good
2/8/22 04:17:08,12,Good
2/8/22 04:17:23,13,Good
2/8/22 04:17:45,12,Good
2/8/22 04:17:53,13,Good
2/8/22 04:18:08,12,Good
2/8/22 04:18:38,13,Good
2/8/22 04:18:43,12,Good
2/8/22 04:19:01,13,Good
2/8/22 04:19:13,12,Good
2/8/22 04:26:15,13,Good
2/8/22 04:26:23,12,Good
2/8/22 04:26:30,13,Good
2/8/22 04:26:38,12,Good
2/8/22 04:26:43,13,Good
2/8/22 04:27:38,12,Good
2/8/22 04:27:53,13,Good
2/8/22 04:28:44,12,Good
2/8/22 04:30:52,13,Good
2/8/22 04:30:59,12,Good
2/8/22 04:34:23,13,Good
2/8/22 04:34:28,12,Good
2/8/22 04:34:53,13,Good
2/8/22 04:35:38,12,Good
2/8/22 04:38:14,13,Good
2/8/22 04:38:29,12,Good
2/8/22 04:38:54,13,Good
2/8/22 04:38:59,12,Good
2/8/22 04:40:29,13,Good
2/8/22 04:40:44,12,Good
2/8/22 04:41:02,13,Good
2/8/22 04:42:27,12,Good
2/8/22 04:42:58,13,Good
2/8/22 04:43:02,12,Good
2/8/22 04:43:25,13,Good
2/8/22 04:43:38,12,Good
2/8/22 04:46:13,13,Good
2/8/22 04:46:16,12,Good
2/8/22 04:48:14,11,Good
2/8/22 04:48:22,12,Good
2/8/22 04:48:52,11,Good
2/8/22 04:49:02,12,Good
2/8/22 04:49:17,11,Good
2/8/22 04:49:22,12,Good
2/8/22 04:49:29,11,Good
2/8/22 04:49:47,12,Good
2/8/22 04:50:07,11,Good
2/8/22 04:50:17,12,Good
2/8/22 04:54:01,11,Good
2/8/22 04:54:08,12,Good
2/8/22 04:54:43,11,Good
2/8/22 04:54:46,12,Good
2/8/22 04:54:53,11,Good
2/8/22 04:54:58,12,Good
2/8/22 04:55:11,13,Good
2/8/22 04:55:24,12,Good
2/8/22 04:55:31,13,Good
2/8/22 04:55:38,12,Good
2/8/22 04:55:56,11,Good
2/8/22 04:56:01,12,Good
2/8/22 04:56:11,13,Good
2/8/22 04:56:16,12,Good
2/8/22 05:05:31,13,Good
2/8/22 05:05:41,12,Good
2/8/22 05:06:06,13,Good
2/8/22 05:06:24,12,Good
2/8/22 05:06:42,13,Good
2/8/22 05:06:52,12,Good
2/8/22 05:18:02,11,Good
2/8/22 05:18:07,12,Good
2/8/22 05:18:10,11,Good
2/8/22 05:18:17,12,Good
2/8/22 05:18:22,11,Good
2/8/22 05:18:33,12,Good
2/8/22 05:18:37,11,Good
2/8/22 05:18:40,12,Good
2/8/22 05:18:47,11,Good
2/8/22 05:19:40,12,Good
2/8/22 05:19:53,11,Good
2/8/22 05:20:08,12,Good
2/8/22 05:20:38,11,Good
2/8/22 05:21:08,12,Good
2/8/22 05:21:11,11,Good
2/8/22 05:23:41,10,Good
2/8/22 05:23:51,11,Good
2/8/22 05:27:32,10,Good
2/8/22 05:27:37,11,Good
2/8/22 05:28:23,12,Good
2/8/22 05:28:38,11,Good
2/8/22 05:28:41,12,Good
2/8/22 05:28:53,11,Good
2/8/22 05:29:00,12,Good
2/8/22 05:29:23,11,Good
2/8/22 05:29:30,12,Good
2/8/22 05:29:56,11,Good
2/8/22 05:30:08,12,Good
2/8/22 05:31:39,11,Good
2/8/22 05:31:41,12,Good
2/8/22 05:32:09,11,Good
2/8/22 05:32:26,12,Good
2/8/22 05:32:36,11,Good
2/8/22 05:32:54,12,Good
2/8/22 05:33:11,11,Good
2/8/22 05:33:32,12,Good
2/8/22 05:33:47,11,Good
2/8/22 05:33:52,12,Good
2/8/22 05:36:25,11,Good
2/8/22 05:36:38,12,Good
2/8/22 05:36:40,11,Good
2/8/22 05:36:48,12,Good
2/8/22 05:36:53,11,Good
2/8/22 05:37:23,12,Good
2/8/22 05:37:38,11,Good
2/8/22 05:37:40,12,Good
2/8/22 05:38:38,11,Good
2/8/22 05:38:53,12,Good
2/8/22 05:39:16,11,Good
2/8/22 05:39:23,12,Good
2/8/22 05:40:26,11,Good
2/8/22 05:40:31,12,Good
2/8/22 05:42:02,11,Good
2/8/22 05:42:52,12,Good
2/8/22 05:43:17,11,Good
2/8/22 05:43:22,12,Good
2/8/22 05:43:24,11,Good
2/8/22 05:43:32,12,Good
2/8/22 05:43:47,11,Good
2/8/22 05:44:09,12,Good
2/8/22 05:44:22,11,Good
2/8/22 05:44:40,12,Good
2/8/22 05:45:02,11,Good
2/8/22 05:45:10,12,Good
2/8/22 05:45:33,11,Good
2/8/22 05:46:00,12,Good
2/8/22 05:46:40,11,Good
2/8/22 05:46:53,12,Good
2/8/22 05:50:11,11,Good
2/8/22 05:50:16,12,Good
2/8/22 05:50:24,11,Good
2/8/22 05:50:31,12,Good
2/8/22 05:50:36,11,Good
2/8/22 05:51:16,12,Good
2/8/22 05:51:22,11,Good
2/8/22 05:57:38,10,Good
2/8/22 05:57:53,11,Good
2/8/22 05:58:16,10,Good
2/8/22 05:58:24,11,Good
2/8/22 05:58:46,10,Good
2/8/22 05:58:54,11,Good
2/8/22 05:59:21,10,Good
2/8/22 05:59:42,11,Good
2/8/22 05:59:54,10,Good
2/8/22 06:00:12,11,Good
2/8/22 06:00:32,10,Good
2/8/22 06:00:37,11,Good
2/8/22 06:00:46,12,Good
2/8/22 06:00:52,11,Good
2/8/22 06:01:02,12,Good
2/8/22 06:01:07,11,Good
2/8/22 06:01:09,10,Good
2/8/22 06:01:17,11,Good
2/8/22 06:01:37,10,Good
2/8/22 06:01:39,11,Good
2/8/22 06:03:55,10,Good
2/8/22 06:04:02,11,Good
2/8/22 06:12:53,12,Good
2/8/22 06:13:03,11,Good
2/8/22 06:13:08,12,Good
2/8/22 06:13:30,11,Good
2/8/22 06:14:00,12,Good
2/8/22 06:14:08,11,Good
2/8/22 06:15:31,12,Good
2/8/22 06:16:23,11,Good
2/8/22 06:23:08,10,Good
2/8/22 06:23:10,11,Good
2/8/22 06:23:15,10,Good
2/8/22 06:23:30,11,Good
2/8/22 06:23:38,10,Good
2/8/22 06:24:01,11,Good
2/8/22 06:24:08,10,Good
2/8/22 06:25:31,11,Good
2/8/22 06:25:39,10,Good
2/8/22 06:25:41,11,Good
2/8/22 06:26:09,10,Good
2/8/22 06:26:31,11,Good
2/8/22 06:26:36,10,Good
2/8/22 06:31:25,11,Good
2/8/22 06:31:33,10,Good
2/8/22 06:32:00,11,Good
2/8/22 06:32:16,10,Good
2/8/22 06:33:11,11,Good
2/8/22 06:33:16,10,Good
2/8/22 06:34:56,11,Good
2/8/22 06:35:09,10,Good
2/8/22 06:35:11,11,Good
2/8/22 06:41:08,12,Good
2/8/22 06:45:57,13,Good
2/8/22 06:46:09,12,Good
2/8/22 06:46:32,13,Good
2/8/22 06:46:47,12,Good
2/8/22 06:50:23,13,Good
2/8/22 06:50:41,12,Good
2/8/22 06:50:46,13,Good
2/8/22 06:50:53,12,Good
2/8/22 06:51:01,13,Good
2/8/22 06:51:08,12,Good
2/8/22 06:51:46,13,Good
2/8/22 06:54:07,12,Good
2/8/22 06:54:12,13,Good
2/8/22 06:54:22,12,Good
2/8/22 06:54:42,13,Good
2/8/22 06:54:54,12,Good
2/8/22 06:56:02,11,Good
2/8/22 06:56:07,12,Good
2/8/22 06:57:40,11,Good
2/8/22 07:00:38,12,Good
2/8/22 07:00:46,11,Good
2/8/22 07:02:27,12,Good
2/8/22 07:02:39,11,Good
2/8/22 07:02:57,12,Good
2/8/22 07:03:07,11,Good
2/8/22 07:08:08,12,Good
2/8/22 07:08:15,11,Good
2/8/22 07:08:26,12,Good
2/8/22 07:28:09,11,Good
2/8/22 07:28:24,12,Good
2/8/22 07:28:39,11,Good
2/8/22 07:28:47,12,Good
2/8/22 07:29:26,11,Good
2/8/22 07:29:32,12,Good
2/8/22 07:30:01,11,Good
2/8/22 07:30:06,12,Good
2/8/22 07:30:17,11,Good
2/8/22 07:30:27,12,Good
2/8/22 07:30:42,11,Good
2/8/22 07:31:02,12,Good
2/8/22 07:31:07,11,Good
2/8/22 07:36:16,12,Good
2/8/22 07:36:23,11,Good
2/8/22 07:42:55,10,Good
2/8/22 07:43:03,11,Good
2/8/22 07:43:23,12,Good
2/8/22 07:43:33,11,Good
2/8/22 07:43:53,12,Good
2/8/22 07:44:38,11,Good
2/8/22 07:45:01,12,Good
2/8/22 07:45:08,11,Good
2/8/22 07:45:31,12,Good
2/8/22 07:47:01,11,Good
2/8/22 07:47:09,12,Good
2/8/22 07:48:12,11,Good
2/8/22 07:48:32,12,Good
2/8/22 07:48:42,11,Good
2/8/22 07:49:02,12,Good
2/8/22 07:54:41,11,Good
2/8/22 07:55:26,12,Good
2/8/22 07:56:21,11,Good
2/8/22 07:56:26,12,Good
2/8/22 07:56:57,11,Good
2/8/22 07:57:07,12,Good
2/8/22 07:57:32,11,Good
2/8/22 07:57:47,12,Good
2/8/22 07:58:09,11,Good
2/8/22 07:58:22,12,Good
2/8/22 07:58:37,11,Good
2/8/22 08:00:18,12,Good
2/8/22 08:00:38,11,Good
2/8/22 08:01:41,12,Good
2/8/22 08:01:48,11,Good
2/8/22 08:02:00,12,Good
2/8/22 08:02:23,11,Good
2/8/22 08:02:56,12,Good
2/8/22 08:03:01,11,Good
2/8/22 08:04:41,12,Good
2/8/22 08:04:46,11,Good
2/8/22 08:05:24,10,Good
2/8/22 08:05:26,11,Good
2/8/22 08:05:57,10,Good
2/8/22 08:06:07,11,Good
2/8/22 08:06:22,12,Good
2/8/22 08:06:27,11,Good
2/8/22 08:08:52,10,Good
2/8/22 08:09:10,11,Good
2/8/22 08:09:38,10,Good
2/8/22 08:09:48,11,Good
2/8/22 08:10:10,10,Good
2/8/22 08:11:23,11,Good
2/8/22 08:11:53,10,Good
2/8/22 08:12:11,11,Good
2/8/22 08:12:16,10,Good
2/8/22 08:12:26,11,Good
2/8/22 08:12:46,10,Good
2/8/22 08:13:41,11,Good
2/8/22 08:14:37,10,Good
2/8/22 08:14:42,11,Good
2/8/22 08:14:47,10,Good
2/8/22 08:14:57,11,Good
2/8/22 08:15:07,10,Good
2/8/22 08:16:37,11,Good
2/8/22 08:16:48,10,Good
2/8/22 08:16:55,11,Good
2/8/22 08:17:02,10,Good
2/8/22 08:17:22,11,Good
2/8/22 08:17:25,10,Good
2/8/22 08:17:32,11,Good
2/8/22 08:17:37,10,Good
2/8/22 08:17:52,11,Good
2/8/22 08:17:55,10,Good
2/8/22 08:18:03,11,Good
2/8/22 08:18:10,10,Good
2/8/22 08:18:17,11,Good
2/8/22 08:28:03,12,Good
2/8/22 08:28:10,11,Good
2/8/22 08:28:17,12,Good
2/8/22 08:28:25,11,Good
2/8/22 08:35:25,10,Good
2/8/22 08:35:32,11,Good
2/8/22 08:35:48,10,Good
2/8/22 08:35:52,11,Good
2/8/22 08:36:40,10,Good
2/8/22 08:37:23,11,Good
2/8/22 08:39:16,10,Good
2/8/22 08:39:23,11,Good
2/8/22 08:39:53,10,Good
2/8/22 08:40:09,11,Good
2/8/22 08:40:24,10,Good
2/8/22 08:40:39,11,Good
2/8/22 08:40:46,10,Good
2/8/22 08:41:07,11,Good
2/8/22 08:42:02,10,Good
2/8/22 08:42:11,11,Good
2/8/22 08:42:32,10,Good
2/8/22 08:42:42,11,Good
2/8/22 08:43:07,10,Good
2/8/22 08:43:09,11,Good
2/8/22 08:43:17,10,Good
2/8/22 08:43:24,11,Good
2/8/22 08:44:25,10,Good
2/8/22 08:44:37,11,Good
2/8/22 08:49:39,10,Good
2/8/22 08:50:01,11,Good
2/8/22 08:50:09,10,Good
2/8/22 08:50:24,11,Good
2/8/22 08:51:27,10,Good
2/8/22 08:51:39,11,Good
2/8/22 08:51:47,10,Good
2/8/22 08:52:47,11,Good
2/8/22 08:52:52,10,Good
2/8/22 08:55:53,11,Good
2/8/22 08:56:08,10,Good
2/8/22 08:56:31,11,Good
2/8/22 08:56:38,10,Good
2/8/22 08:56:56,11,Good
2/8/22 08:57:08,10,Good
2/8/22 08:57:41,11,Good
2/8/22 08:57:46,10,Good
2/8/22 08:57:56,9,Good
2/8/22 08:58:09,10,Good
2/8/22 09:02:32,11,Good
2/8/22 09:03:03,10,Good
2/8/22 09:04:08,11,Good
2/8/22 09:04:10,10,Good
2/8/22 09:04:31,11,Good
2/8/22 09:05:26,10,Good
2/8/22 09:10:27,11,Good
2/8/22 09:10:32,10,Good
2/8/22 09:11:02,11,Good
2/8/22 09:11:10,10,Good
2/8/22 09:11:37,11,Good
2/8/22 09:11:47,10,Good
2/8/22 09:12:10,11,Good
2/8/22 09:12:18,10,Good
2/8/22 09:12:33,11,Good
2/8/22 09:12:48,10,Good
2/8/22 09:13:03,11,Good
2/8/22 09:13:16,10,Good
2/8/22 09:14:46,11,Good
2/8/22 09:14:56,10,Good
2/8/22 09:15:46,9,Good
2/8/22 09:16:09,10,Good
2/8/22 09:16:17,9,Good
2/8/22 09:16:39,10,Good
2/8/22 09:16:54,9,Good
2/8/22 09:17:42,10,Good
2/8/22 09:18:02,9,Good
2/8/22 09:18:17,10,Good
2/8/22 09:18:32,9,Good
2/8/22 09:18:57,10,Good
2/8/22 09:19:07,9,Good
2/8/22 09:19:17,10,Good
2/8/22 09:25:54,11,Good
2/8/22 09:26:02,10,Good
2/8/22 09:26:27,11,Good
2/8/22 09:26:39,10,Good
2/8/22 09:28:07,11,Good
2/8/22 09:28:17,10,Good
2/8/22 09:29:22,11,Good
2/8/22 09:29:25,10,Good
2/8/22 09:29:32,11,Good
2/8/22 09:32:53,12,Good
2/8/22 09:32:56,11,Good
2/8/22 09:33:11,10,Good
2/8/22 09:33:23,11,Good
2/8/22 09:37:10,12,Good
2/8/22 09:37:17,11,Good
2/8/22 09:37:22,12,Good
2/8/22 09:37:37,11,Good
2/8/22 09:38:07,12,Good
2/8/22 09:38:17,11,Good
2/8/22 09:38:48,12,Good
2/8/22 09:43:09,11,Good
2/8/22 09:43:11,12,Good
2/8/22 09:51:09,11,Good
2/8/22 09:51:11,12,Good
2/8/22 09:51:23,11,Good
2/8/22 09:55:07,12,Good
2/8/22 09:55:10,11,Good
2/8/22 09:55:17,12,Good
2/8/22 09:55:25,11,Good
2/8/22 09:55:32,12,Good
2/8/22 09:55:52,11,Good
2/8/22 09:56:02,12,Good
2/8/22 09:56:32,11,Good
2/8/22 09:56:37,12,Good
2/8/22 09:57:08,11,Good
2/8/22 09:57:10,12,Good
2/8/22 09:58:18,11,Good
2/8/22 09:58:23,12,Good
2/8/22 09:58:53,11,Good
2/8/22 09:59:11,12,Good
2/8/22 09:59:16,11,Good
2/8/22 09:59:31,12,Good
2/8/22 09:59:38,11,Good
2/8/22 09:59:46,12,Good
2/8/22 10:00:23,11,Good
2/8/22 10:00:26,12,Good
2/8/22 10:00:31,11,Good
2/8/22 10:02:01,12,Good
2/8/22 10:02:24,11,Good
2/8/22 10:02:27,12,Good
2/8/22 10:02:32,11,Good
2/8/22 10:02:37,12,Good
2/8/22 10:02:56,11,Good
2/8/22 10:03:17,12,Good
2/8/22 10:03:27,11,Good
2/8/22 10:03:47,12,Good
2/8/22 10:07:08,11,Good
2/8/22 10:07:18,12,Good
2/8/22 10:08:23,11,Good
2/8/22 10:08:46,12,Good
2/8/22 10:08:53,11,Good
2/8/22 10:09:16,12,Good
2/8/22 10:09:24,11,Good
2/8/22 10:09:26,12,Good
2/8/22 10:09:31,11,Good
2/8/22 10:09:46,10,Good
2/8/22 10:09:54,11,Good
2/8/22 10:10:16,10,Good
2/8/22 10:11:47,11,Good
2/8/22 10:11:54,10,Good
2/8/22 10:13:22,11,Good
2/8/22 10:13:52,10,Good
2/8/22 10:16:23,11,Good
2/8/22 10:16:33,10,Good
2/8/22 10:16:53,11,Good
2/8/22 10:17:08,10,Good
2/8/22 10:17:23,11,Good
2/8/22 10:17:41,10,Good
2/8/22 10:17:46,11,Good
2/8/22 10:18:46,12,Good
2/8/22 10:18:56,11,Good
2/8/22 10:19:09,12,Good
2/8/22 10:19:31,11,Good
2/8/22 10:19:41,12,Good
2/8/22 10:20:02,11,Good
2/8/22 10:20:24,12,Good
2/8/22 10:20:32,11,Good
2/8/22 10:26:23,12,Good
2/8/22 10:26:26,11,Good
2/8/22 10:26:31,12,Good
2/8/22 10:27:41,11,Good
2/8/22 10:33:25,10,Good
2/8/22 10:33:33,11,Good
2/8/22 10:33:38,10,Good
2/8/22 10:33:48,11,Good
2/8/22 10:33:55,10,Good
2/8/22 10:34:41,11,Good
2/8/22 10:34:48,10,Good
2/8/22 10:39:27,11,Good
2/8/22 10:39:32,10,Good
2/8/22 10:47:01,11,Good
2/8/22 10:47:09,10,Good
2/8/22 10:47:37,11,Good
2/8/22 10:47:42,10,Good
2/8/22 10:49:17,11,Good
2/8/22 10:49:22,10,Good
2/8/22 10:49:40,11,Good
2/8/22 10:49:47,10,Good
2/8/22 10:49:52,11,Good
2/8/22 10:50:07,10,Good
2/8/22 10:50:10,11,Good
2/8/22 10:50:17,10,Good
2/8/22 10:50:23,11,Good
2/8/22 10:50:25,10,Good
2/8/22 10:50:32,11,Good
2/8/22 10:55:46,10,Good
2/8/22 10:55:56,11,Good
2/8/22 10:56:24,10,Good
2/8/22 10:56:32,11,Good
2/8/22 10:56:57,10,Good
2/8/22 10:57:07,11,Good
2/8/22 10:57:37,10,Good
2/8/22 10:57:42,11,Good
2/8/22 10:57:47,10,Good
2/8/22 10:57:52,11,Good
2/8/22 10:58:07,10,Good
2/8/22 10:58:25,11,Good
2/8/22 10:58:40,10,Good
2/8/22 10:59:07,11,Good
2/8/22 10:59:10,10,Good
2/8/22 10:59:38,11,Good
2/8/22 11:03:24,10,Good
2/8/22 11:06:12,11,Good
2/8/22 11:06:17,10,Good
2/8/22 11:09:48,9,Good
2/8/22 11:09:53,10,Good
2/8/22 11:11:23,9,Good
2/8/22 11:11:31,10,Good
2/8/22 11:12:01,9,Good
2/8/22 11:12:39,10,Good
2/8/22 11:24:42,9,Good
2/8/22 11:24:57,10,Good
2/8/22 11:25:07,9,Good
2/8/22 11:25:27,10,Good
2/8/22 11:33:07,9,Good
2/8/22 11:33:22,10,Good
2/8/22 11:33:27,9,Good
2/8/22 11:34:25,10,Good
2/8/22 11:34:37,9,Good
2/8/22 11:35:38,10,Good
2/8/22 11:35:48,9,Good
2/8/22 11:36:08,10,Good
2/8/22 11:36:23,9,Good
2/8/22 11:36:48,10,Good
2/8/22 11:36:53,9,Good
2/8/22 11:37:03,10,Good
2/8/22 11:37:08,9,Good
2/8/22 11:37:18,10,Good
2/8/22 11:37:38,9,Good
2/8/22 11:37:56,10,Good
2/8/22 11:38:08,9,Good
2/8/22 11:38:31,10,Good
2/8/22 11:38:39,9,Good
2/8/22 11:38:41,10,Good
2/8/22 11:39:46,9,Good
2/8/22 11:39:54,10,Good
2/8/22 11:40:27,9,Good
2/8/22 11:40:32,10,Good
2/8/22 11:41:02,9,Good
2/8/22 11:41:12,10,Good
2/8/22 11:41:39,9,Good
2/8/22 11:41:54,10,Good
2/8/22 11:42:07,9,Good
2/8/22 11:42:27,10,Good
2/8/22 11:43:55,9,Good
2/8/22 11:44:03,10,Good
2/8/22 11:45:38,9,Good
2/8/22 11:45:40,10,Good
2/8/22 11:46:18,9,Good
2/8/22 11:46:23,10,Good
2/8/22 11:48:39,9,Good
2/8/22 11:48:42,10,Good
2/8/22 11:49:01,9,Good
2/8/22 11:49:09,10,Good
2/8/22 11:50:09,9,Good
2/8/22 11:50:12,10,Good
2/8/22 11:50:39,9,Good
2/8/22 11:50:42,10,Good
2/8/22 11:51:07,9,Good
2/8/22 11:51:12,10,Good
2/8/22 11:51:37,9,Good
2/8/22 11:51:42,10,Good
2/8/22 11:52:55,11,Good
2/8/22 11:53:03,10,Good
2/8/22 11:53:25,11,Good
2/8/22 11:53:48,10,Good
2/8/22 11:54:53,11,Good
2/8/22 11:55:03,10,Good
2/8/22 12:02:03,11,Good
2/8/22 12:02:07,10,Good
2/8/22 12:02:55,11,Good
2/8/22 12:03:03,10,Good
2/8/22 12:03:18,11,Good
2/8/22 12:03:23,10,Good
2/8/22 12:05:01,11,Good
2/8/22 12:05:26,10,Good
2/8/22 12:05:31,11,Good
2/8/22 12:06:16,10,Good
2/8/22 12:06:24,11,Good
2/8/22 12:07:42,10,Good
2/8/22 12:07:47,11,Good
2/8/22 12:07:57,10,Good
2/8/22 12:08:09,11,Good
2/8/22 12:08:17,10,Good
2/8/22 12:08:24,11,Good
2/8/22 12:08:27,10,Good
2/8/22 12:08:32,11,Good
2/8/22 12:08:47,10,Good
2/8/22 12:09:09,11,Good
2/8/22 12:09:27,10,Good
2/8/22 12:09:32,11,Good
2/8/22 12:10:02,10,Good
2/8/22 12:10:07,11,Good
2/8/22 12:10:53,12,Good
2/8/22 12:10:55,11,Good
2/8/22 12:11:23,12,Good
2/8/22 12:11:25,11,Good
2/8/22 12:23:33,10,Good
2/8/22 12:23:41,11,Good
2/8/22 12:26:57,10,Good
2/8/22 12:27:07,9,Good
2/8/22 12:27:12,8,Good
2/8/22 12:27:17,7,Good
2/8/22 12:27:22,6,Good
2/8/22 12:27:27,5,Good
2/8/22 12:27:32,4,Good
2/8/22 12:27:37,3,Good
2/8/22 12:27:42,2,Good
2/8/22 12:27:52,1,Good
2/8/22 12:27:57,0,Good
2/8/22 12:28:02,-1,Good
2/8/22 12:28:17,-2,Good
2/8/22 12:28:22,-3,Good
2/8/22 12:28:33,-4,Good
2/8/22 12:28:40,-5,Good
2/8/22 12:28:53,-6,Good
2/8/22 12:29:08,-7,Good
2/8/22 12:29:23,-8,Good
2/8/22 12:29:40,-9,Good
2/8/22 12:30:03,-10,Good
2/8/22 12:30:23,-11,Good
2/8/22 12:30:53,-12,Good
2/8/22 12:31:38,-13,Good
2/8/22 12:32:26,-14,Good
2/8/22 12:33:24,-15,Good
2/8/22 12:36:22,-16,Good
2/8/22 12:42:11,-17,Good
2/8/22 12:42:24,-16,Good
2/8/22 12:42:26,-17,Good
2/8/22 12:50:38,-18,Good
2/8/22 12:50:54,-17,Good
2/8/22 12:51:46,-18,Good
2/8/22 12:53:02,-17,Good
2/8/22 12:53:09,-18,Good
2/8/22 12:53:17,-17,Good
2/8/22 12:53:54,-18,Good
2/8/22 13:07:18,-19,Good
2/8/22 13:07:23,-18,Good
2/8/22 13:09:26,-19,Good
2/8/22 13:10:12,-18,Good
2/8/22 13:10:32,-19,Good
2/8/22 13:10:42,-18,Good
2/8/22 13:10:54,-19,Good
2/8/22 13:20:24,-20,Good
2/8/22 13:20:32,-19,Good
2/8/22 13:21:27,-20,Good
2/8/22 13:21:32,-19,Good
2/8/22 13:21:42,-20,Good
2/8/22 13:21:52,-19,Good
2/8/22 13:24:08,-20,Good
2/8/22 13:24:33,-19,Good
2/8/22 13:25:08,-20,Good
2/8/22 13:26:03,-19,Good
2/8/22 13:26:08,-20,Good
2/8/22 13:26:11,-19,Good
2/8/22 13:26:18,-20,Good
2/8/22 13:26:23,-19,Good
2/8/22 13:26:39,-20,Good
2/8/22 13:26:53,-19,Good
2/8/22 13:26:56,-20,Good
2/8/22 13:27:09,-19,Good
2/8/22 13:27:16,-20,Good
2/8/22 13:27:24,-19,Good
2/8/22 13:27:39,-20,Good
2/8/22 13:28:32,-19,Good
2/8/22 13:30:12,-20,Good
2/8/22 13:30:32,-19,Good
2/8/22 13:30:37,-20,Good
2/8/22 13:30:52,-19,Good
2/8/22 13:30:57,-20,Good
2/8/22 13:31:07,-19,Good
2/8/22 13:31:37,-20,Good
2/8/22 13:31:40,-19,Good
2/8/22 13:31:55,-20,Good
2/8/22 13:32:18,-19,Good
2/8/22 13:32:23,-20,Good
2/8/22 13:43:08,-21,Good
2/8/22 13:43:33,-20,Good
2/8/22 13:44:03,-21,Good
2/8/22 13:44:16,-20,Good
2/8/22 13:44:26,-21,Good
2/8/22 13:44:31,-20,Good
2/8/22 13:46:24,-21,Good
2/8/22 13:46:27,-20,Good
2/8/22 13:46:57,-21,Good
2/8/22 13:47:09,-20,Good
2/8/22 13:47:12,-21,Good
2/8/22 13:50:10,-20,Good
2/8/22 13:50:18,-21,Good
2/8/22 13:50:25,-20,Good
2/8/22 13:51:33,-21,Good
2/8/22 13:51:48,-20,Good
2/8/22 13:53:51,-21,Good
2/8/22 13:56:17,-20,Good
2/8/22 13:56:37,-21,Good
2/8/22 13:58:42,-20,Good
2/8/22 13:59:26,-21,Good
2/8/22 14:00:08,-20,Good
2/8/22 14:00:11,-21,Good
2/8/22 14:00:18,-20,Good
2/8/22 14:00:25,-21,Good
2/8/22 14:11:56,-22,Good
2/8/22 14:12:31,-21,Good
2/8/22 14:12:47,-22,Good
2/8/22 14:12:49,-21,Good
2/8/22 14:17:38,-22,Good
2/8/22 14:18:41,-21,Good
2/8/22 14:19:03,-22,Good
2/8/22 14:19:26,-21,Good
2/8/22 14:20:46,-22,Good
2/8/22 14:20:51,-21,Good
2/8/22 14:21:01,-22,Good
2/8/22 14:21:31,-21,Good
2/8/22 14:22:02,-22,Good
2/8/22 14:22:09,-21,Good
2/8/22 14:22:17,-22,Good
2/8/22 14:23:37,-21,Good
2/8/22 14:24:17,-22,Good
2/8/22 14:24:27,-21,Good
2/8/22 14:24:32,-22,Good
2/8/22 14:24:35,-21,Good
2/8/22 14:25:40,-22,Good
2/8/22 14:27:51,-21,Good
2/8/22 14:28:03,-22,Good
2/8/22 14:28:08,-21,Good
2/8/22 14:28:11,-22,Good
2/8/22 14:28:26,-21,Good
2/8/22 14:28:48,-22,Good
2/8/22 14:28:51,-21,Good
2/8/22 14:29:21,-22,Good
2/8/22 14:39:46,-21,Good
2/8/22 14:40:17,-22,Good
2/8/22 14:40:32,-21,Good
2/8/22 14:40:49,-22,Good
2/8/22 14:40:57,-21,Good
2/8/22 14:49:32,-22,Good
2/8/22 14:49:42,-21,Good
2/8/22 14:53:05,-20,Good
2/8/22 14:53:11,-21,Good
2/8/22 14:53:20,-20,Good
2/8/22 14:53:25,-21,Good
2/8/22 14:54:56,-20,Good
2/8/22 14:55:03,-21,Good
2/8/22 14:55:06,-20,Good
2/8/22 14:55:11,-21,Good
2/8/22 14:56:26,-22,Good
2/8/22 14:56:31,-21,Good
2/8/22 14:56:46,-22,Good
2/8/22 14:56:51,-21,Good
2/8/22 14:57:47,-22,Good
2/8/22 14:58:04,-21,Good
2/8/22 14:58:12,-22,Good
2/8/22 14:58:19,-21,Good
2/8/22 14:58:32,-22,Good
2/8/22 14:58:47,-21,Good
2/8/22 14:58:57,-22,Good
2/8/22 14:59:02,-21,Good
2/8/22 14:59:12,-22,Good
2/8/22 14:59:17,-21,Good
2/8/22 14:59:50,-22,Good
2/8/22 14:59:57,-21,Good
2/8/22 15:00:20,-22,Good
2/8/22 15:00:32,-21,Good
2/8/22 15:00:42,-22,Good
2/8/22 15:00:48,-21,Good
2/8/22 15:00:50,-22,Good
2/8/22 15:00:58,-21,Good
2/8/22 15:02:03,-22,Good
2/8/22 15:02:18,-21,Good
2/8/22 15:03:03,-22,Good
2/8/22 15:03:05,-21,Good
2/8/22 15:03:36,-22,Good
2/8/22 15:03:41,-21,Good
2/8/22 15:03:48,-22,Good
2/8/22 15:03:51,-21,Good
2/8/22 15:03:56,-22,Good
2/8/22 15:04:03,-21,Good
2/8/22 15:04:26,-22,Good
2/8/22 15:04:31,-21,Good
2/8/22 15:04:41,-20,Good
2/8/22 15:04:46,-21,Good
2/8/22 15:04:51,-20,Good
2/8/22 15:04:56,-21,Good
2/8/22 15:05:01,-20,Good
2/8/22 15:05:11,-21,Good
2/8/22 15:05:18,-20,Good
2/8/22 15:05:26,-21,Good
2/8/22 15:05:31,-20,Good
2/8/22 15:05:36,-21,Good
2/8/22 15:05:41,-20,Good
2/8/22 15:05:56,-21,Good
2/8/22 15:06:22,-20,Good
2/8/22 15:06:27,-21,Good
2/8/22 15:06:57,-20,Good
2/8/22 15:07:02,-21,Good
2/8/22 15:07:12,-20,Good
2/8/22 15:07:17,-21,Good
2/8/22 15:07:32,-20,Good
2/8/22 15:07:42,-21,Good
2/8/22 15:07:47,-20,Good
2/8/22 15:08:27,-21,Good
2/8/22 15:08:32,-20,Good
2/8/22 15:08:35,-21,Good
2/8/22 15:09:28,-22,Good
2/8/22 15:09:32,-21,Good
2/8/22 15:10:05,-22,Good
2/8/22 15:10:12,-21,Good
2/8/22 15:10:20,-22,Good
2/8/22 15:10:28,-21,Good
2/8/22 15:11:18,-22,Good
2/8/22 15:11:20,-21,Good
2/8/22 15:12:03,-20,Good
2/8/22 15:12:48,-21,Good
2/8/22 15:12:51,-20,Good
2/8/22 15:12:56,-21,Good
2/8/22 15:15:19,-20,Good
2/8/22 15:15:27,-21,Good
2/8/22 15:23:51,-22,Good
2/8/22 15:23:57,-21,Good
2/8/22 15:24:01,-22,Good
2/8/22 15:24:12,-21,Good
2/8/22 15:27:57,-22,Good
2/8/22 15:28:18,-21,Good
2/8/22 15:29:03,-22,Good
2/8/22 15:29:18,-21,Good
2/8/22 15:29:48,-22,Good
2/8/22 15:29:51,-21,Good
2/8/22 15:38:03,-22,Good
2/8/22 15:38:05,-21,Good
2/8/22 15:38:33,-22,Good
2/8/22 15:38:35,-21,Good
2/8/22 15:39:26,-22,Good
2/8/22 15:43:42,-21,Good
2/8/22 15:43:47,-22,Good
2/8/22 15:43:57,-21,Good
2/8/22 15:44:27,-22,Good
2/8/22 15:46:20,-21,Good
2/8/22 15:50:31,-22,Good
2/8/22 15:50:36,-21,Good
2/8/22 15:51:01,-22,Good
2/8/22 15:51:06,-21,Good
2/8/22 15:51:11,-22,Good
2/8/22 15:51:26,-21,Good
2/8/22 15:54:12,-22,Good
2/8/22 15:55:50,-21,Good
2/8/22 15:55:55,-22,Good
2/8/22 15:59:01,-21,Good
2/8/22 15:59:06,-22,Good
2/8/22 15:59:11,-21,Good
2/8/22 15:59:16,-22,Good
2/8/22 15:59:21,-21,Good
2/8/22 15:59:31,-22,Good
2/8/22 16:00:56,-21,Good
2/8/22 16:01:02,-22,Good
2/8/22 16:01:04,-21,Good
2/8/22 16:03:57,-22,Good
2/8/22 16:05:25,-21,Good
2/8/22 16:07:56,-22,Good
2/8/22 16:08:06,-21,Good
2/8/22 16:08:11,-22,Good
2/8/22 16:08:31,-21,Good
2/8/22 16:08:41,-22,Good
2/8/22 16:08:51,-21,Good
2/8/22 16:08:56,-22,Good
2/8/22 16:09:01,-21,Good
2/8/22 16:09:31,-22,Good
2/8/22 16:09:41,-21,Good
2/8/22 16:09:57,-22,Good
2/8/22 16:11:05,-21,Good
2/8/22 16:14:33,-22,Good
2/8/22 16:14:35,-21,Good
2/8/22 16:14:55,-22,Good
2/8/22 16:15:18,-21,Good
2/8/22 16:15:41,-22,Good
2/8/22 16:15:48,-21,Good
2/8/22 16:15:56,-22,Good
2/8/22 16:17:11,-21,Good
2/8/22 16:17:16,-22,Good
2/8/22 16:17:31,-21,Good
2/8/22 16:18:31,-22,Good
2/8/22 16:30:35,-23,Good
2/8/22 16:30:42,-22,Good
2/8/22 16:30:50,-23,Good
2/8/22 16:30:55,-22,Good
2/8/22 16:31:03,-23,Good
2/8/22 16:31:05,-22,Good
2/8/22 16:31:10,-23,Good
2/8/22 16:31:18,-22,Good
2/8/22 16:31:55,-23,Good
2/8/22 16:32:05,-22,Good
2/8/22 16:32:48,-23,Good
2/8/22 16:32:51,-22,Good
2/8/22 16:33:03,-23,Good
2/8/22 16:33:11,-22,Good
2/8/22 16:33:21,-23,Good
2/8/22 16:33:26,-22,Good
2/8/22 16:33:33,-23,Good
2/8/22 16:33:36,-22,Good
2/8/22 16:33:51,-23,Good
2/8/22 16:34:03,-22,Good
2/8/22 16:34:06,-23,Good
2/8/22 16:34:11,-22,Good
2/8/22 16:34:21,-23,Good
2/8/22 16:34:33,-22,Good
2/8/22 16:34:36,-23,Good
2/8/22 16:34:41,-22,Good
2/8/22 16:34:49,-23,Good
2/8/22 16:34:56,-22,Good
2/8/22 16:35:21,-23,Good
2/8/22 16:35:26,-22,Good
2/8/22 16:35:31,-23,Good
2/8/22 16:35:36,-22,Good
2/8/22 16:35:51,-23,Good
2/8/22 16:35:56,-22,Good
2/8/22 16:36:06,-23,Good
2/8/22 16:36:27,-22,Good
2/8/22 16:36:32,-23,Good
2/8/22 16:38:02,-22,Good
2/8/22 16:38:04,-23,Good
2/8/22 16:38:17,-22,Good
2/8/22 16:38:20,-23,Good
2/8/22 16:38:32,-22,Good
2/8/22 16:38:34,-23,Good
2/8/22 16:38:50,-22,Good
2/8/22 16:38:57,-23,Good
2/8/22 16:39:12,-22,Good
2/8/22 16:39:17,-23,Good
2/8/22 16:39:43,-22,Good
2/8/22 16:39:47,-23,Good
2/8/22 16:40:33,-22,Good
2/8/22 16:40:35,-23,Good
2/8/22 16:41:25,-22,Good
2/8/22 16:41:33,-23,Good
2/8/22 16:41:40,-22,Good
2/8/22 16:41:48,-23,Good
2/8/22 16:41:51,-22,Good
2/8/22 16:41:56,-23,Good
2/8/22 16:42:33,-22,Good
2/8/22 16:43:04,-23,Good
2/8/22 16:43:06,-22,Good
2/8/22 16:43:51,-23,Good
2/8/22 16:44:06,-22,Good
2/8/22 16:44:21,-23,Good
2/8/22 16:45:06,-22,Good
2/8/22 16:45:12,-23,Good
2/8/22 16:45:17,-22,Good
2/8/22 16:45:22,-23,Good
2/8/22 16:45:26,-22,Good
2/8/22 16:45:32,-23,Good
2/8/22 16:45:42,-22,Good
2/8/22 16:45:47,-23,Good
2/8/22 16:46:02,-22,Good
2/8/22 16:46:07,-23,Good
2/8/22 16:46:19,-22,Good
2/8/22 16:46:27,-23,Good
2/8/22 16:46:42,-22,Good
2/8/22 16:49:33,-21,Good
2/8/22 16:49:35,-22,Good
2/8/22 16:49:55,-21,Good
2/8/22 16:50:03,-22,Good
2/8/22 16:50:48,-21,Good
2/8/22 16:50:50,-22,Good
2/8/22 16:51:25,-21,Good
2/8/22 16:51:33,-22,Good
2/8/22 16:53:41,-21,Good
2/8/22 16:53:46,-22,Good
2/8/22 16:58:40,-23,Good
2/8/22 16:58:48,-22,Good
2/8/22 17:00:03,-23,Good
2/8/22 17:00:06,-22,Good
2/8/22 17:00:11,-23,Good
2/8/22 17:00:26,-22,Good
2/8/22 17:02:16,-23,Good
2/8/22 17:02:21,-22,Good
2/8/22 17:02:31,-23,Good
2/8/22 17:02:37,-22,Good
2/8/22 17:02:51,-23,Good
2/8/22 17:03:31,-22,Good
2/8/22 17:03:37,-23,Good
2/8/22 17:04:07,-22,Good
2/8/22 17:04:12,-23,Good
2/8/22 17:04:17,-22,Good
2/8/22 17:04:27,-23,Good
2/8/22 17:04:34,-22,Good
2/8/22 17:04:42,-23,Good
2/8/22 17:04:47,-22,Good
2/8/22 17:06:17,-23,Good
2/8/22 17:06:32,-22,Good
2/8/22 17:06:35,-23,Good
2/8/22 17:06:58,-22,Good
2/8/22 17:09:21,-23,Good
2/8/22 17:09:26,-22,Good
2/8/22 17:09:33,-23,Good
2/8/22 17:09:48,-22,Good
2/8/22 17:09:56,-23,Good
2/8/22 17:10:11,-22,Good
2/8/22 17:10:18,-23,Good
2/8/22 17:10:26,-22,Good
2/8/22 17:10:34,-23,Good
2/8/22 17:10:49,-22,Good
2/8/22 17:10:51,-23,Good
2/8/22 17:17:33,-22,Good
2/8/22 17:18:35,-23,Good
2/8/22 17:29:36,-24,Good
2/8/22 17:29:56,-23,Good
2/8/22 17:38:57,-24,Good
2/8/22 17:41:12,-23,Good
2/8/22 17:41:17,-24,Good
2/8/22 17:41:20,-23,Good
2/8/22 17:42:27,-24,Good
2/8/22 17:43:33,-23,Good
2/8/22 17:43:35,-24,Good
2/8/22 17:45:11,-23,Good
2/8/22 17:45:41,-24,Good
2/8/22 17:45:49,-23,Good
2/8/22 17:45:51,-24,Good
2/8/22 17:47:11,-23,Good
2/8/22 17:47:22,-24,Good
2/8/22 17:47:31,-23,Good
2/8/22 17:47:41,-24,Good
2/8/22 17:48:22,-23,Good
2/8/22 17:48:47,-24,Good
2/8/22 17:48:50,-23,Good
2/8/22 17:49:02,-24,Good
2/8/22 17:55:41,-23,Good
2/8/22 17:56:01,-24,Good
2/8/22 17:56:11,-23,Good
2/8/22 17:56:19,-24,Good
2/8/22 17:57:47,-23,Good
2/8/22 17:58:12,-24,Good
2/8/22 17:58:17,-23,Good
2/8/22 17:59:27,-24,Good
2/8/22 18:00:33,-23,Good
2/8/22 18:02:26,-24,Good
2/8/22 18:02:51,-23,Good
2/8/22 18:02:56,-24,Good
2/8/22 18:03:03,-23,Good
2/8/22 18:04:41,-22,Good
2/8/22 18:04:49,-23,Good
2/8/22 18:05:11,-22,Good
2/8/22 18:05:19,-23,Good
2/8/22 18:05:31,-22,Good
2/8/22 18:05:51,-23,Good
2/8/22 18:06:07,-24,Good
2/8/22 18:06:12,-23,Good
2/8/22 18:07:32,-22,Good
2/8/22 18:07:34,-23,Good
2/8/22 18:07:47,-22,Good
2/8/22 18:07:57,-23,Good
2/8/22 18:08:58,-22,Good
2/8/22 18:09:05,-23,Good
2/8/22 18:09:27,-22,Good
2/8/22 18:11:10,-23,Good
2/8/22 18:11:18,-22,Good
2/8/22 18:11:26,-23,Good
2/8/22 18:11:48,-22,Good
2/8/22 18:11:51,-23,Good
2/8/22 18:11:56,-22,Good
2/8/22 18:12:03,-23,Good
2/8/22 18:15:27,-22,Good
2/8/22 18:15:32,-23,Good
2/8/22 18:19:48,-22,Good
2/8/22 18:20:18,-23,Good
2/8/22 18:20:21,-22,Good
2/8/22 18:20:26,-23,Good
2/8/22 18:25:27,-22,Good
2/8/22 18:25:42,-23,Good
2/8/22 18:25:47,-22,Good
2/8/22 18:26:17,-23,Good
2/8/22 18:27:28,-22,Good
2/8/22 18:27:33,-23,Good
2/8/22 18:27:35,-22,Good
2/8/22 18:30:19,-23,Good
2/8/22 18:30:49,-22,Good
2/8/22 18:30:51,-23,Good
2/8/22 18:31:04,-22,Good
2/8/22 18:31:11,-23,Good
2/8/22 18:31:19,-22,Good
2/8/22 18:31:21,-23,Good
2/8/22 18:31:34,-22,Good
2/8/22 18:31:56,-23,Good
2/8/22 18:32:01,-22,Good
2/8/22 18:32:11,-23,Good
2/8/22 18:35:57,-22,Good
2/8/22 18:36:18,-23,Good
2/8/22 18:36:28,-22,Good
2/8/22 18:36:33,-23,Good
2/8/22 18:49:49,-24,Good
2/8/22 18:49:51,-23,Good
2/8/22 18:51:17,-24,Good
2/8/22 18:51:22,-23,Good
2/8/22 18:52:02,-24,Good
2/8/22 18:52:07,-23,Good
2/8/22 18:52:17,-24,Good
2/8/22 18:52:20,-23,Good
2/8/22 18:52:27,-24,Good
2/8/22 18:52:32,-23,Good
2/8/22 18:52:35,-24,Good
2/8/22 18:52:42,-23,Good
2/8/22 18:52:47,-24,Good
2/8/22 18:52:50,-23,Good
2/8/22 18:52:57,-24,Good
2/8/22 18:53:02,-23,Good
2/8/22 18:53:12,-24,Good
2/8/22 18:53:17,-23,Good
2/8/22 18:53:20,-24,Good
2/8/22 18:53:42,-23,Good
2/8/22 18:53:47,-24,Good
2/8/22 18:56:36,-25,Good
2/8/22 18:56:48,-24,Good
2/8/22 18:57:06,-25,Good
2/8/22 18:57:18,-24,Good
2/8/22 18:57:56,-25,Good
2/8/22 18:58:16,-24,Good
2/8/22 19:06:03,-25,Good
2/8/22 19:06:06,-24,Good
2/8/22 19:06:26,-25,Good
2/8/22 19:06:34,-24,Good
2/8/22 19:06:41,-25,Good
2/8/22 19:07:18,-24,Good
2/8/22 19:07:34,-25,Good
2/8/22 19:07:36,-24,Good
2/8/22 19:07:41,-25,Good
2/8/22 19:07:49,-24,Good
2/8/22 19:07:56,-25,Good
2/8/22 19:08:16,-24,Good
2/8/22 19:10:12,-25,Good
2/8/22 19:10:17,-24,Good
2/8/22 19:10:27,-25,Good
2/8/22 19:10:32,-24,Good
2/8/22 19:11:02,-25,Good
2/8/22 19:11:12,-24,Good
2/8/22 19:11:27,-25,Good
2/8/22 19:11:57,-24,Good
2/8/22 19:12:02,-25,Good
2/8/22 19:12:18,-24,Good
2/8/22 19:12:28,-25,Good
2/8/22 19:13:03,-24,Good
2/8/22 19:13:13,-25,Good
2/8/22 19:13:33,-24,Good
2/8/22 19:13:36,-25,Good
2/8/22 19:13:41,-24,Good
2/8/22 19:13:48,-25,Good
2/8/22 19:13:56,-24,Good
2/8/22 19:14:06,-25,Good
2/8/22 19:16:56,-24,Good
2/8/22 19:17:22,-25,Good
2/8/22 19:17:26,-24,Good
2/8/22 19:17:42,-25,Good
2/8/22 19:19:57,-24,Good
2/8/22 19:20:47,-25,Good
2/8/22 19:20:50,-24,Good
2/8/22 19:21:02,-25,Good
2/8/22 19:35:57,-24,Good
2/8/22 19:36:02,-25,Good
2/8/22 19:36:17,-24,Good
2/8/22 19:36:22,-25,Good
2/8/22 19:36:32,-24,Good
2/8/22 19:36:34,-25,Good
2/8/22 19:36:42,-24,Good
2/8/22 19:36:52,-25,Good
2/8/22 19:37:02,-24,Good
2/8/22 19:37:27,-25,Good
2/8/22 19:37:32,-24,Good
2/8/22 19:37:47,-25,Good
2/8/22 19:37:50,-24,Good
2/8/22 19:39:48,-25,Good
2/8/22 19:39:50,-24,Good
2/8/22 19:41:51,-25,Good
2/8/22 19:41:56,-24,Good
2/8/22 19:50:36,-25,Good
2/8/22 19:51:41,-24,Good
2/8/22 19:52:36,-25,Good
2/8/22 19:52:41,-24,Good
2/8/22 19:52:49,-25,Good
2/8/22 19:56:48,-24,Good
2/8/22 19:56:58,-25,Good
2/8/22 19:57:33,-24,Good
2/8/22 20:00:41,-25,Good
2/8/22 20:01:11,-24,Good
2/8/22 20:01:19,-25,Good
2/8/22 20:01:34,-24,Good
2/8/22 20:02:52,-25,Good
2/8/22 20:02:57,-24,Good
2/8/22 20:03:07,-25,Good
2/8/22 20:04:12,-24,Good
2/8/22 20:04:19,-25,Good
2/8/22 20:04:50,-24,Good
2/8/22 20:04:57,-25,Good
2/8/22 20:06:48,-26,Good
2/8/22 20:06:58,-25,Good
2/8/22 20:07:36,-26,Good
2/8/22 20:07:48,-25,Good
2/8/22 20:08:03,-26,Good
2/8/22 20:08:06,-25,Good
2/8/22 20:08:18,-26,Good
2/8/22 20:08:34,-25,Good
2/8/22 20:08:36,-26,Good
2/8/22 20:08:51,-25,Good
2/8/22 20:11:57,-26,Good
2/8/22 20:12:02,-25,Good
2/8/22 20:12:07,-26,Good
2/8/22 20:12:17,-25,Good
2/8/22 20:13:20,-26,Good
2/8/22 20:13:27,-25,Good
2/8/22 20:13:42,-26,Good
2/8/22 20:15:58,-25,Good
2/8/22 20:16:28,-26,Good
2/8/22 20:16:40,-25,Good
2/8/22 20:17:11,-26,Good
2/8/22 20:17:18,-25,Good
2/8/22 20:17:26,-26,Good
2/8/22 20:19:47,-25,Good
2/8/22 20:20:11,-26,Good
2/8/22 20:20:17,-25,Good
2/8/22 20:20:22,-26,Good
2/8/22 20:25:36,-25,Good
2/8/22 20:25:43,-26,Good
2/8/22 20:25:56,-25,Good
2/8/22 20:26:03,-26,Good
2/8/22 20:26:18,-25,Good
2/8/22 20:26:33,-26,Good
2/8/22 20:26:36,-25,Good
2/8/22 20:31:12,-26,Good
2/8/22 20:31:17,-25,Good
2/8/22 20:47:49,-26,Good
2/8/22 20:47:52,-25,Good
2/8/22 20:47:57,-26,Good
2/8/22 20:48:12,-25,Good
2/8/22 20:48:22,-26,Good
2/8/22 20:48:32,-25,Good
2/8/22 20:48:42,-26,Good
2/8/22 20:48:52,-25,Good
2/8/22 20:48:57,-26,Good
2/8/22 21:10:51,-25,Good
2/8/22 21:10:56,-26,Good
2/8/22 21:11:26,-27,Good
2/8/22 21:11:33,-26,Good
2/8/22 21:14:34,-25,Good
2/8/22 21:18:50,-26,Good
2/8/22 21:18:58,-25,Good
2/8/22 21:19:18,-26,Good
2/8/22 21:24:37,-25,Good
2/8/22 21:24:42,-26,Good
2/8/22 21:25:02,-25,Good
2/8/22 21:25:12,-26,Good
2/8/22 21:27:48,-25,Good
2/8/22 21:27:51,-26,Good
2/8/22 21:27:58,-25,Good
2/8/22 21:28:03,-26,Good
2/8/22 21:28:28,-25,Good
2/8/22 21:28:33,-26,Good
2/8/22 21:35:58,-27,Good
2/8/22 21:36:03,-26,Good
2/8/22 21:37:13,-27,Good
2/8/22 21:37:51,-26,Good
2/8/22 21:37:56,-27,Good
2/8/22 21:41:26,-28,Good
2/8/22 21:41:34,-27,Good
2/8/22 21:41:52,-28,Good
2/8/22 21:41:57,-27,Good
2/8/22 21:42:37,-28,Good
2/8/22 21:42:57,-27,Good
2/8/22 21:43:02,-28,Good
2/8/22 21:43:05,-27,Good
2/8/22 21:43:12,-28,Good
2/8/22 21:44:12,-27,Good
2/8/22 21:44:57,-28,Good
2/8/22 21:45:03,-27,Good
2/8/22 21:45:05,-28,Good
2/8/22 21:45:50,-27,Good
2/8/22 21:46:18,-28,Good
2/8/22 21:51:17,-29,Good
2/8/22 21:52:20,-28,Good
2/8/22 22:01:22,-27,Good
2/8/22 22:01:27,-28,Good
2/8/22 22:01:32,-27,Good
2/8/22 22:01:35,-28,Good
2/8/22 22:01:42,-27,Good
2/8/22 22:03:43,-28,Good
2/8/22 22:03:48,-27,Good
2/8/22 22:11:32,-26,Good
2/8/22 22:11:35,-27,Good
2/8/22 22:11:58,-26,Good
2/8/22 22:12:05,-27,Good
2/8/22 22:12:28,-26,Good
2/8/22 22:12:35,-27,Good
2/8/22 22:12:58,-26,Good
2/8/22 22:13:03,-27,Good
2/8/22 22:13:06,-26,Good
2/8/22 22:13:13,-27,Good
2/8/22 22:13:18,-26,Good
2/8/22 22:13:26,-27,Good
2/8/22 22:13:33,-26,Good
2/8/22 22:13:43,-27,Good
2/8/22 22:13:48,-26,Good
2/8/22 22:14:13,-25,Good
2/8/22 22:14:18,-26,Good
2/8/22 22:14:41,-27,Good
2/8/22 22:14:49,-26,Good
2/8/22 22:15:03,-25,Good
2/8/22 22:15:06,-26,Good
2/8/22 22:15:51,-25,Good
2/8/22 22:16:06,-26,Good
2/8/22 22:16:49,-25,Good
2/8/22 22:23:51,-24,Good
2/8/22 22:25:49,-25,Good
2/8/22 22:26:01,-24,Good
2/8/22 22:28:07,-23,Good
2/8/22 22:29:27,-24,Good
2/8/22 22:29:32,-23,Good
2/8/22 22:32:56,-22,Good
2/8/22 22:33:03,-23,Good
2/8/22 22:33:11,-22,Good
2/8/22 22:34:34,-23,Good
2/8/22 22:34:41,-22,Good
2/8/22 22:34:49,-23,Good
2/8/22 22:34:52,-22,Good
2/8/22 22:37:02,-21,Good
2/8/22 22:37:12,-22,Good
2/8/22 22:37:33,-21,Good
2/8/22 22:37:37,-22,Good
2/8/22 22:37:42,-21,Good
2/8/22 22:38:20,-22,Good
2/8/22 22:38:48,-21,Good
2/8/22 22:38:58,-22,Good
2/8/22 22:39:03,-21,Good
2/8/22 22:39:18,-22,Good
2/8/22 22:39:33,-21,Good
2/8/22 22:42:56,-20,Good
2/8/22 22:43:12,-21,Good
2/8/22 22:43:34,-20,Good
2/8/22 22:46:57,-19,Good
2/8/22 22:52:49,-18,Good
2/8/22 22:53:19,-19,Good
2/8/22 22:53:22,-18,Good
2/8/22 22:57:18,-17,Good
2/8/22 22:57:58,-18,Good
2/8/22 22:58:03,-17,Good
2/8/22 23:01:34,-16,Good
2/8/22 23:01:42,-17,Good
2/8/22 23:01:56,-16,Good
2/8/22 23:08:28,-15,Good
2/8/22 23:12:52,-14,Good
2/8/22 23:12:57,-15,Good
2/8/22 23:13:12,-14,Good
2/8/22 23:13:17,-15,Good
2/8/22 23:13:22,-14,Good
2/8/22 23:18:41,-13,Good
2/8/22 23:23:50,-12,Good
2/8/22 23:23:58,-13,Good
2/8/22 23:24:03,-12,Good
2/8/22 23:24:05,-13,Good
2/8/22 23:24:13,-12,Good
2/8/22 23:31:07,-11,Good
2/8/22 23:33:18,-12,Good
2/8/22 23:33:20,-11,Good
2/8/22 23:39:02,-12,Good
2/8/22 23:39:27,-11,Good
2/8/22 23:41:43,-10,Good
2/8/22 23:41:48,-11,Good
2/8/22 23:41:50,-10,Good
2/8/22 23:41:58,-11,Good
2/8/22 23:42:13,-10,Good
2/8/22 23:42:28,-11,Good
2/8/22 23:42:33,-10,Good
2/8/22 23:46:34,-9,Good
2/8/22 23:52:36,-8,Good
2/8/22 23:57:52,-7,Good
2/9/22 00:01:21,-6,Good
2/9/22 00:01:28,-7,Good
2/9/22 00:01:33,-6,Good
2/9/22 00:02:41,-5,Good
2/9/22 00:02:51,-6,Good
2/9/22 00:02:56,-5,Good
2/9/22 00:03:51,-6,Good
2/9/22 00:03:57,-5,Good
2/9/22 00:07:43,-4,Good
2/9/22 00:08:51,-5,Good
2/9/22 00:08:58,-4,Good
2/9/22 00:09:05,-5,Good
2/9/22 00:09:13,-4,Good
2/9/22 00:09:18,-5,Good
2/9/22 00:09:21,-4,Good
2/9/22 00:09:28,-5,Good
2/9/22 00:10:56,-4,Good
2/9/22 00:11:06,-5,Good
2/9/22 00:11:11,-4,Good
2/9/22 00:14:52,-3,Good
2/9/22 00:15:02,-4,Good
2/9/22 00:15:12,-3,Good
2/9/22 00:16:07,-4,Good
2/9/22 00:16:12,-3,Good
2/9/22 00:19:21,-2,Good
2/9/22 00:19:51,-3,Good
2/9/22 00:19:56,-2,Good
2/9/22 00:24:32,-1,Good
2/9/22 00:24:37,-2,Good
2/9/22 00:24:43,-1,Good
2/9/22 00:28:49,0,Good
2/9/22 00:29:19,1,Good
2/9/22 00:29:34,0,Good
2/9/22 00:29:36,1,Good
2/9/22 00:29:49,0,Good
2/9/22 00:29:51,1,Good
2/9/22 00:31:37,0,Good
2/9/22 00:31:49,1,Good
2/9/22 00:32:04,0,Good
2/9/22 00:32:19,1,Good
2/9/22 00:32:27,0,Good
2/9/22 00:32:32,1,Good
2/9/22 00:37:43,2,Good
2/9/22 00:42:52,3,Good
2/9/22 00:48:36,4,Good
2/9/22 00:50:07,5,Good
2/9/22 00:50:12,4,Good
2/9/22 00:50:22,5,Good
2/9/22 00:52:07,4,Good
2/9/22 00:53:03,5,Good
2/9/22 00:53:13,4,Good
2/9/22 00:53:18,5,Good
2/9/22 00:53:20,4,Good
2/9/22 00:53:28,5,Good
2/9/22 00:58:27,6,Good
2/9/22 01:03:28,7,Good
2/9/22 01:07:57,8,Good
2/9/22 01:08:27,7,Good
2/9/22 01:08:42,8,Good
2/9/22 01:13:56,9,Good
2/9/22 01:14:04,8,Good
2/9/22 01:14:06,9,Good
2/9/22 01:18:57,10,Good
2/9/22 01:23:41,11,Good
2/9/22 01:23:49,10,Good
2/9/22 01:23:51,11,Good
2/9/22 01:23:56,10,Good
2/9/22 01:24:04,11,Good
2/9/22 01:29:51,12,Good
2/9/22 01:30:06,11,Good
2/9/22 01:30:13,12,Good
2/9/22 01:35:42,13,Good
2/9/22 01:35:49,12,Good
2/9/22 01:35:57,13,Good
2/9/22 01:40:18,14,Good
2/9/22 01:40:21,13,Good
2/9/22 01:40:26,14,Good
2/9/22 01:40:36,13,Good
2/9/22 01:40:41,14,Good
2/9/22 01:41:34,13,Good
2/9/22 01:41:41,14,Good
2/9/22 01:47:48,15,Good
2/9/22 01:54:32,16,Good
2/9/22 01:57:05,17,Good
2/9/22 01:58:41,16,Good
2/9/22 01:58:51,17,Good
2/9/22 01:58:56,16,Good
2/9/22 02:00:36,17,Good
2/9/22 02:00:42,16,Good
2/9/22 02:00:49,17,Good
2/9/22 02:07:19,18,Good
2/9/22 02:13:33,19,Good
2/9/22 02:15:46,20,Good
2/9/22 02:15:51,19,Good
2/9/22 02:16:06,20,Good
2/9/22 02:16:41,19,Good
2/9/22 02:16:49,20,Good
2/9/22 02:16:51,19,Good
2/9/22 02:20:17,20,Good
2/9/22 02:27:19,21,Good
2/9/22 02:27:22,20,Good
2/9/22 02:27:42,21,Good
2/9/22 02:31:43,22,Good
2/9/22 02:32:50,21,Good
2/9/22 02:32:58,22,Good
2/9/22 02:33:13,21,Good
2/9/22 02:34:14,22,Good
2/9/22 02:40:28,21,Good
2/9/22 02:40:30,20,Good
2/9/22 02:40:43,18,Good
2/9/22 02:40:50,17,Good
2/9/22 02:40:58,16,Good
2/9/22 02:41:06,15,Good
2/9/22 02:41:13,14,Good
2/9/22 02:41:20,13,Good
2/9/22 02:41:28,12,Good
2/9/22 02:41:36,11,Good
2/9/22 02:41:45,10,Good
2/9/22 02:41:58,9,Good
2/9/22 02:42:13,8,Good
2/9/22 02:42:21,7,Good
2/9/22 02:42:43,6,Good
2/9/22 02:42:59,5,Good
2/9/22 02:43:21,4,Good
2/9/22 02:43:44,3,Good
2/9/22 02:44:21,2,Good
2/9/22 02:45:07,1,Good
2/9/22 02:46:17,0,Good
2/9/22 02:49:28,-1,Good
2/9/22 02:49:31,0,Good
2/9/22 02:49:45,-1,Good
2/9/22 02:49:50,0,Good
2/9/22 02:49:58,-1,Good
2/9/22 02:50:00,0,Good
2/9/22 02:50:05,-1,Good
2/9/22 02:52:01,-2,Good
2/9/22 02:58:35,-3,Good
2/9/22 03:04:44,-2,Good
2/9/22 03:05:30,-3,Good
2/9/22 03:05:37,-2,Good
2/9/22 03:05:42,-3,Good
2/9/22 03:06:07,-2,Good
2/9/22 03:06:12,-3,Good
2/9/22 03:06:22,-2,Good
2/9/22 03:06:27,-3,Good
2/9/22 03:09:36,-4,Good
2/9/22 03:20:27,-3,Good
2/9/22 03:20:31,-4,Good
2/9/22 03:20:36,-3,Good
2/9/22 03:20:57,-4,Good
2/9/22 03:21:01,-3,Good
2/9/22 03:22:07,-4,Good
2/9/22 03:29:41,-5,Good
2/9/22 03:29:46,-4,Good
2/9/22 03:29:56,-5,Good
2/9/22 03:30:02,-4,Good
2/9/22 03:30:06,-5,Good
2/9/22 03:30:12,-4,Good
2/9/22 03:30:16,-5,Good
2/9/22 03:30:22,-4,Good
2/9/22 03:30:37,-5,Good
2/9/22 03:30:41,-4,Good
2/9/22 03:30:44,-5,Good
2/9/22 03:37:06,-4,Good
2/9/22 03:37:11,-5,Good
2/9/22 03:37:31,-4,Good
2/9/22 03:39:37,-5,Good
2/9/22 03:54:21,-4,Good
2/9/22 03:55:51,-5,Good
2/9/22 03:55:59,-4,Good
2/9/22 03:56:01,-5,Good
2/9/22 03:56:06,-4,Good
2/9/22 03:56:14,-5,Good
2/9/22 04:10:13,-4,Good
2/9/22 04:10:15,-5,Good
2/9/22 04:10:30,-4,Good
2/9/22 04:10:38,-5,Good
2/9/22 04:10:43,-4,Good
2/9/22 04:12:31,-5,Good
2/9/22 04:12:36,-4,Good
2/9/22 04:12:43,-5,Good
2/9/22 04:13:06,-4,Good
2/9/22 04:13:11,-5,Good
2/9/22 04:27:00,-4,Good
2/9/22 04:27:07,-5,Good
2/9/22 04:27:12,-4,Good
2/9/22 04:28:37,-5,Good
2/9/22 04:28:43,-4,Good
2/9/22 04:28:50,-5,Good
2/9/22 04:29:05,-4,Good
2/9/22 04:29:13,-5,Good
2/9/22 04:44:00,-4,Good
2/9/22 04:47:28,-5,Good
2/9/22 05:01:42,-4,Good
2/9/22 05:01:45,-5,Good
2/9/22 05:01:57,-4,Good
2/9/22 05:02:00,-5,Good
2/9/22 05:02:12,-4,Good
2/9/22 05:05:01,-5,Good
2/9/22 05:05:06,-4,Good
2/9/22 05:05:16,-5,Good
2/9/22 05:05:21,-4,Good
2/9/22 05:05:28,-5,Good
2/9/22 05:05:31,-4,Good
2/9/22 05:05:43,-5,Good
2/9/22 05:12:13,-4,Good
2/9/22 05:12:15,-5,Good
2/9/22 05:14:20,-4,Good
2/9/22 05:14:28,-5,Good
2/9/22 05:14:31,-4,Good
2/9/22 05:14:36,-5,Good
2/9/22 05:14:58,-4,Good
2/9/22 05:15:01,-5,Good
2/9/22 05:15:28,-4,Good
2/9/22 05:15:31,-5,Good
2/9/22 05:15:59,-4,Good
2/9/22 05:16:01,-5,Good
2/9/22 05:16:06,-4,Good
2/9/22 05:16:31,-5,Good
2/9/22 05:16:36,-4,Good
2/9/22 05:16:46,-5,Good
2/9/22 05:16:51,-4,Good
2/9/22 05:16:56,-5,Good
2/9/22 05:17:16,-4,Good
2/9/22 05:17:21,-5,Good
2/9/22 05:17:31,-4,Good
2/9/22 05:17:36,-5,Good
2/9/22 05:17:41,-4,Good
2/9/22 05:18:12,-5,Good
2/9/22 05:18:17,-4,Good
2/9/22 05:18:27,-5,Good
2/9/22 05:18:32,-4,Good
2/9/22 05:37:57,-3,Good
2/9/22 05:38:00,-4,Good
2/9/22 05:38:15,-3,Good
2/9/22 05:38:22,-4,Good
2/9/22 05:38:27,-3,Good
2/9/22 05:38:37,-4,Good
2/9/22 05:38:42,-3,Good
2/9/22 05:43:14,-4,Good
2/9/22 05:43:31,-3,Good
2/9/22 05:43:36,-4,Good
2/9/22 05:52:44,-3,Good
2/9/22 05:52:51,-2,Good
2/9/22 05:53:07,-1,Good
2/9/22 05:53:17,0,Good
2/9/22 05:53:26,1,Good
2/9/22 05:53:41,2,Good
2/9/22 05:54:02,3,Good
2/9/22 05:54:17,4,Good
2/9/22 05:54:42,5,Good
2/9/22 05:55:12,6,Good
2/9/22 05:55:52,7,Good
2/9/22 05:56:45,8,Good
2/9/22 05:57:58,9,Good
2/9/22 05:58:00,8,Good
2/9/22 05:58:13,9,Good
2/9/22 05:59:13,10,Good
2/9/22 06:08:59,11,Good
2/9/22 06:17:59,12,Good
2/9/22 06:20:47,13,Good
2/9/22 06:20:57,12,Good
2/9/22 06:21:02,13,Good
2/9/22 06:24:28,12,Good
2/9/22 06:24:30,13,Good
2/9/22 06:24:45,12,Good
2/9/22 06:24:53,13,Good
2/9/22 06:24:58,12,Good
2/9/22 06:26:43,13,Good
2/9/22 06:26:46,12,Good
2/9/22 06:26:58,13,Good
2/9/22 06:36:21,14,Good
2/9/22 06:36:29,13,Good
2/9/22 06:36:36,14,Good
2/9/22 06:39:45,15,Good
2/9/22 06:39:52,14,Good
2/9/22 06:40:00,15,Good
2/9/22 06:56:32,16,Good
2/9/22 07:02:36,17,Good
2/9/22 07:02:59,16,Good
2/9/22 07:03:01,17,Good
2/9/22 07:10:43,18,Good
2/9/22 07:10:46,17,Good
2/9/22 07:11:01,18,Good
2/9/22 07:11:13,17,Good
2/9/22 07:19:23,18,Good
2/9/22 07:19:28,17,Good
2/9/22 07:19:36,18,Good
2/9/22 07:23:47,19,Good
2/9/22 07:23:52,18,Good
2/9/22 07:24:52,19,Good
2/9/22 07:25:00,18,Good
2/9/22 07:25:07,19,Good
2/9/22 07:45:58,18,Good
2/9/22 07:46:16,17,Good
2/9/22 07:46:28,16,Good
2/9/22 07:46:46,15,Good
2/9/22 07:47:06,14,Good
2/9/22 07:47:28,13,Good
2/9/22 07:47:51,12,Good
2/9/22 07:48:28,11,Good
2/9/22 07:49:14,10,Good
2/9/22 07:50:32,9,Good
2/9/22 07:54:13,8,Good
2/9/22 07:54:38,9,Good
2/9/22 07:54:43,8,Good
2/9/22 07:59:52,7,Good
2/9/22 07:59:57,8,Good
2/9/22 08:00:12,7,Good
2/9/22 08:00:27,8,Good
2/9/22 08:00:32,7,Good
2/9/22 08:05:21,8,Good
2/9/22 08:05:28,7,Good
2/9/22 08:05:31,8,Good
2/9/22 08:14:44,7,Good
2/9/22 08:14:58,8,Good
2/9/22 08:15:01,7,Good
2/9/22 08:24:59,8,Good
2/9/22 08:25:01,7,Good
2/9/22 08:25:07,8,Good
2/9/22 08:32:51,7,Good
2/9/22 08:32:59,8,Good
2/9/22 08:33:21,7,Good
2/9/22 08:33:29,8,Good
2/9/22 08:33:31,7,Good
2/9/22 08:33:36,8,Good
2/9/22 08:34:01,7,Good
2/9/22 08:34:06,8,Good
2/9/22 08:34:14,7,Good
2/9/22 08:34:37,8,Good
2/9/22 08:34:44,7,Good
2/9/22 08:34:47,8,Good
2/9/22 08:34:52,7,Good
2/9/22 08:34:59,8,Good
2/9/22 08:35:01,7,Good
2/9/22 08:35:17,8,Good
2/9/22 08:35:22,7,Good
2/9/22 08:54:15,8,Good
2/9/22 08:54:22,7,Good
2/9/22 09:14:30,8,Good
2/9/22 09:14:38,7,Good
2/9/22 09:23:15,8,Good
2/9/22 09:23:30,7,Good
2/9/22 09:23:38,8,Good
2/9/22 09:23:43,7,Good
2/9/22 09:23:53,8,Good
2/9/22 09:25:43,7,Good
2/9/22 09:25:46,8,Good
2/9/22 09:26:14,7,Good
2/9/22 09:26:16,8,Good
2/9/22 09:35:36,7,Good
2/9/22 09:42:43,8,Good
2/9/22 09:42:45,7,Good
2/9/22 09:42:53,8,Good
2/9/22 09:43:08,7,Good
2/9/22 09:43:13,8,Good
2/9/22 09:49:07,7,Good
2/9/22 09:49:13,6,Good
2/9/22 09:49:22,5,Good
2/9/22 09:49:37,4,Good
2/9/22 09:49:45,3,Good
2/9/22 09:50:13,2,Good
2/9/22 09:50:53,1,Good
2/9/22 09:51:58,0,Good
2/9/22 09:53:29,-1,Good
2/9/22 09:53:36,0,Good
2/9/22 09:53:44,-1,Good
2/9/22 09:55:14,-2,Good
2/9/22 09:55:17,-1,Good
2/9/22 09:55:22,-2,Good
2/9/22 09:55:29,-1,Good
2/9/22 09:55:32,-2,Good
2/9/22 09:55:37,-1,Good
2/9/22 09:55:44,-2,Good
2/9/22 10:13:14,-3,Good
2/9/22 10:13:17,-2,Good
2/9/22 10:13:22,-3,Good
2/9/22 10:14:14,-2,Good
2/9/22 10:14:17,-3,Good
2/9/22 10:16:17,-2,Good
2/9/22 10:16:23,-3,Good
2/9/22 10:16:27,-2,Good
2/9/22 10:17:45,-3,Good
2/9/22 10:17:58,-2,Good
2/9/22 10:18:08,-3,Good
2/9/22 10:18:13,-2,Good
2/9/22 10:18:15,-3,Good
2/9/22 10:18:38,-2,Good
2/9/22 10:18:43,-3,Good
2/9/22 10:18:53,-2,Good
2/9/22 10:22:59,-3,Good
2/9/22 10:23:02,-2,Good
2/9/22 10:26:28,-3,Good
2/9/22 10:26:38,-2,Good
2/9/22 10:26:45,-3,Good
2/9/22 10:26:53,-2,Good
2/9/22 10:27:00,-3,Good
2/9/22 10:27:28,-2,Good
2/9/22 10:27:31,-3,Good
2/9/22 10:27:38,-2,Good
2/9/22 10:27:53,-3,Good
2/9/22 10:27:58,-2,Good
2/9/22 10:28:01,-3,Good
2/9/22 10:28:08,-2,Good
2/9/22 10:28:31,-3,Good
2/9/22 10:28:36,-2,Good
2/9/22 10:28:46,-3,Good
2/9/22 10:29:13,-2,Good
2/9/22 10:29:16,-3,Good
2/9/22 10:29:44,-2,Good
2/9/22 10:29:46,-3,Good
2/9/22 10:30:21,-2,Good
2/9/22 10:30:29,-3,Good
2/9/22 10:30:36,-4,Good
2/9/22 10:30:44,-3,Good
2/9/22 10:31:47,-4,Good
2/9/22 10:31:52,-3,Good
2/9/22 10:33:17,-4,Good
2/9/22 10:33:22,-3,Good
2/9/22 10:34:53,-4,Good
2/9/22 10:34:58,-3,Good
2/9/22 10:36:28,-4,Good
2/9/22 10:36:38,-3,Good
2/9/22 10:36:43,-4,Good
2/9/22 10:36:53,-3,Good
2/9/22 10:37:01,-4,Good
2/9/22 10:37:08,-2,Good
2/9/22 10:37:13,-4,Good
2/9/22 10:37:16,-3,Good
2/9/22 10:37:28,-4,Good
2/9/22 10:37:31,-3,Good
2/9/22 10:37:36,-4,Good
2/9/22 10:37:43,-3,Good
2/9/22 10:38:16,-2,Good
2/9/22 10:38:21,-3,Good
2/9/22 10:38:36,-2,Good
2/9/22 10:38:44,-3,Good
2/9/22 10:39:01,-2,Good
2/9/22 10:39:06,-3,Good
2/9/22 10:39:22,-2,Good
2/9/22 10:39:29,-3,Good
2/9/22 10:39:46,-2,Good
2/9/22 10:39:52,-3,Good
2/9/22 10:41:57,-2,Good
2/9/22 10:42:02,-3,Good
2/9/22 10:42:37,-2,Good
2/9/22 10:42:52,-3,Good
2/9/22 10:43:02,-2,Good
2/9/22 10:43:17,-3,Good
2/9/22 10:43:30,-2,Good
2/9/22 10:44:08,-3,Good
2/9/22 10:44:12,-2,Good
2/9/22 10:50:12,-3,Good
2/9/22 10:50:17,-2,Good
2/9/22 10:50:27,-3,Good
2/9/22 10:52:17,-2,Good
2/9/22 10:52:42,-3,Good
2/9/22 10:54:38,-2,Good
2/9/22 10:56:59,-1,Good
2/9/22 10:59:37,0,Good
2/9/22 11:00:17,-1,Good
2/9/22 11:01:07,0,Good
2/9/22 11:02:43,1,Good
2/9/22 11:04:28,2,Good
2/9/22 11:05:06,3,Good
2/9/22 11:06:29,4,Good
2/9/22 11:07:47,5,Good
2/9/22 11:12:13,6,Good
2/9/22 11:12:15,5,Good
2/9/22 11:15:36,6,Good
2/9/22 11:17:37,7,Good
2/9/22 11:17:47,6,Good
2/9/22 11:17:52,7,Good
2/9/22 11:26:32,8,Good
2/9/22 11:26:37,7,Good
2/9/22 11:26:47,8,Good
2/9/22 11:34:02,7,Good
2/9/22 11:34:07,8,Good
2/9/22 11:34:16,7,Good
2/9/22 11:34:21,8,Good
2/9/22 11:38:30,9,Good
2/9/22 11:38:38,8,Good
2/9/22 11:38:43,9,Good
2/9/22 11:49:16,10,Good
2/9/22 12:00:52,9,Good
2/9/22 12:00:59,10,Good
2/9/22 12:01:02,9,Good
2/9/22 12:01:14,10,Good
2/9/22 12:06:08,11,Good
2/9/22 12:06:13,10,Good
2/9/22 12:06:16,11,Good
2/9/22 12:09:06,10,Good
2/9/22 12:10:01,11,Good
2/9/22 12:10:07,10,Good
2/9/22 12:13:07,11,Good
2/9/22 12:13:10,10,Good
2/9/22 12:13:30,11,Good
2/9/22 12:13:38,10,Good
2/9/22 12:13:53,11,Good
2/9/22 12:14:00,10,Good
2/9/22 12:14:08,11,Good
2/9/22 12:14:10,10,Good
2/9/22 12:22:40,11,Good
2/9/22 12:22:45,10,Good
2/9/22 12:22:53,11,Good
2/9/22 12:25:59,10,Good
2/9/22 12:26:01,11,Good
2/9/22 12:26:09,10,Good
2/9/22 12:26:11,11,Good
2/9/22 12:26:16,10,Good
2/9/22 12:26:21,11,Good
2/9/22 12:26:26,10,Good
2/9/22 12:26:31,11,Good
2/9/22 12:26:36,10,Good
2/9/22 12:26:57,11,Good
2/9/22 12:27:01,10,Good
2/9/22 12:28:02,11,Good
2/9/22 12:28:07,10,Good
2/9/22 12:28:24,11,Good
2/9/22 12:28:37,10,Good
2/9/22 12:28:39,11,Good
2/9/22 12:28:47,10,Good
2/9/22 12:28:52,11,Good
2/9/22 12:28:55,10,Good
2/9/22 12:29:02,11,Good
2/9/22 12:55:37,10,Good
2/9/22 12:55:47,11,Good
2/9/22 12:55:52,10,Good
2/9/22 12:56:10,11,Good
2/9/22 12:56:17,10,Good
2/9/22 12:56:25,11,Good
2/9/22 12:56:52,10,Good
2/9/22 12:56:55,11,Good
2/9/22 13:03:52,10,Good
2/9/22 13:04:02,11,Good
2/9/22 13:04:07,10,Good
2/9/22 13:04:10,11,Good
2/9/22 13:04:22,10,Good
2/9/22 13:04:24,11,Good
2/9/22 13:07:30,12,Good
2/9/22 13:17:23,13,Good
2/9/22 13:32:22,14,Good
2/9/22 13:34:23,13,Good
2/9/22 13:34:53,14,Good
2/9/22 13:35:08,13,Good
2/9/22 13:35:15,14,Good
2/9/22 13:35:23,13,Good
2/9/22 13:42:32,14,Good
2/9/22 13:42:38,13,Good
2/9/22 13:43:03,14,Good
2/9/22 13:43:23,15,Good
2/9/22 13:44:38,14,Good
2/9/22 13:46:21,15,Good
2/9/22 13:48:02,14,Good
2/9/22 13:55:56,15,Good
2/9/22 14:02:23,14,Good
2/9/22 14:25:27,15,Good
2/9/22 14:27:07,14,Good
2/9/22 15:24:01,15,Good
2/9/22 15:24:11,14,Good
2/9/22 15:24:23,15,Good
2/9/22 15:24:26,14,Good
2/9/22 15:24:39,15,Good
2/9/22 15:24:56,14,Good
2/9/22 15:25:01,15,Good
2/9/22 15:25:09,14,Good
2/9/22 15:25:11,15,Good
