EastUp (deg c),,
Timestamp,Value,Quality
2/7/22 00:00:01,21,Good
2/7/22 00:00:07,20,Good
2/7/22 00:00:27,21,Good
2/7/22 00:00:37,20,Good
2/7/22 00:00:47,21,Good
2/7/22 00:03:33,20,Good
2/7/22 00:18:49,20,Good
2/7/22 00:18:54,-37,Good
2/7/22 00:19:02,-53,Good
2/7/22 00:19:07,-51,Good
2/7/22 00:19:09,-45,Good
2/7/22 00:19:17,-34,Good
2/7/22 00:19:22,-28,Good
2/7/22 00:19:24,-26,Good
2/7/22 00:19:32,-18,Good
2/7/22 00:19:37,-14,Good
2/7/22 00:19:39,-12,Good
2/7/22 00:19:47,-6,Good
2/7/22 00:19:52,-3,Good
2/7/22 00:19:54,-2,Good
2/7/22 00:20:02,1,Good
2/7/22 00:20:07,3,Good
2/7/22 00:20:10,4,Good
2/7/22 00:20:17,6,Good
2/7/22 00:20:22,7,Good
2/7/22 00:20:32,8,Good
2/7/22 00:20:37,9,Good
2/7/22 00:20:47,10,Good
2/7/22 00:21:08,11,Good
2/7/22 00:21:22,12,Good
2/7/22 00:21:33,13,Good
2/7/22 00:21:38,14,Good
2/7/22 00:21:48,15,Good
2/7/22 00:22:08,16,Good
2/7/22 00:22:18,17,Good
2/7/22 00:22:46,18,Good
2/7/22 00:23:23,19,Good
2/7/22 00:24:46,20,Good
2/7/22 01:24:48,20,Good
2/7/22 02:24:52,20,Good
2/7/22 03:24:54,20,Good
2/7/22 04:24:56,20,Good
2/7/22 05:25:02,20,Good
2/7/22 06:25:09,20,Good
2/7/22 07:25:11,20,Good
2/7/22 08:12:56,21,Good
2/7/22 08:13:09,20,Good
2/7/22 08:13:12,21,Good
2/7/22 09:13:18,21,Good
2/7/22 09:57:41,20,Good
2/7/22 09:59:36,19,Good
2/7/22 10:02:20,18,Good
2/7/22 10:13:25,17,Good
2/7/22 10:36:37,16,Good
2/7/22 10:36:47,17,Good
2/7/22 10:38:12,16,Good
2/7/22 10:38:20,17,Good
2/7/22 10:38:32,16,Good
2/7/22 10:38:47,17,Good
2/7/22 10:38:50,16,Good
2/7/22 10:39:05,17,Good
2/7/22 10:39:18,16,Good
2/7/22 10:39:33,17,Good
2/7/22 10:46:02,16,Good
2/7/22 11:44:18,17,Good
2/7/22 12:35:32,18,Good
2/7/22 12:35:42,17,Good
2/7/22 12:35:47,18,Good
2/7/22 13:04:35,19,Good
2/7/22 13:04:41,18,Good
2/7/22 13:04:51,19,Good
2/7/22 13:57:50,20,Good
2/7/22 13:57:58,19,Good
2/7/22 13:58:03,20,Good
2/7/22 13:58:11,19,Good
2/7/22 13:58:18,20,Good
2/7/22 13:59:03,19,Good
2/7/22 13:59:06,20,Good
2/7/22 14:47:52,21,Good
2/7/22 14:47:57,20,Good
2/7/22 14:48:12,21,Good
2/7/22 14:48:17,20,Good
2/7/22 14:48:32,21,Good
2/7/22 15:35:50,22,Good
2/7/22 15:36:03,21,Good
2/7/22 15:36:05,22,Good
2/7/22 15:36:18,21,Good
2/7/22 15:36:20,22,Good
2/7/22 15:36:43,21,Good
2/7/22 15:36:48,22,Good
2/7/22 15:37:06,21,Good
2/7/22 15:37:13,22,Good
2/7/22 15:57:11,21,Good
2/7/22 16:04:36,20,Good
2/7/22 16:14:04,19,Good
2/7/22 16:14:41,18,Good
2/7/22 16:15:04,17,Good
2/7/22 16:15:19,16,Good
2/7/22 16:15:34,15,Good
2/7/22 16:15:49,14,Good
2/7/22 16:16:04,13,Good
2/7/22 16:16:22,12,Good
2/7/22 16:16:42,11,Good
2/7/22 16:17:04,10,Good
2/7/22 16:17:22,9,Good
2/7/22 16:17:52,8,Good
2/7/22 16:18:27,7,Good
2/7/22 16:19:13,6,Good
2/7/22 16:19:50,5,Good
2/7/22 16:20:33,4,Good
2/7/22 16:21:18,3,Good
2/7/22 16:21:48,2,Good
2/7/22 16:22:13,1,Good
2/7/22 16:22:28,0,Good
2/7/22 16:22:51,-1,Good
2/7/22 16:23:13,-2,Good
2/7/22 16:23:41,-3,Good
2/7/22 16:24:11,-4,Good
2/7/22 16:24:49,-5,Good
2/7/22 16:25:19,-6,Good
2/7/22 16:25:22,-5,Good
2/7/22 16:25:27,-6,Good
2/7/22 16:25:57,-7,Good
2/7/22 16:26:34,-8,Good
2/7/22 16:27:02,-9,Good
2/7/22 16:27:37,-10,Good
2/7/22 16:28:12,-11,Good
2/7/22 16:28:58,-12,Good
2/7/22 16:29:58,-13,Good
2/7/22 16:31:34,-14,Good
2/7/22 16:33:34,-15,Good
2/7/22 16:36:02,-16,Good
2/7/22 16:39:28,-17,Good
2/7/22 16:45:02,-18,Good
2/7/22 16:45:37,-17,Good
2/7/22 16:45:57,-18,Good
2/7/22 16:46:07,-17,Good
2/7/22 16:46:43,-18,Good
2/7/22 16:46:48,-17,Good
2/7/22 16:47:33,-18,Good
2/7/22 17:06:36,-19,Good
2/7/22 17:08:13,-20,Good
2/7/22 17:09:04,-21,Good
2/7/22 17:09:42,-22,Good
2/7/22 17:10:12,-23,Good
2/7/22 17:10:42,-24,Good
2/7/22 17:11:04,-25,Good
2/7/22 17:11:32,-26,Good
2/7/22 17:11:57,-27,Good
2/7/22 17:12:22,-28,Good
2/7/22 17:12:52,-29,Good
2/7/22 17:13:23,-30,Good
2/7/22 17:13:53,-31,Good
2/7/22 17:14:23,-32,Good
2/7/22 17:14:58,-33,Good
2/7/22 17:15:28,-34,Good
2/7/22 17:16:03,-35,Good
2/7/22 17:16:49,-36,Good
2/7/22 17:17:36,-37,Good
2/7/22 17:18:34,-38,Good
2/7/22 17:19:34,-39,Good
2/7/22 17:20:52,-40,Good
2/7/22 17:22:33,-41,Good
2/7/22 17:24:21,-42,Good
2/7/22 17:26:21,-43,Good
2/7/22 17:28:34,-44,Good
2/7/22 17:31:58,-45,Good
2/7/22 17:35:18,-46,Good
2/7/22 17:39:47,-47,Good
2/7/22 17:44:21,-48,Good
2/7/22 17:44:26,-47,Good
2/7/22 17:44:34,-48,Good
2/7/22 17:48:42,-49,Good
2/7/22 17:52:21,-50,Good
2/7/22 17:52:33,-49,Good
2/7/22 17:52:36,-50,Good
2/7/22 17:57:27,-51,Good
2/7/22 18:02:26,-52,Good
2/7/22 18:06:47,-53,Good
2/7/22 18:06:52,-52,Good
2/7/22 18:06:58,-53,Good
2/7/22 18:12:22,-54,Good
2/7/22 18:18:18,-55,Good
2/7/22 18:18:21,-54,Good
2/7/22 18:18:28,-55,Good
2/7/22 18:24:04,-56,Good
2/7/22 18:30:36,-57,Good
2/7/22 18:36:58,-58,Good
2/7/22 18:37:01,-57,Good
2/7/22 18:37:28,-58,Good
2/7/22 18:37:31,-57,Good
2/7/22 18:37:36,-58,Good
2/7/22 18:44:00,-59,Good
2/7/22 18:44:05,-58,Good
2/7/22 18:44:13,-59,Good
2/7/22 18:50:22,-60,Good
2/7/22 18:57:27,-61,Good
2/7/22 19:03:51,-62,Good
2/7/22 19:11:05,-63,Good
2/7/22 19:17:52,-64,Good
2/7/22 19:25:42,-65,Good
2/7/22 19:26:22,-64,Good
2/7/22 19:26:27,-65,Good
2/7/22 19:33:21,-66,Good
2/7/22 19:33:42,-65,Good
2/7/22 19:33:52,-66,Good
2/7/22 19:34:07,-65,Good
2/7/22 19:34:12,-66,Good
2/7/22 19:34:22,-65,Good
2/7/22 19:34:27,-66,Good
2/7/22 19:34:52,-65,Good
2/7/22 19:35:00,-66,Good
2/7/22 19:41:52,-67,Good
2/7/22 19:41:56,-66,Good
2/7/22 19:42:01,-67,Good
2/7/22 19:42:12,-66,Good
2/7/22 19:42:17,-67,Good
2/7/22 19:42:22,-66,Good
2/7/22 19:42:27,-67,Good
2/7/22 19:50:01,-68,Good
2/7/22 19:59:36,-69,Good
2/7/22 19:59:51,-68,Good
2/7/22 19:59:57,-69,Good
2/7/22 20:05:51,-68,Good
2/7/22 20:05:58,-64,Good
2/7/22 20:06:00,-63,Good
2/7/22 20:06:06,-61,Good
2/7/22 20:06:13,-58,Good
2/7/22 20:06:16,-57,Good
2/7/22 20:06:21,-55,Good
2/7/22 20:06:28,-52,Good
2/7/22 20:06:31,-51,Good
2/7/22 20:06:36,-49,Good
2/7/22 20:06:43,-46,Good
2/7/22 20:06:51,-44,Good
2/7/22 20:06:58,-42,Good
2/7/22 20:07:01,-41,Good
2/7/22 20:07:06,-39,Good
2/7/22 20:07:14,-37,Good
2/7/22 20:07:21,-35,Good
2/7/22 20:07:29,-33,Good
2/7/22 20:07:36,-32,Good
2/7/22 20:07:43,-30,Good
2/7/22 20:07:51,-29,Good
2/7/22 20:07:59,-27,Good
2/7/22 20:08:06,-26,Good
2/7/22 20:08:11,-25,Good
2/7/22 20:08:16,-24,Good
2/7/22 20:08:21,-23,Good
2/7/22 20:08:31,-22,Good
2/7/22 20:08:36,-21,Good
2/7/22 20:08:47,-20,Good
2/7/22 20:08:51,-19,Good
2/7/22 20:09:02,-18,Good
2/7/22 20:09:17,-17,Good
2/7/22 20:09:27,-16,Good
2/7/22 20:09:37,-15,Good
2/7/22 20:09:52,-14,Good
2/7/22 20:10:07,-13,Good
2/7/22 20:10:27,-12,Good
2/7/22 20:10:52,-11,Good
2/7/22 20:11:12,-10,Good
2/7/22 20:11:37,-9,Good
2/7/22 20:12:22,-8,Good
2/7/22 20:13:23,-7,Good
2/7/22 20:15:36,-6,Good
2/7/22 20:17:14,-5,Good
2/7/22 20:17:32,-6,Good
2/7/22 20:19:42,-5,Good
2/7/22 20:25:13,-4,Good
2/7/22 20:26:37,-5,Good
2/7/22 20:26:56,-4,Good
2/7/22 20:27:02,-5,Good
2/7/22 20:27:07,-4,Good
2/7/22 20:28:27,-5,Good
2/7/22 20:28:45,-4,Good
2/7/22 20:33:06,-3,Good
2/7/22 20:34:06,-4,Good
2/7/22 20:34:21,-3,Good
2/7/22 20:34:51,-4,Good
2/7/22 20:34:59,-3,Good
2/7/22 20:36:01,-4,Good
2/7/22 20:38:12,-3,Good
2/7/22 20:41:13,-4,Good
2/7/22 20:41:15,-3,Good
2/7/22 20:41:21,-4,Good
2/7/22 20:41:28,-3,Good
2/7/22 20:41:58,-4,Good
2/7/22 20:42:31,-3,Good
2/7/22 20:43:44,-4,Good
2/7/22 20:43:46,-3,Good
2/7/22 20:49:35,-2,Good
2/7/22 20:49:43,-3,Good
2/7/22 20:49:45,-2,Good
2/7/22 20:49:53,-3,Good
2/7/22 20:54:37,-2,Good
2/7/22 20:55:42,-3,Good
2/7/22 20:55:52,-2,Good
2/7/22 20:58:58,-3,Good
2/7/22 20:59:05,-2,Good
2/7/22 20:59:13,-3,Good
2/7/22 20:59:15,-2,Good
2/7/22 21:00:51,-3,Good
2/7/22 21:01:16,-2,Good
2/7/22 21:01:51,-3,Good
2/7/22 21:02:46,-2,Good
2/7/22 21:02:57,-3,Good
2/7/22 21:03:32,-2,Good
2/7/22 21:03:37,-3,Good
2/7/22 21:03:42,-2,Good
2/7/22 21:04:22,-3,Good
2/7/22 21:04:42,-2,Good
2/7/22 21:04:44,-3,Good
2/7/22 21:06:22,-2,Good
2/7/22 21:22:37,-3,Good
2/7/22 21:22:52,-2,Good
2/7/22 21:33:30,-3,Good
2/7/22 21:33:38,-2,Good
2/7/22 21:53:23,-3,Good
2/7/22 21:53:28,-2,Good
2/7/22 21:55:21,-3,Good
2/7/22 21:55:51,-2,Good
2/7/22 21:56:01,-3,Good
2/7/22 21:56:06,-2,Good
2/7/22 21:56:32,-3,Good
2/7/22 21:57:27,-2,Good
2/7/22 22:01:13,-1,Good
2/7/22 22:01:23,-2,Good
2/7/22 22:05:26,-3,Good
2/7/22 22:06:47,-2,Good
2/7/22 22:08:12,-3,Good
2/7/22 22:08:58,-2,Good
2/7/22 22:09:12,-3,Good
2/7/22 22:09:23,-2,Good
2/7/22 22:15:07,-3,Good
2/7/22 22:15:12,-2,Good
2/7/22 22:17:53,-3,Good
2/7/22 22:17:57,-2,Good
2/7/22 22:18:22,-3,Good
2/7/22 22:18:30,-2,Good
2/7/22 22:18:43,-3,Good
2/7/22 22:19:23,-2,Good
2/7/22 22:19:53,-3,Good
2/7/22 22:20:13,-2,Good
2/7/22 22:20:23,-3,Good
2/7/22 22:20:43,-2,Good
2/7/22 22:20:51,-3,Good
2/7/22 22:23:21,-2,Good
2/7/22 22:25:29,-3,Good
2/7/22 22:25:37,-2,Good
2/7/22 22:25:42,-3,Good
2/7/22 22:25:44,-2,Good
2/7/22 22:27:43,-3,Good
2/7/22 22:27:45,-2,Good
2/7/22 22:27:53,-3,Good
2/7/22 22:28:38,-2,Good
2/7/22 22:28:58,-3,Good
2/7/22 22:29:01,-2,Good
2/7/22 22:31:06,-3,Good
2/7/22 22:32:46,-2,Good
2/7/22 22:32:57,-3,Good
2/7/22 22:33:22,-2,Good
2/7/22 22:33:57,-3,Good
2/7/22 22:34:15,-2,Good
2/7/22 22:34:22,-3,Good
2/7/22 22:34:27,-2,Good
2/7/22 22:34:42,-3,Good
2/7/22 22:35:07,-2,Good
2/7/22 22:35:12,-3,Good
2/7/22 22:36:00,-2,Good
2/7/22 22:36:45,-3,Good
2/7/22 22:37:45,-2,Good
2/7/22 22:38:01,-3,Good
2/7/22 22:38:13,-2,Good
2/7/22 22:40:14,-3,Good
2/7/22 22:40:29,-2,Good
2/7/22 22:47:28,-3,Good
2/7/22 22:47:31,-2,Good
2/7/22 22:51:07,-3,Good
2/7/22 22:51:27,-2,Good
2/7/22 22:51:42,-3,Good
2/7/22 22:52:07,-2,Good
2/7/22 22:52:12,-3,Good
2/7/22 22:53:22,-2,Good
2/7/22 22:56:06,-3,Good
2/7/22 22:56:13,-2,Good
2/7/22 23:00:37,-3,Good
2/7/22 23:01:02,-2,Good
2/7/22 23:01:07,-3,Good
2/7/22 23:01:57,-2,Good
2/7/22 23:02:00,-3,Good
2/7/22 23:02:22,-2,Good
2/7/22 23:02:58,-3,Good
2/7/22 23:03:08,-2,Good
2/7/22 23:03:13,-3,Good
2/7/22 23:03:28,-2,Good
2/7/22 23:03:38,-3,Good
2/7/22 23:03:45,-2,Good
2/7/22 23:04:23,-3,Good
2/7/22 23:05:36,-2,Good
2/7/22 23:05:43,-3,Good
2/7/22 23:06:29,-2,Good
2/7/22 23:06:59,-3,Good
2/7/22 23:10:02,-2,Good
2/7/22 23:10:07,-3,Good
2/7/22 23:10:22,-2,Good
2/7/22 23:10:42,-3,Good
2/7/22 23:12:58,-2,Good
2/7/22 23:13:08,-3,Good
2/7/22 23:13:28,-2,Good
2/7/22 23:13:31,-3,Good
2/7/22 23:16:06,-4,Good
2/7/22 23:16:14,-3,Good
2/7/22 23:19:52,-2,Good
2/7/22 23:20:07,-3,Good
2/7/22 23:20:23,-2,Good
2/7/22 23:20:37,-3,Good
2/7/22 23:32:46,-2,Good
2/7/22 23:32:51,-3,Good
2/7/22 23:33:28,-2,Good
2/7/22 23:33:36,-3,Good
2/7/22 23:33:44,-2,Good
2/7/22 23:34:29,-3,Good
2/7/22 23:34:31,-2,Good
2/7/22 23:34:36,-3,Good
2/7/22 23:37:22,-2,Good
2/7/22 23:37:42,-3,Good
2/7/22 23:41:51,-2,Good
2/7/22 23:41:58,-3,Good
2/7/22 23:44:31,-4,Good
2/7/22 23:44:44,-3,Good
2/7/22 23:44:57,-4,Good
2/7/22 23:45:17,-3,Good
2/7/22 23:47:52,-4,Good
2/7/22 23:47:58,-3,Good
2/7/22 23:48:07,-4,Good
2/7/22 23:48:43,-3,Good
2/7/22 23:49:13,-4,Good
2/7/22 23:51:29,-3,Good
2/7/22 23:51:43,-4,Good
2/7/22 23:51:59,-3,Good
2/7/22 23:52:06,-4,Good
2/7/22 23:52:14,-3,Good
2/7/22 23:52:44,-4,Good
2/7/22 23:52:59,-3,Good
2/7/22 23:53:22,-4,Good
2/7/22 23:53:31,-3,Good
2/7/22 23:53:47,-4,Good
2/7/22 23:53:57,-3,Good
2/7/22 23:54:02,-4,Good
2/7/22 23:54:57,-3,Good
2/7/22 23:55:12,-4,Good
2/7/22 23:55:37,-3,Good
2/7/22 23:56:22,-4,Good
2/8/22 00:00:14,-3,Good
2/8/22 00:00:31,-4,Good
2/8/22 00:00:46,-3,Good
2/8/22 00:00:58,-4,Good
2/8/22 00:01:21,-3,Good
2/8/22 00:01:29,-4,Good
2/8/22 00:01:36,-3,Good
2/8/22 00:02:06,-4,Good
2/8/22 00:02:12,-3,Good
2/8/22 00:02:21,-4,Good
2/8/22 00:02:47,-3,Good
2/8/22 00:02:52,-4,Good
2/8/22 00:06:23,-3,Good
2/8/22 00:06:28,-4,Good
2/8/22 00:07:28,-3,Good
2/8/22 00:07:30,-4,Good
2/8/22 00:07:35,-3,Good
2/8/22 00:08:36,-4,Good
2/8/22 00:10:46,-3,Good
2/8/22 00:10:51,-4,Good
2/8/22 00:12:07,-3,Good
2/8/22 00:12:12,-4,Good
2/8/22 00:12:27,-3,Good
2/8/22 00:12:42,-4,Good
2/8/22 00:17:44,-5,Good
2/8/22 00:17:58,-4,Good
2/8/22 00:18:06,-5,Good
2/8/22 00:18:59,-4,Good
2/8/22 00:24:45,-5,Good
2/8/22 00:26:06,-4,Good
2/8/22 00:31:52,-5,Good
2/8/22 00:32:07,-4,Good
2/8/22 00:32:22,-5,Good
2/8/22 00:32:38,-4,Good
2/8/22 00:32:58,-5,Good
2/8/22 00:33:15,-4,Good
2/8/22 00:33:30,-5,Good
2/8/22 00:34:28,-4,Good
2/8/22 00:34:35,-5,Good
2/8/22 00:35:28,-4,Good
2/8/22 00:35:31,-5,Good
2/8/22 00:35:36,-4,Good
2/8/22 00:35:51,-5,Good
2/8/22 00:36:43,-4,Good
2/8/22 00:36:46,-5,Good
2/8/22 00:37:06,-4,Good
2/8/22 00:37:59,-5,Good
2/8/22 00:38:07,-4,Good
2/8/22 00:38:12,-5,Good
2/8/22 00:38:44,-4,Good
2/8/22 00:38:57,-5,Good
2/8/22 00:39:07,-4,Good
2/8/22 00:40:27,-5,Good
2/8/22 00:41:07,-4,Good
2/8/22 00:41:30,-5,Good
2/8/22 00:42:13,-4,Good
2/8/22 00:42:23,-5,Good
2/8/22 00:42:38,-4,Good
2/8/22 00:42:45,-5,Good
2/8/22 00:42:58,-4,Good
2/8/22 00:43:23,-5,Good
2/8/22 00:43:38,-4,Good
2/8/22 00:44:13,-5,Good
2/8/22 00:44:28,-4,Good
2/8/22 00:44:46,-5,Good
2/8/22 00:44:58,-4,Good
2/8/22 00:45:14,-5,Good
2/8/22 00:45:31,-4,Good
2/8/22 00:46:14,-5,Good
2/8/22 00:46:29,-4,Good
2/8/22 00:47:02,-5,Good
2/8/22 00:47:07,-4,Good
2/8/22 00:49:27,-5,Good
2/8/22 00:54:06,-4,Good
2/8/22 00:54:59,-5,Good
2/8/22 00:55:06,-4,Good
2/8/22 00:55:21,-5,Good
2/8/22 00:59:23,-6,Good
2/8/22 00:59:58,-5,Good
2/8/22 01:02:51,-6,Good
2/8/22 01:03:14,-5,Good
2/8/22 01:03:29,-6,Good
2/8/22 01:04:29,-5,Good
2/8/22 01:06:47,-6,Good
2/8/22 01:06:52,-5,Good
2/8/22 01:07:52,-6,Good
2/8/22 01:07:57,-5,Good
2/8/22 01:08:23,-6,Good
2/8/22 01:10:06,-5,Good
2/8/22 01:11:13,-6,Good
2/8/22 01:11:28,-5,Good
2/8/22 01:11:31,-6,Good
2/8/22 01:12:51,-5,Good
2/8/22 01:15:07,-6,Good
2/8/22 01:15:27,-5,Good
2/8/22 01:15:42,-6,Good
2/8/22 01:16:02,-5,Good
2/8/22 01:16:07,-6,Good
2/8/22 01:18:23,-5,Good
2/8/22 01:18:38,-6,Good
2/8/22 01:18:53,-5,Good
2/8/22 01:19:08,-6,Good
2/8/22 01:19:23,-5,Good
2/8/22 01:19:31,-6,Good
2/8/22 01:19:58,-5,Good
2/8/22 01:20:06,-6,Good
2/8/22 01:20:13,-5,Good
2/8/22 01:20:36,-6,Good
2/8/22 01:20:53,-5,Good
2/8/22 01:21:16,-6,Good
2/8/22 01:21:21,-5,Good
2/8/22 01:22:16,-6,Good
2/8/22 01:22:21,-5,Good
2/8/22 01:22:29,-6,Good
2/8/22 01:23:37,-5,Good
2/8/22 01:23:44,-6,Good
2/8/22 01:23:47,-5,Good
2/8/22 01:24:02,-6,Good
2/8/22 01:24:07,-5,Good
2/8/22 01:24:17,-6,Good
2/8/22 01:24:27,-5,Good
2/8/22 01:24:37,-6,Good
2/8/22 01:24:47,-5,Good
2/8/22 01:24:52,-6,Good
2/8/22 01:25:00,-5,Good
2/8/22 01:25:07,-6,Good
2/8/22 01:25:53,-5,Good
2/8/22 01:27:38,-6,Good
2/8/22 01:27:43,-5,Good
2/8/22 01:28:38,-6,Good
2/8/22 01:28:43,-5,Good
2/8/22 01:29:23,-6,Good
2/8/22 01:29:43,-5,Good
2/8/22 01:32:07,-6,Good
2/8/22 01:32:29,-5,Good
2/8/22 01:32:31,-6,Good
2/8/22 01:32:42,-5,Good
2/8/22 01:34:07,-6,Good
2/8/22 01:34:12,-5,Good
2/8/22 01:34:45,-6,Good
2/8/22 01:34:52,-5,Good
2/8/22 01:34:58,-6,Good
2/8/22 01:35:07,-5,Good
2/8/22 01:35:23,-6,Good
2/8/22 01:36:15,-5,Good
2/8/22 01:37:23,-6,Good
2/8/22 01:37:28,-5,Good
2/8/22 01:38:46,-6,Good
2/8/22 01:38:51,-5,Good
2/8/22 01:42:42,-6,Good
2/8/22 01:42:45,-5,Good
2/8/22 01:42:57,-6,Good
2/8/22 01:43:00,-5,Good
2/8/22 01:43:07,-6,Good
2/8/22 01:44:53,-5,Good
2/8/22 01:45:13,-6,Good
2/8/22 01:45:53,-5,Good
2/8/22 01:46:08,-6,Good
2/8/22 01:46:13,-5,Good
2/8/22 01:46:38,-6,Good
2/8/22 01:46:43,-5,Good
2/8/22 01:46:46,-6,Good
2/8/22 01:46:53,-5,Good
2/8/22 01:46:58,-6,Good
2/8/22 01:47:28,-5,Good
2/8/22 01:47:36,-6,Good
2/8/22 01:47:44,-5,Good
2/8/22 01:54:38,-6,Good
2/8/22 01:55:23,-5,Good
2/8/22 01:55:28,-6,Good
2/8/22 01:55:46,-5,Good
2/8/22 01:56:01,-6,Good
2/8/22 01:56:06,-5,Good
2/8/22 01:59:52,-6,Good
2/8/22 01:59:57,-5,Good
2/8/22 02:00:47,-6,Good
2/8/22 02:00:57,-5,Good
2/8/22 02:01:02,-6,Good
2/8/22 02:01:07,-5,Good
2/8/22 02:01:12,-6,Good
2/8/22 02:04:13,-5,Good
2/8/22 02:05:21,-6,Good
2/8/22 02:06:29,-5,Good
2/8/22 02:06:31,-6,Good
2/8/22 02:07:22,-5,Good
2/8/22 02:07:29,-6,Good
2/8/22 02:07:52,-5,Good
2/8/22 02:08:32,-6,Good
2/8/22 02:08:52,-5,Good
2/8/22 02:08:57,-6,Good
2/8/22 02:10:58,-5,Good
2/8/22 02:11:08,-6,Good
2/8/22 02:11:28,-5,Good
2/8/22 02:11:30,-6,Good
2/8/22 02:12:30,-5,Good
2/8/22 02:12:38,-6,Good
2/8/22 02:12:46,-5,Good
2/8/22 02:13:43,-6,Good
2/8/22 02:13:46,-5,Good
2/8/22 02:13:53,-6,Good
2/8/22 02:15:14,-5,Good
2/8/22 02:15:16,-6,Good
2/8/22 02:16:37,-5,Good
2/8/22 02:16:44,-6,Good
2/8/22 02:16:59,-5,Good
2/8/22 02:18:22,-4,Good
2/8/22 02:18:27,-5,Good
2/8/22 02:18:32,-4,Good
2/8/22 02:18:47,-5,Good
2/8/22 02:20:53,-6,Good
2/8/22 02:21:08,-5,Good
2/8/22 02:21:13,-6,Good
2/8/22 02:22:08,-5,Good
2/8/22 02:22:53,-6,Good
2/8/22 02:24:44,-5,Good
2/8/22 02:24:59,-6,Good
2/8/22 02:25:17,-5,Good
2/8/22 02:25:37,-6,Good
2/8/22 02:25:44,-5,Good
2/8/22 02:25:59,-6,Good
2/8/22 02:26:14,-5,Good
2/8/22 02:28:12,-6,Good
2/8/22 02:28:22,-5,Good
2/8/22 02:28:38,-6,Good
2/8/22 02:28:42,-5,Good
2/8/22 02:28:52,-6,Good
2/8/22 02:29:08,-5,Good
2/8/22 02:35:37,-6,Good
2/8/22 02:36:02,-5,Good
2/8/22 02:36:07,-6,Good
2/8/22 02:36:12,-5,Good
2/8/22 02:37:42,-6,Good
2/8/22 02:37:58,-5,Good
2/8/22 02:38:13,-6,Good
2/8/22 02:38:28,-5,Good
2/8/22 02:38:43,-6,Good
2/8/22 02:38:58,-5,Good
2/8/22 02:40:08,-4,Good
2/8/22 02:40:13,-5,Good
2/8/22 02:44:57,-6,Good
2/8/22 02:46:22,-5,Good
2/8/22 02:49:13,-6,Good
2/8/22 02:49:23,-5,Good
2/8/22 02:49:43,-6,Good
2/8/22 02:50:58,-5,Good
2/8/22 02:51:14,-6,Good
2/8/22 02:52:01,-5,Good
2/8/22 02:52:14,-6,Good
2/8/22 02:52:37,-5,Good
2/8/22 02:52:44,-6,Good
2/8/22 02:53:14,-5,Good
2/8/22 02:53:16,-6,Good
2/8/22 02:53:32,-5,Good
2/8/22 02:54:22,-6,Good
2/8/22 02:54:42,-5,Good
2/8/22 02:56:08,-6,Good
2/8/22 02:56:13,-5,Good
2/8/22 02:56:38,-6,Good
2/8/22 02:56:43,-5,Good
2/8/22 02:58:13,-6,Good
2/8/22 02:58:23,-5,Good
2/8/22 02:58:38,-6,Good
2/8/22 03:01:36,-5,Good
2/8/22 03:01:52,-6,Good
2/8/22 03:01:59,-5,Good
2/8/22 03:02:14,-6,Good
2/8/22 03:03:02,-5,Good
2/8/22 03:03:52,-6,Good
2/8/22 03:04:07,-5,Good
2/8/22 03:04:15,-6,Good
2/8/22 03:06:23,-5,Good
2/8/22 03:06:28,-6,Good
2/8/22 03:06:46,-5,Good
2/8/22 03:06:58,-6,Good
2/8/22 03:07:16,-5,Good
2/8/22 03:07:38,-6,Good
2/8/22 03:07:53,-5,Good
2/8/22 03:08:06,-6,Good
2/8/22 03:08:29,-5,Good
2/8/22 03:10:22,-6,Good
2/8/22 03:12:52,-5,Good
2/8/22 03:14:13,-6,Good
2/8/22 03:14:23,-5,Good
2/8/22 03:14:38,-6,Good
2/8/22 03:14:58,-5,Good
2/8/22 03:15:08,-6,Good
2/8/22 03:16:01,-5,Good
2/8/22 03:16:53,-6,Good
2/8/22 03:20:17,-5,Good
2/8/22 03:20:42,-6,Good
2/8/22 03:20:52,-5,Good
2/8/22 03:21:12,-6,Good
2/8/22 03:21:22,-5,Good
2/8/22 03:22:12,-6,Good
2/8/22 03:23:28,-7,Good
2/8/22 03:23:30,-6,Good
2/8/22 03:28:29,-5,Good
2/8/22 03:28:44,-6,Good
2/8/22 03:28:52,-5,Good
2/8/22 03:29:52,-6,Good
2/8/22 03:30:02,-5,Good
2/8/22 03:30:17,-6,Good
2/8/22 03:30:32,-5,Good
2/8/22 03:30:42,-6,Good
2/8/22 03:33:38,-7,Good
2/8/22 03:33:43,-6,Good
2/8/22 03:34:13,-7,Good
2/8/22 03:34:16,-6,Good
2/8/22 03:36:06,-5,Good
2/8/22 03:36:16,-6,Good
2/8/22 03:36:29,-5,Good
2/8/22 03:36:36,-6,Good
2/8/22 03:36:51,-5,Good
2/8/22 03:37:14,-6,Good
2/8/22 03:38:12,-5,Good
2/8/22 03:38:17,-6,Good
2/8/22 03:42:30,-5,Good
2/8/22 03:42:38,-6,Good
2/8/22 03:44:14,-5,Good
2/8/22 03:44:16,-6,Good
2/8/22 03:44:36,-5,Good
2/8/22 03:44:46,-6,Good
2/8/22 03:49:00,-5,Good
2/8/22 03:49:07,-6,Good
2/8/22 03:52:01,-7,Good
2/8/22 03:52:08,-6,Good
2/8/22 03:52:43,-7,Good
2/8/22 03:52:46,-6,Good
2/8/22 03:52:51,-7,Good
2/8/22 03:53:38,-6,Good
2/8/22 03:54:16,-7,Good
2/8/22 03:54:29,-6,Good
2/8/22 03:54:36,-7,Good
2/8/22 03:55:01,-6,Good
2/8/22 03:57:32,-7,Good
2/8/22 03:57:42,-6,Good
2/8/22 04:00:13,-7,Good
2/8/22 04:00:16,-6,Good
2/8/22 04:03:31,-7,Good
2/8/22 04:03:44,-6,Good
2/8/22 04:03:47,-7,Good
2/8/22 04:03:51,-6,Good
2/8/22 04:04:01,-7,Good
2/8/22 04:04:07,-6,Good
2/8/22 04:04:29,-7,Good
2/8/22 04:04:47,-6,Good
2/8/22 04:05:17,-7,Good
2/8/22 04:05:22,-6,Good
2/8/22 04:06:27,-5,Good
2/8/22 04:06:42,-6,Good
2/8/22 04:09:38,-5,Good
2/8/22 04:10:08,-6,Good
2/8/22 04:10:54,-5,Good
2/8/22 04:11:01,-6,Good
2/8/22 04:11:29,-5,Good
2/8/22 04:11:36,-6,Good
2/8/22 04:12:32,-5,Good
2/8/22 04:13:59,-6,Good
2/8/22 04:14:12,-5,Good
2/8/22 04:14:17,-6,Good
2/8/22 04:16:15,-5,Good
2/8/22 04:17:13,-6,Good
2/8/22 04:17:15,-5,Good
2/8/22 04:18:23,-6,Good
2/8/22 04:19:08,-5,Good
2/8/22 04:19:13,-6,Good
2/8/22 04:19:16,-5,Good
2/8/22 04:19:23,-6,Good
2/8/22 04:22:59,-5,Good
2/8/22 04:23:47,-6,Good
2/8/22 04:24:02,-5,Good
2/8/22 04:24:22,-6,Good
2/8/22 04:24:27,-5,Good
2/8/22 04:25:00,-6,Good
2/8/22 04:25:08,-5,Good
2/8/22 04:26:08,-6,Good
2/8/22 04:26:15,-5,Good
2/8/22 04:26:23,-6,Good
2/8/22 04:26:30,-5,Good
2/8/22 04:26:38,-6,Good
2/8/22 04:35:30,-5,Good
2/8/22 04:35:58,-6,Good
2/8/22 04:36:00,-5,Good
2/8/22 04:36:13,-6,Good
2/8/22 04:37:16,-5,Good
2/8/22 04:37:23,-6,Good
2/8/22 04:38:14,-5,Good
2/8/22 04:39:14,-6,Good
2/8/22 04:39:29,-5,Good
2/8/22 04:39:52,-6,Good
2/8/22 04:39:59,-5,Good
2/8/22 04:40:57,-6,Good
2/8/22 04:41:17,-5,Good
2/8/22 04:41:22,-6,Good
2/8/22 04:42:27,-5,Good
2/8/22 04:42:32,-6,Good
2/8/22 04:42:42,-5,Good
2/8/22 04:43:53,-6,Good
2/8/22 04:43:58,-5,Good
2/8/22 04:44:15,-6,Good
2/8/22 04:47:54,-7,Good
2/8/22 04:48:02,-6,Good
2/8/22 04:49:37,-5,Good
2/8/22 04:49:52,-6,Good
2/8/22 04:52:45,-5,Good
2/8/22 04:52:53,-6,Good
2/8/22 04:53:23,-5,Good
2/8/22 04:53:38,-6,Good
2/8/22 04:54:11,-5,Good
2/8/22 04:54:23,-6,Good
2/8/22 04:59:47,-7,Good
2/8/22 05:00:02,-6,Good
2/8/22 05:00:22,-7,Good
2/8/22 05:00:38,-6,Good
2/8/22 05:02:38,-7,Good
2/8/22 05:03:00,-6,Good
2/8/22 05:03:16,-7,Good
2/8/22 05:03:40,-6,Good
2/8/22 05:03:53,-7,Good
2/8/22 05:05:36,-6,Good
2/8/22 05:05:56,-7,Good
2/8/22 05:06:47,-6,Good
2/8/22 05:07:01,-7,Good
2/8/22 05:07:22,-6,Good
2/8/22 05:07:32,-7,Good
2/8/22 05:07:47,-6,Good
2/8/22 05:08:17,-7,Good
2/8/22 05:08:32,-6,Good
2/8/22 05:08:37,-7,Good
2/8/22 05:09:07,-6,Good
2/8/22 05:09:25,-7,Good
2/8/22 05:09:32,-6,Good
2/8/22 05:09:37,-7,Good
2/8/22 05:09:40,-6,Good
2/8/22 05:09:47,-7,Good
2/8/22 05:10:08,-6,Good
2/8/22 05:11:08,-7,Good
2/8/22 05:11:15,-6,Good
2/8/22 05:12:41,-7,Good
2/8/22 05:12:46,-6,Good
2/8/22 05:12:53,-7,Good
2/8/22 05:13:08,-6,Good
2/8/22 05:13:23,-7,Good
2/8/22 05:13:26,-6,Good
2/8/22 05:14:36,-7,Good
2/8/22 05:17:55,-6,Good
2/8/22 05:18:02,-7,Good
2/8/22 05:23:16,-8,Good
2/8/22 05:23:27,-7,Good
2/8/22 05:25:39,-6,Good
2/8/22 05:25:47,-7,Good
2/8/22 05:25:52,-6,Good
2/8/22 05:26:02,-7,Good
2/8/22 05:26:17,-6,Good
2/8/22 05:26:37,-7,Good
2/8/22 05:26:47,-6,Good
2/8/22 05:28:48,-7,Good
2/8/22 05:28:53,-6,Good
2/8/22 05:28:55,-7,Good
2/8/22 05:30:53,-8,Good
2/8/22 05:31:09,-7,Good
2/8/22 05:32:36,-6,Good
2/8/22 05:32:41,-7,Good
2/8/22 05:33:11,-6,Good
2/8/22 05:33:17,-7,Good
2/8/22 05:33:32,-6,Good
2/8/22 05:33:47,-7,Good
2/8/22 05:34:07,-6,Good
2/8/22 05:34:32,-7,Good
2/8/22 05:34:37,-6,Good
2/8/22 05:34:40,-7,Good
2/8/22 05:40:09,-6,Good
2/8/22 05:40:24,-7,Good
2/8/22 05:42:32,-6,Good
2/8/22 05:42:37,-7,Good
2/8/22 05:43:02,-6,Good
2/8/22 05:43:07,-7,Good
2/8/22 05:44:25,-6,Good
2/8/22 05:44:32,-7,Good
2/8/22 05:46:53,-8,Good
2/8/22 05:47:10,-7,Good
2/8/22 05:49:56,-8,Good
2/8/22 05:50:07,-7,Good
2/8/22 05:50:31,-8,Good
2/8/22 05:50:36,-7,Good
2/8/22 05:53:02,-6,Good
2/8/22 05:53:10,-7,Good
2/8/22 05:54:02,-6,Good
2/8/22 05:54:10,-7,Good
2/8/22 05:56:30,-8,Good
2/8/22 05:56:38,-7,Good
2/8/22 05:58:41,-8,Good
2/8/22 05:58:46,-7,Good
2/8/22 05:59:36,-8,Good
2/8/22 05:59:47,-7,Good
2/8/22 05:59:54,-8,Good
2/8/22 06:00:12,-7,Good
2/8/22 06:03:33,-8,Good
2/8/22 06:03:37,-7,Good
2/8/22 06:06:23,-8,Good
2/8/22 06:06:26,-7,Good
2/8/22 06:06:53,-8,Good
2/8/22 06:07:01,-7,Good
2/8/22 06:08:37,-8,Good
2/8/22 06:08:54,-7,Good
2/8/22 06:10:17,-8,Good
2/8/22 06:10:37,-7,Good
2/8/22 06:10:39,-8,Good
2/8/22 06:10:47,-7,Good
2/8/22 06:10:52,-8,Good
2/8/22 06:14:31,-7,Good
2/8/22 06:14:53,-8,Good
2/8/22 06:15:00,-7,Good
2/8/22 06:16:38,-8,Good
2/8/22 06:16:54,-7,Good
2/8/22 06:16:56,-8,Good
2/8/22 06:17:16,-7,Good
2/8/22 06:20:02,-8,Good
2/8/22 06:20:10,-7,Good
2/8/22 06:20:25,-8,Good
2/8/22 06:21:23,-7,Good
2/8/22 06:21:32,-8,Good
2/8/22 06:21:38,-7,Good
2/8/22 06:22:18,-8,Good
2/8/22 06:22:33,-7,Good
2/8/22 06:22:45,-8,Good
2/8/22 06:23:38,-7,Good
2/8/22 06:23:53,-8,Good
2/8/22 06:24:53,-7,Good
2/8/22 06:25:09,-8,Good
2/8/22 06:25:11,-7,Good
2/8/22 06:26:09,-8,Good
2/8/22 06:26:36,-7,Good
2/8/22 06:26:41,-8,Good
2/8/22 06:27:37,-7,Good
2/8/22 06:27:47,-8,Good
2/8/22 06:28:17,-7,Good
2/8/22 06:28:39,-8,Good
2/8/22 06:28:47,-7,Good
2/8/22 06:29:07,-8,Good
2/8/22 06:29:22,-7,Good
2/8/22 06:34:01,-8,Good
2/8/22 06:34:26,-7,Good
2/8/22 06:34:54,-8,Good
2/8/22 06:35:01,-7,Good
2/8/22 06:35:11,-8,Good
2/8/22 06:35:16,-7,Good
2/8/22 06:35:24,-8,Good
2/8/22 06:35:31,-7,Good
2/8/22 06:35:56,-8,Good
2/8/22 06:36:09,-7,Good
2/8/22 06:37:32,-8,Good
2/8/22 06:39:07,-7,Good
2/8/22 06:39:22,-8,Good
2/8/22 06:39:38,-7,Good
2/8/22 06:39:48,-8,Good
2/8/22 06:40:40,-7,Good
2/8/22 06:44:26,-8,Good
2/8/22 06:44:36,-7,Good
2/8/22 06:55:07,-8,Good
2/8/22 06:55:37,-7,Good
2/8/22 06:56:55,-6,Good
2/8/22 06:57:10,-7,Good
2/8/22 06:58:33,-8,Good
2/8/22 06:58:53,-7,Good
2/8/22 06:59:16,-8,Good
2/8/22 06:59:23,-7,Good
2/8/22 06:59:38,-8,Good
2/8/22 07:00:26,-7,Good
2/8/22 07:00:31,-8,Good
2/8/22 07:00:41,-7,Good
2/8/22 07:00:46,-8,Good
2/8/22 07:01:54,-7,Good
2/8/22 07:03:52,-8,Good
2/8/22 07:04:07,-7,Good
2/8/22 07:04:24,-8,Good
2/8/22 07:04:42,-7,Good
2/8/22 07:05:47,-8,Good
2/8/22 07:07:10,-7,Good
2/8/22 07:07:25,-8,Good
2/8/22 07:07:38,-7,Good
2/8/22 07:08:56,-6,Good
2/8/22 07:09:08,-7,Good
2/8/22 07:12:07,-8,Good
2/8/22 07:12:47,-7,Good
2/8/22 07:12:52,-8,Good
2/8/22 07:12:54,-7,Good
2/8/22 07:14:22,-6,Good
2/8/22 07:14:47,-7,Good
2/8/22 07:18:38,-8,Good
2/8/22 07:18:53,-7,Good
2/8/22 07:19:08,-8,Good
2/8/22 07:19:26,-7,Good
2/8/22 07:20:36,-8,Good
2/8/22 07:20:42,-7,Good
2/8/22 07:22:52,-8,Good
2/8/22 07:23:02,-7,Good
2/8/22 07:23:25,-8,Good
2/8/22 07:23:52,-7,Good
2/8/22 07:24:48,-8,Good
2/8/22 07:25:03,-7,Good
2/8/22 07:25:10,-8,Good
2/8/22 07:25:23,-7,Good
2/8/22 07:28:39,-8,Good
2/8/22 07:30:17,-7,Good
2/8/22 07:30:47,-8,Good
2/8/22 07:31:22,-7,Good
2/8/22 07:31:47,-8,Good
2/8/22 07:31:55,-7,Good
2/8/22 07:32:07,-8,Good
2/8/22 07:33:17,-7,Good
2/8/22 07:34:45,-8,Good
2/8/22 07:35:08,-7,Good
2/8/22 07:35:23,-8,Good
2/8/22 07:35:38,-7,Good
2/8/22 07:35:53,-8,Good
2/8/22 07:36:08,-7,Good
2/8/22 07:36:41,-8,Good
2/8/22 07:36:46,-7,Good
2/8/22 07:37:09,-8,Good
2/8/22 07:37:54,-7,Good
2/8/22 07:38:54,-8,Good
2/8/22 07:39:17,-7,Good
2/8/22 07:39:27,-8,Good
2/8/22 07:39:42,-7,Good
2/8/22 07:40:02,-8,Good
2/8/22 07:44:16,-7,Good
2/8/22 07:44:38,-8,Good
2/8/22 07:46:46,-7,Good
2/8/22 07:46:54,-8,Good
2/8/22 07:48:22,-9,Good
2/8/22 07:48:32,-8,Good
2/8/22 07:49:17,-9,Good
2/8/22 07:49:22,-8,Good
2/8/22 07:50:17,-7,Good
2/8/22 07:50:37,-8,Good
2/8/22 07:50:40,-7,Good
2/8/22 07:51:47,-8,Good
2/8/22 07:51:55,-7,Good
2/8/22 07:52:15,-8,Good
2/8/22 07:52:53,-7,Good
2/8/22 07:52:55,-8,Good
2/8/22 07:59:22,-9,Good
2/8/22 07:59:40,-8,Good
2/8/22 08:02:46,-7,Good
2/8/22 08:02:53,-8,Good
2/8/22 08:03:38,-9,Good
2/8/22 08:03:46,-8,Good
2/8/22 08:11:08,-9,Good
2/8/22 08:11:11,-8,Good
2/8/22 08:11:23,-9,Good
2/8/22 08:11:38,-8,Good
2/8/22 08:12:11,-9,Good
2/8/22 08:13:11,-8,Good
2/8/22 08:14:42,-9,Good
2/8/22 08:14:57,-8,Good
2/8/22 08:20:00,-7,Good
2/8/22 08:20:08,-8,Good
2/8/22 08:20:11,-7,Good
2/8/22 08:20:16,-8,Good
2/8/22 08:24:06,-9,Good
2/8/22 08:24:17,-8,Good
2/8/22 08:24:32,-9,Good
2/8/22 08:24:37,-8,Good
2/8/22 08:25:07,-9,Good
2/8/22 08:25:12,-8,Good
2/8/22 08:28:17,-9,Good
2/8/22 08:28:23,-8,Good
2/8/22 08:28:33,-9,Good
2/8/22 08:33:07,-8,Good
2/8/22 08:33:17,-9,Good
2/8/22 08:34:32,-8,Good
2/8/22 08:34:37,-9,Good
2/8/22 08:34:55,-8,Good
2/8/22 08:35:48,-9,Good
2/8/22 08:36:03,-8,Good
2/8/22 08:36:33,-9,Good
2/8/22 08:36:48,-8,Good
2/8/22 08:36:53,-9,Good
2/8/22 08:37:03,-8,Good
2/8/22 08:38:46,-9,Good
2/8/22 08:38:56,-8,Good
2/8/22 08:41:07,-9,Good
2/8/22 08:41:12,-8,Good
2/8/22 08:42:11,-9,Good
2/8/22 08:42:17,-8,Good
2/8/22 08:42:37,-9,Good
2/8/22 08:43:02,-8,Good
2/8/22 08:43:17,-9,Good
2/8/22 08:43:22,-8,Good
2/8/22 08:43:24,-9,Good
2/8/22 08:44:07,-8,Good
2/8/22 08:44:17,-9,Good
2/8/22 08:45:18,-8,Good
2/8/22 08:45:38,-9,Good
2/8/22 08:45:48,-8,Good
2/8/22 08:46:08,-9,Good
2/8/22 08:46:23,-8,Good
2/8/22 08:49:11,-9,Good
2/8/22 08:49:24,-8,Good
2/8/22 08:49:27,-9,Good
2/8/22 08:49:31,-8,Good
2/8/22 08:49:39,-9,Good
2/8/22 08:49:57,-8,Good
2/8/22 08:50:47,-9,Good
2/8/22 08:51:07,-8,Good
2/8/22 08:51:27,-9,Good
2/8/22 08:51:37,-8,Good
2/8/22 08:52:32,-9,Good
2/8/22 08:53:23,-8,Good
2/8/22 08:53:53,-9,Good
2/8/22 08:54:38,-8,Good
2/8/22 08:54:48,-9,Good
2/8/22 08:55:23,-8,Good
2/8/22 08:55:38,-9,Good
2/8/22 08:55:53,-8,Good
2/8/22 08:56:11,-9,Good
2/8/22 08:56:23,-8,Good
2/8/22 08:56:38,-9,Good
2/8/22 08:57:41,-8,Good
2/8/22 08:57:53,-9,Good
2/8/22 09:01:47,-8,Good
2/8/22 09:05:31,-9,Good
2/8/22 09:05:46,-8,Good
2/8/22 09:05:53,-9,Good
2/8/22 09:06:23,-8,Good
2/8/22 09:06:26,-9,Good
2/8/22 09:06:31,-8,Good
2/8/22 09:06:39,-9,Good
2/8/22 09:09:02,-8,Good
2/8/22 09:09:07,-9,Good
2/8/22 09:09:17,-8,Good
2/8/22 09:09:22,-9,Good
2/8/22 09:09:42,-8,Good
2/8/22 09:09:47,-9,Good
2/8/22 09:11:07,-8,Good
2/8/22 09:11:18,-9,Good
2/8/22 09:11:33,-8,Good
2/8/22 09:11:47,-9,Good
2/8/22 09:11:55,-8,Good
2/8/22 09:12:03,-9,Good
2/8/22 09:13:16,-8,Good
2/8/22 09:13:26,-9,Good
2/8/22 09:13:46,-8,Good
2/8/22 09:14:08,-9,Good
2/8/22 09:14:54,-8,Good
2/8/22 09:15:09,-9,Good
2/8/22 09:15:31,-8,Good
2/8/22 09:15:54,-9,Good
2/8/22 09:15:56,-8,Good
2/8/22 09:16:09,-9,Good
2/8/22 09:16:11,-8,Good
2/8/22 09:16:17,-9,Good
2/8/22 09:17:57,-8,Good
2/8/22 09:18:02,-9,Good
2/8/22 09:18:22,-8,Good
2/8/22 09:20:23,-9,Good
2/8/22 09:22:33,-8,Good
2/8/22 09:22:46,-9,Good
2/8/22 09:23:01,-8,Good
2/8/22 09:23:08,-9,Good
2/8/22 09:24:16,-8,Good
2/8/22 09:24:24,-9,Good
2/8/22 09:27:32,-8,Good
2/8/22 09:29:02,-9,Good
2/8/22 09:29:07,-8,Good
2/8/22 09:29:10,-9,Good
2/8/22 09:29:17,-8,Good
2/8/22 09:30:08,-9,Good
2/8/22 09:32:46,-8,Good
2/8/22 09:32:53,-9,Good
2/8/22 09:34:31,-8,Good
2/8/22 09:34:46,-9,Good
2/8/22 09:35:09,-8,Good
2/8/22 09:35:17,-9,Good
2/8/22 09:38:10,-8,Good
2/8/22 09:39:38,-9,Good
2/8/22 09:40:10,-8,Good
2/8/22 09:44:37,-9,Good
2/8/22 09:53:57,-8,Good
2/8/22 09:54:07,-9,Good
2/8/22 09:54:27,-8,Good
2/8/22 09:57:40,-9,Good
2/8/22 09:57:48,-8,Good
2/8/22 09:57:53,-9,Good
2/8/22 09:58:03,-8,Good
2/8/22 09:58:08,-9,Good
2/8/22 09:58:38,-8,Good
2/8/22 09:58:40,-9,Good
2/8/22 10:02:01,-8,Good
2/8/22 10:02:32,-9,Good
2/8/22 10:02:37,-8,Good
2/8/22 10:03:47,-9,Good
2/8/22 10:04:07,-8,Good
2/8/22 10:04:17,-9,Good
2/8/22 10:04:32,-8,Good
2/8/22 10:05:25,-9,Good
2/8/22 10:05:32,-8,Good
2/8/22 10:05:37,-9,Good
2/8/22 10:07:33,-8,Good
2/8/22 10:07:48,-9,Good
2/8/22 10:08:08,-8,Good
2/8/22 10:08:31,-9,Good
2/8/22 10:08:53,-8,Good
2/8/22 10:09:08,-9,Good
2/8/22 10:12:37,-10,Good
2/8/22 10:12:57,-9,Good
2/8/22 10:14:17,-10,Good
2/8/22 10:14:22,-9,Good
2/8/22 10:14:32,-10,Good
2/8/22 10:14:48,-9,Good
2/8/22 10:15:02,-10,Good
2/8/22 10:15:08,-9,Good
2/8/22 10:17:31,-8,Good
2/8/22 10:18:46,-9,Good
2/8/22 10:19:11,-8,Good
2/8/22 10:19:39,-9,Good
2/8/22 10:19:54,-8,Good
2/8/22 10:20:09,-9,Good
2/8/22 10:20:17,-8,Good
2/8/22 10:21:22,-9,Good
2/8/22 10:21:32,-8,Good
2/8/22 10:21:42,-9,Good
2/8/22 10:22:07,-8,Good
2/8/22 10:22:24,-9,Good
2/8/22 10:24:33,-8,Good
2/8/22 10:24:48,-9,Good
2/8/22 10:25:41,-8,Good
2/8/22 10:25:48,-9,Good
2/8/22 10:30:24,-10,Good
2/8/22 10:30:27,-9,Good
2/8/22 10:30:32,-10,Good
2/8/22 10:30:37,-9,Good
2/8/22 10:30:42,-10,Good
2/8/22 10:31:07,-9,Good
2/8/22 10:32:02,-10,Good
2/8/22 10:32:07,-9,Good
2/8/22 10:33:08,-10,Good
2/8/22 10:33:18,-9,Good
2/8/22 10:33:38,-10,Good
2/8/22 10:33:53,-9,Good
2/8/22 10:34:03,-10,Good
2/8/22 10:35:23,-9,Good
2/8/22 10:35:31,-10,Good
2/8/22 10:35:39,-9,Good
2/8/22 10:35:41,-10,Good
2/8/22 10:35:45,-9,Good
2/8/22 10:39:22,-8,Good
2/8/22 10:39:37,-9,Good
2/8/22 10:43:18,-10,Good
2/8/22 10:44:38,-9,Good
2/8/22 10:44:41,-10,Good
2/8/22 10:44:53,-9,Good
2/8/22 10:48:52,-10,Good
2/8/22 10:49:07,-9,Good
2/8/22 10:49:10,-10,Good
2/8/22 10:49:17,-9,Good
2/8/22 10:49:22,-10,Good
2/8/22 10:49:32,-9,Good
2/8/22 10:50:23,-10,Good
2/8/22 10:51:18,-9,Good
2/8/22 10:51:53,-10,Good
2/8/22 10:55:24,-9,Good
2/8/22 10:55:46,-10,Good
2/8/22 10:59:38,-9,Good
2/8/22 11:00:18,-8,Good
2/8/22 11:00:23,-9,Good
2/8/22 11:01:33,-10,Good
2/8/22 11:01:41,-9,Good
2/8/22 11:02:08,-10,Good
2/8/22 11:02:23,-9,Good
2/8/22 11:02:38,-10,Good
2/8/22 11:03:01,-9,Good
2/8/22 11:04:31,-10,Good
2/8/22 11:04:39,-9,Good
2/8/22 11:05:07,-10,Good
2/8/22 11:05:17,-9,Good
2/8/22 11:05:22,-10,Good
2/8/22 11:05:54,-9,Good
2/8/22 11:06:07,-10,Good
2/8/22 11:06:27,-9,Good
2/8/22 11:06:37,-10,Good
2/8/22 11:07:07,-9,Good
2/8/22 11:07:17,-10,Good
2/8/22 11:07:22,-9,Good
2/8/22 11:07:25,-10,Good
2/8/22 11:07:47,-9,Good
2/8/22 11:09:40,-10,Good
2/8/22 11:16:12,-9,Good
2/8/22 11:16:32,-10,Good
2/8/22 11:17:48,-9,Good
2/8/22 11:19:23,-10,Good
2/8/22 11:19:31,-9,Good
2/8/22 11:20:41,-10,Good
2/8/22 11:20:46,-9,Good
2/8/22 11:21:09,-10,Good
2/8/22 11:21:11,-9,Good
2/8/22 11:21:16,-10,Good
2/8/22 11:22:39,-9,Good
2/8/22 11:22:42,-10,Good
2/8/22 11:23:17,-9,Good
2/8/22 11:24:32,-10,Good
2/8/22 11:26:53,-9,Good
2/8/22 11:26:55,-10,Good
2/8/22 11:28:33,-9,Good
2/8/22 11:28:53,-10,Good
2/8/22 11:31:57,-9,Good
2/8/22 11:32:24,-10,Good
2/8/22 11:36:48,-9,Good
2/8/22 11:36:53,-10,Good
2/8/22 11:38:11,-11,Good
2/8/22 11:38:41,-10,Good
2/8/22 11:40:54,-9,Good
2/8/22 11:40:57,-10,Good
2/8/22 11:42:27,-9,Good
2/8/22 11:42:42,-10,Good
2/8/22 11:43:07,-9,Good
2/8/22 11:43:17,-10,Good
2/8/22 11:43:23,-9,Good
2/8/22 11:43:25,-10,Good
2/8/22 11:43:32,-9,Good
2/8/22 11:43:55,-10,Good
2/8/22 11:44:18,-9,Good
2/8/22 11:44:33,-10,Good
2/8/22 11:47:39,-9,Good
2/8/22 11:47:54,-10,Good
2/8/22 11:49:24,-9,Good
2/8/22 11:49:46,-10,Good
2/8/22 11:52:53,-9,Good
2/8/22 11:53:03,-10,Good
2/8/22 11:53:33,-9,Good
2/8/22 11:53:38,-10,Good
2/8/22 11:54:03,-9,Good
2/8/22 11:54:18,-10,Good
2/8/22 12:00:12,-9,Good
2/8/22 12:01:02,-10,Good
2/8/22 12:04:53,-9,Good
2/8/22 12:05:16,-10,Good
2/8/22 12:05:41,-9,Good
2/8/22 12:05:46,-10,Good
2/8/22 12:05:54,-9,Good
2/8/22 12:06:16,-10,Good
2/8/22 12:07:27,-9,Good
2/8/22 12:09:02,-10,Good
2/8/22 12:09:09,-9,Good
2/8/22 12:09:52,-10,Good
2/8/22 12:10:17,-9,Good
2/8/22 12:11:18,-10,Good
2/8/22 12:11:25,-9,Good
2/8/22 12:11:48,-10,Good
2/8/22 12:12:10,-9,Good
2/8/22 12:12:33,-10,Good
2/8/22 12:12:38,-9,Good
2/8/22 12:13:53,-10,Good
2/8/22 12:13:56,-9,Good
2/8/22 12:14:16,-10,Good
2/8/22 12:14:39,-9,Good
2/8/22 12:14:54,-10,Good
2/8/22 12:18:32,-9,Good
2/8/22 12:18:52,-10,Good
2/8/22 12:19:40,-9,Good
2/8/22 12:20:38,-10,Good
2/8/22 12:20:40,-9,Good
2/8/22 12:20:53,-10,Good
2/8/22 12:21:03,-9,Good
2/8/22 12:21:18,-10,Good
2/8/22 12:21:33,-9,Good
2/8/22 12:23:01,-10,Good
2/8/22 12:23:23,-9,Good
2/8/22 12:23:33,-10,Good
2/8/22 12:23:46,-9,Good
2/8/22 12:25:17,-10,Good
2/8/22 12:25:32,-9,Good
2/8/22 12:26:02,-10,Good
2/8/22 12:27:02,-11,Good
2/8/22 12:27:07,-12,Good
2/8/22 12:27:12,-13,Good
2/8/22 12:27:17,-14,Good
2/8/22 12:27:22,-15,Good
2/8/22 12:27:27,-16,Good
2/8/22 12:27:32,-17,Good
2/8/22 12:27:37,-18,Good
2/8/22 12:27:47,-19,Good
2/8/22 12:27:57,-20,Good
2/8/22 12:28:02,-21,Good
2/8/22 12:28:10,-22,Good
2/8/22 12:28:17,-23,Good
2/8/22 12:28:33,-24,Good
2/8/22 12:28:40,-25,Good
2/8/22 12:28:53,-26,Good
2/8/22 12:29:08,-27,Good
2/8/22 12:29:33,-28,Good
2/8/22 12:29:48,-29,Good
2/8/22 12:30:08,-30,Good
2/8/22 12:30:38,-31,Good
2/8/22 12:31:31,-32,Good
2/8/22 12:32:11,-33,Good
2/8/22 12:33:31,-34,Good
2/8/22 12:38:38,-35,Good
2/8/22 12:40:08,-34,Good
2/8/22 12:40:11,-35,Good
2/8/22 12:44:57,-36,Good
2/8/22 12:45:07,-35,Good
2/8/22 12:45:24,-36,Good
2/8/22 12:46:12,-35,Good
2/8/22 12:46:17,-36,Good
2/8/22 12:46:32,-35,Good
2/8/22 12:47:40,-36,Good
2/8/22 12:47:48,-35,Good
2/8/22 12:48:33,-36,Good
2/8/22 12:59:31,-37,Good
2/8/22 12:59:38,-36,Good
2/8/22 13:06:18,-37,Good
2/8/22 13:06:40,-36,Good
2/8/22 13:06:53,-37,Good
2/8/22 13:07:03,-36,Good
2/8/22 13:09:54,-37,Good
2/8/22 13:10:16,-36,Good
2/8/22 13:12:09,-37,Good
2/8/22 13:12:37,-36,Good
2/8/22 13:12:57,-37,Good
2/8/22 13:14:03,-36,Good
2/8/22 13:15:33,-37,Good
2/8/22 13:15:38,-36,Good
2/8/22 13:15:41,-37,Good
2/8/22 13:15:56,-36,Good
2/8/22 13:16:23,-37,Good
2/8/22 13:16:56,-36,Good
2/8/22 13:17:01,-37,Good
2/8/22 13:27:39,-38,Good
2/8/22 13:28:39,-37,Good
2/8/22 13:32:38,-38,Good
2/8/22 13:32:48,-37,Good
2/8/22 13:34:53,-38,Good
2/8/22 13:34:56,-37,Good
2/8/22 13:37:24,-38,Good
2/8/22 13:37:27,-37,Good
2/8/22 13:37:39,-38,Good
2/8/22 13:38:02,-37,Good
2/8/22 13:38:09,-38,Good
2/8/22 13:38:27,-37,Good
2/8/22 13:38:42,-38,Good
2/8/22 13:38:47,-37,Good
2/8/22 13:39:22,-38,Good
2/8/22 13:40:02,-37,Good
2/8/22 13:40:38,-38,Good
2/8/22 13:41:33,-37,Good
2/8/22 13:41:38,-38,Good
2/8/22 13:41:40,-37,Good
2/8/22 13:41:48,-38,Good
2/8/22 13:42:03,-37,Good
2/8/22 13:42:08,-38,Good
2/8/22 13:42:18,-37,Good
2/8/22 13:42:23,-38,Good
2/8/22 13:42:41,-37,Good
2/8/22 13:42:48,-38,Good
2/8/22 13:42:56,-37,Good
2/8/22 13:43:03,-38,Good
2/8/22 13:43:33,-37,Good
2/8/22 13:44:46,-38,Good
2/8/22 13:46:02,-37,Good
2/8/22 13:46:09,-38,Good
2/8/22 13:52:38,-37,Good
2/8/22 13:52:41,-38,Good
2/8/22 13:52:56,-37,Good
2/8/22 13:53:16,-38,Good
2/8/22 13:53:26,-37,Good
2/8/22 13:53:33,-38,Good
2/8/22 13:53:39,-37,Good
2/8/22 13:53:46,-38,Good
2/8/22 14:05:37,-39,Good
2/8/22 14:05:50,-38,Good
2/8/22 14:11:08,-39,Good
2/8/22 14:11:21,-38,Good
2/8/22 14:11:26,-39,Good
2/8/22 14:11:46,-38,Good
2/8/22 14:11:51,-39,Good
2/8/22 14:12:01,-38,Good
2/8/22 14:12:31,-39,Good
2/8/22 14:12:42,-38,Good
2/8/22 14:12:47,-39,Good
2/8/22 14:13:09,-38,Good
2/8/22 14:13:12,-39,Good
2/8/22 14:16:18,-38,Good
2/8/22 14:16:28,-39,Good
2/8/22 14:16:33,-38,Good
2/8/22 14:16:43,-39,Good
2/8/22 14:16:48,-38,Good
2/8/22 14:16:50,-39,Good
2/8/22 14:16:55,-38,Good
2/8/22 14:19:08,-39,Good
2/8/22 14:19:11,-38,Good
2/8/22 14:19:21,-39,Good
2/8/22 14:19:39,-38,Good
2/8/22 14:20:16,-39,Good
2/8/22 14:20:26,-38,Good
2/8/22 14:20:31,-39,Good
2/8/22 14:23:09,-38,Good
2/8/22 14:23:12,-39,Good
2/8/22 14:23:27,-38,Good
2/8/22 14:23:32,-39,Good
2/8/22 14:26:18,-38,Good
2/8/22 14:26:33,-39,Good
2/8/22 14:26:35,-38,Good
2/8/22 14:26:48,-39,Good
2/8/22 14:27:48,-38,Good
2/8/22 14:28:11,-39,Good
2/8/22 14:28:38,-38,Good
2/8/22 14:28:48,-39,Good
2/8/22 14:29:51,-38,Good
2/8/22 14:30:42,-39,Good
2/8/22 14:36:56,-38,Good
2/8/22 14:37:06,-39,Good
2/8/22 14:39:26,-38,Good
2/8/22 14:39:52,-39,Good
2/8/22 14:39:57,-38,Good
2/8/22 14:40:02,-39,Good
2/8/22 14:41:47,-38,Good
2/8/22 14:42:02,-39,Good
2/8/22 14:42:05,-38,Good
2/8/22 14:42:42,-39,Good
2/8/22 14:42:48,-38,Good
2/8/22 14:42:50,-39,Good
2/8/22 14:43:02,-38,Good
2/8/22 14:43:27,-39,Good
2/8/22 14:43:33,-38,Good
2/8/22 14:43:40,-39,Good
2/8/22 14:45:18,-38,Good
2/8/22 14:45:51,-39,Good
2/8/22 14:46:06,-38,Good
2/8/22 14:46:11,-39,Good
2/8/22 14:47:16,-38,Good
2/8/22 14:48:01,-39,Good
2/8/22 14:48:11,-38,Good
2/8/22 14:48:31,-39,Good
2/8/22 14:48:34,-38,Good
2/8/22 14:48:41,-39,Good
2/8/22 14:50:17,-38,Good
2/8/22 14:52:05,-39,Good
2/8/22 14:52:18,-38,Good
2/8/22 14:52:20,-39,Good
2/8/22 14:52:25,-38,Good
2/8/22 14:52:33,-39,Good
2/8/22 14:52:35,-38,Good
2/8/22 14:53:18,-39,Good
2/8/22 14:54:21,-38,Good
2/8/22 14:55:46,-39,Good
2/8/22 14:56:06,-38,Good
2/8/22 14:56:21,-39,Good
2/8/22 14:56:36,-38,Good
2/8/22 14:56:46,-39,Good
2/8/22 14:57:26,-38,Good
2/8/22 14:57:32,-39,Good
2/8/22 14:57:34,-38,Good
2/8/22 14:57:42,-39,Good
2/8/22 14:57:47,-38,Good
2/8/22 14:57:57,-39,Good
2/8/22 14:58:02,-38,Good
2/8/22 14:58:04,-39,Good
2/8/22 15:02:20,-38,Good
2/8/22 15:03:21,-39,Good
2/8/22 15:03:41,-38,Good
2/8/22 15:03:56,-39,Good
2/8/22 15:05:01,-38,Good
2/8/22 15:05:46,-39,Good
2/8/22 15:26:32,-40,Good
2/8/22 15:26:50,-39,Good
2/8/22 15:28:10,-40,Good
2/8/22 15:30:11,-39,Good
2/8/22 15:30:21,-40,Good
2/8/22 15:30:25,-39,Good
2/8/22 15:34:17,-40,Good
2/8/22 15:34:27,-39,Good
2/8/22 15:42:16,-40,Good
2/8/22 15:42:37,-39,Good
2/8/22 15:49:56,-40,Good
2/8/22 15:50:16,-39,Good
2/8/22 15:50:21,-40,Good
2/8/22 15:50:31,-39,Good
2/8/22 15:50:36,-40,Good
2/8/22 15:50:41,-39,Good
2/8/22 15:51:16,-40,Good
2/8/22 15:51:21,-39,Good
2/8/22 15:51:46,-40,Good
2/8/22 15:52:57,-39,Good
2/8/22 15:54:32,-40,Good
2/8/22 15:54:48,-39,Good
2/8/22 15:55:03,-40,Good
2/8/22 15:55:32,-39,Good
2/8/22 15:56:33,-40,Good
2/8/22 15:56:35,-39,Good
2/8/22 15:57:03,-40,Good
2/8/22 15:57:21,-39,Good
2/8/22 15:57:26,-40,Good
2/8/22 15:57:33,-39,Good
2/8/22 15:57:36,-40,Good
2/8/22 15:58:18,-39,Good
2/8/22 15:59:56,-40,Good
2/8/22 16:00:07,-39,Good
2/8/22 16:04:05,-40,Good
2/8/22 16:19:42,-41,Good
2/8/22 16:19:49,-40,Good
2/8/22 16:20:02,-41,Good
2/8/22 16:20:04,-40,Good
2/8/22 16:20:12,-41,Good
2/8/22 16:20:47,-40,Good
2/8/22 16:22:28,-41,Good
2/8/22 16:22:40,-40,Good
2/8/22 16:23:03,-41,Good
2/8/22 16:23:18,-40,Good
2/8/22 16:23:20,-41,Good
2/8/22 16:23:33,-40,Good
2/8/22 16:24:51,-41,Good
2/8/22 16:25:11,-40,Good
2/8/22 16:37:02,-41,Good
2/8/22 16:37:27,-40,Good
2/8/22 16:37:34,-41,Good
2/8/22 16:37:47,-40,Good
2/8/22 16:38:34,-41,Good
2/8/22 16:38:57,-40,Good
2/8/22 16:41:03,-41,Good
2/8/22 16:41:10,-40,Good
2/8/22 16:41:20,-41,Good
2/8/22 16:41:33,-40,Good
2/8/22 16:41:40,-41,Good
2/8/22 16:41:48,-40,Good
2/8/22 16:42:03,-41,Good
2/8/22 16:42:21,-40,Good
2/8/22 16:44:56,-41,Good
2/8/22 16:45:12,-40,Good
2/8/22 17:02:11,-41,Good
2/8/22 17:02:51,-40,Good
2/8/22 17:03:12,-41,Good
2/8/22 17:03:21,-40,Good
2/8/22 17:03:27,-41,Good
2/8/22 17:09:06,-40,Good
2/8/22 17:12:32,-41,Good
2/8/22 17:12:42,-40,Good
2/8/22 17:12:47,-41,Good
2/8/22 17:14:35,-40,Good
2/8/22 17:16:05,-41,Good
2/8/22 17:16:13,-40,Good
2/8/22 17:16:18,-41,Good
2/8/22 17:16:20,-40,Good
2/8/22 17:16:48,-41,Good
2/8/22 17:16:50,-40,Good
2/8/22 17:17:03,-41,Good
2/8/22 17:17:20,-40,Good
2/8/22 17:17:33,-41,Good
2/8/22 17:19:49,-40,Good
2/8/22 17:20:03,-41,Good
2/8/22 17:23:02,-40,Good
2/8/22 17:23:35,-41,Good
2/8/22 17:23:42,-40,Good
2/8/22 17:23:50,-41,Good
2/8/22 17:25:33,-40,Good
2/8/22 17:25:40,-41,Good
2/8/22 17:25:48,-40,Good
2/8/22 17:27:06,-41,Good
2/8/22 17:27:11,-40,Good
2/8/22 17:27:36,-41,Good
2/8/22 17:29:19,-40,Good
2/8/22 17:29:21,-41,Good
2/8/22 17:29:31,-40,Good
2/8/22 17:29:36,-41,Good
2/8/22 17:30:01,-40,Good
2/8/22 17:30:11,-41,Good
2/8/22 17:33:43,-40,Good
2/8/22 17:33:50,-41,Good
2/8/22 17:34:03,-40,Good
2/8/22 17:36:33,-41,Good
2/8/22 17:38:46,-40,Good
2/8/22 17:38:57,-41,Good
2/8/22 17:53:11,-42,Good
2/8/22 17:53:56,-41,Good
2/8/22 18:01:13,-40,Good
2/8/22 18:01:18,-41,Good
2/8/22 18:06:12,-40,Good
2/8/22 18:06:32,-41,Good
2/8/22 18:06:42,-40,Good
2/8/22 18:06:57,-41,Good
2/8/22 18:07:27,-40,Good
2/8/22 18:07:57,-41,Good
2/8/22 18:09:35,-40,Good
2/8/22 18:09:43,-41,Good
2/8/22 18:15:12,-40,Good
2/8/22 18:15:17,-41,Good
2/8/22 18:15:32,-40,Good
2/8/22 18:16:17,-41,Good
2/8/22 18:16:32,-40,Good
2/8/22 18:16:57,-41,Good
2/8/22 18:17:17,-40,Good
2/8/22 18:17:20,-41,Good
2/8/22 18:19:33,-40,Good
2/8/22 18:20:18,-41,Good
2/8/22 18:25:32,-40,Good
2/8/22 18:25:47,-41,Good
2/8/22 18:25:50,-40,Good
2/8/22 18:26:12,-41,Good
2/8/22 18:26:17,-40,Good
2/8/22 18:26:27,-41,Good
2/8/22 18:27:48,-40,Good
2/8/22 18:29:41,-41,Good
2/8/22 18:29:48,-40,Good
2/8/22 18:31:06,-41,Good
2/8/22 18:34:17,-40,Good
2/8/22 18:34:22,-41,Good
2/8/22 18:34:27,-40,Good
2/8/22 18:34:35,-41,Good
2/8/22 18:34:42,-40,Good
2/8/22 18:34:49,-41,Good
2/8/22 18:40:57,-40,Good
2/8/22 18:41:11,-41,Good
2/8/22 18:49:34,-40,Good
2/8/22 18:49:51,-41,Good
2/8/22 18:57:21,-42,Good
2/8/22 18:57:33,-41,Good
2/8/22 18:58:11,-42,Good
2/8/22 18:58:51,-41,Good
2/8/22 19:05:51,-40,Good
2/8/22 19:05:56,-41,Good
2/8/22 19:10:12,-42,Good
2/8/22 19:10:17,-41,Good
2/8/22 19:10:20,-42,Good
2/8/22 19:11:02,-41,Good
2/8/22 19:15:33,-42,Good
2/8/22 19:16:19,-41,Good
2/8/22 19:16:26,-42,Good
2/8/22 19:16:56,-41,Good
2/8/22 19:18:37,-42,Good
2/8/22 19:22:18,-41,Good
2/8/22 19:23:03,-42,Good
2/8/22 19:23:33,-41,Good
2/8/22 19:25:19,-42,Good
2/8/22 19:25:36,-41,Good
2/8/22 19:25:41,-42,Good
2/8/22 19:26:37,-41,Good
2/8/22 19:27:07,-42,Good
2/8/22 19:27:11,-41,Good
2/8/22 19:27:32,-42,Good
2/8/22 19:34:19,-41,Good
2/8/22 19:38:17,-42,Good
2/8/22 19:39:03,-41,Good
2/8/22 19:39:28,-42,Good
2/8/22 19:40:10,-41,Good
2/8/22 19:40:18,-42,Good
2/8/22 19:40:33,-41,Good
2/8/22 19:41:03,-42,Good
2/8/22 19:42:03,-41,Good
2/8/22 19:42:11,-42,Good
2/8/22 19:42:19,-41,Good
2/8/22 19:42:26,-42,Good
2/8/22 19:44:17,-41,Good
2/8/22 19:44:26,-42,Good
2/8/22 19:45:12,-41,Good
2/8/22 19:45:49,-42,Good
2/8/22 19:45:57,-41,Good
2/8/22 19:46:05,-42,Good
2/8/22 19:46:20,-41,Good
2/8/22 19:46:57,-42,Good
2/8/22 19:47:02,-41,Good
2/8/22 19:47:12,-42,Good
2/8/22 19:47:27,-41,Good
2/8/22 19:49:03,-42,Good
2/8/22 19:49:18,-41,Good
2/8/22 19:49:20,-42,Good
2/8/22 19:51:19,-41,Good
2/8/22 19:52:06,-42,Good
2/8/22 19:52:26,-41,Good
2/8/22 19:52:34,-42,Good
2/8/22 19:53:52,-41,Good
2/8/22 19:53:57,-42,Good
2/8/22 19:54:17,-41,Good
2/8/22 19:54:20,-42,Good
2/8/22 19:54:34,-41,Good
2/8/22 19:54:42,-42,Good
2/8/22 19:56:17,-41,Good
2/8/22 19:56:42,-42,Good
2/8/22 20:07:48,-43,Good
2/8/22 20:07:58,-42,Good
2/8/22 20:09:49,-41,Good
2/8/22 20:10:21,-42,Good
2/8/22 20:10:51,-41,Good
2/8/22 20:11:02,-42,Good
2/8/22 20:11:06,-41,Good
2/8/22 20:11:16,-42,Good
2/8/22 20:11:26,-41,Good
2/8/22 20:12:02,-42,Good
2/8/22 20:17:36,-43,Good
2/8/22 20:17:51,-42,Good
2/8/22 20:17:56,-43,Good
2/8/22 20:18:11,-42,Good
2/8/22 20:20:42,-43,Good
2/8/22 20:21:12,-42,Good
2/8/22 20:23:20,-43,Good
2/8/22 20:23:28,-42,Good
2/8/22 20:23:48,-43,Good
2/8/22 20:24:20,-42,Good
2/8/22 20:24:28,-43,Good
2/8/22 20:24:33,-42,Good
2/8/22 20:25:03,-43,Good
2/8/22 20:25:33,-42,Good
2/8/22 20:27:34,-43,Good
2/8/22 20:27:56,-42,Good
2/8/22 20:28:11,-43,Good
2/8/22 20:28:26,-42,Good
2/8/22 20:28:37,-43,Good
2/8/22 20:28:56,-42,Good
2/8/22 20:29:04,-43,Good
2/8/22 20:29:12,-42,Good
2/8/22 20:39:17,-43,Good
2/8/22 20:39:22,-42,Good
2/8/22 20:47:32,-43,Good
2/8/22 20:47:49,-42,Good
2/8/22 20:48:12,-43,Good
2/8/22 20:48:32,-42,Good
2/8/22 20:56:12,-43,Good
2/8/22 20:56:21,-42,Good
2/8/22 20:56:27,-43,Good
2/8/22 20:57:32,-42,Good
2/8/22 20:58:27,-43,Good
2/8/22 21:03:49,-42,Good
2/8/22 21:04:04,-43,Good
2/8/22 21:07:17,-42,Good
2/8/22 21:07:32,-43,Good
2/8/22 21:08:48,-42,Good
2/8/22 21:08:50,-43,Good
2/8/22 21:10:25,-42,Good
2/8/22 21:10:48,-43,Good
2/8/22 21:10:56,-42,Good
2/8/22 21:11:48,-43,Good
2/8/22 21:11:51,-42,Good
2/8/22 21:11:56,-43,Good
2/8/22 21:12:34,-42,Good
2/8/22 21:12:41,-43,Good
2/8/22 21:14:04,-42,Good
2/8/22 21:14:12,-43,Good
2/8/22 21:14:19,-42,Good
2/8/22 21:14:57,-43,Good
2/8/22 21:15:17,-42,Good
2/8/22 21:15:52,-43,Good
2/8/22 21:15:57,-42,Good
2/8/22 21:16:02,-43,Good
2/8/22 21:17:18,-42,Good
2/8/22 21:18:03,-43,Good
2/8/22 21:19:11,-42,Good
2/8/22 21:19:18,-43,Good
2/8/22 21:19:21,-42,Good
2/8/22 21:19:33,-43,Good
2/8/22 21:30:56,-42,Good
2/8/22 21:31:04,-43,Good
2/8/22 21:31:41,-42,Good
2/8/22 21:32:27,-43,Good
2/8/22 21:33:57,-42,Good
2/8/22 21:34:50,-43,Good
2/8/22 21:35:17,-42,Good
2/8/22 21:36:03,-43,Good
2/8/22 21:36:13,-42,Good
2/8/22 21:36:20,-43,Good
2/8/22 21:36:33,-42,Good
2/8/22 21:36:43,-43,Good
2/8/22 21:48:11,-42,Good
2/8/22 21:54:43,-41,Good
2/8/22 21:54:48,-42,Good
2/8/22 21:54:50,-41,Good
2/8/22 21:55:48,-42,Good
2/8/22 21:55:50,-41,Good
2/8/22 21:55:56,-42,Good
2/8/22 21:56:48,-41,Good
2/8/22 22:00:12,-40,Good
2/8/22 22:02:27,-39,Good
2/8/22 22:03:03,-40,Good
2/8/22 22:03:13,-39,Good
2/8/22 22:03:58,-40,Good
2/8/22 22:04:03,-39,Good
2/8/22 22:04:13,-40,Good
2/8/22 22:04:18,-39,Good
2/8/22 22:04:21,-40,Good
2/8/22 22:05:03,-39,Good
2/8/22 22:09:47,-38,Good
2/8/22 22:09:57,-39,Good
2/8/22 22:10:42,-38,Good
2/8/22 22:10:57,-39,Good
2/8/22 22:11:20,-38,Good
2/8/22 22:15:49,-37,Good
2/8/22 22:16:04,-38,Good
2/8/22 22:16:11,-37,Good
2/8/22 22:19:42,-36,Good
2/8/22 22:23:36,-35,Good
2/8/22 22:23:48,-36,Good
2/8/22 22:23:51,-35,Good
2/8/22 22:24:19,-36,Good
2/8/22 22:24:26,-35,Good
2/8/22 22:24:56,-36,Good
2/8/22 22:25:04,-35,Good
2/8/22 22:29:48,-34,Good
2/8/22 22:33:41,-33,Good
2/8/22 22:34:06,-34,Good
2/8/22 22:34:34,-33,Good
2/8/22 22:37:27,-32,Good
2/8/22 22:37:42,-33,Good
2/8/22 22:39:03,-32,Good
2/8/22 22:42:06,-31,Good
2/8/22 22:42:26,-32,Good
2/8/22 22:42:34,-31,Good
2/8/22 22:42:36,-32,Good
2/8/22 22:42:41,-31,Good
2/8/22 22:43:49,-32,Good
2/8/22 22:43:57,-31,Good
2/8/22 22:44:04,-32,Good
2/8/22 22:44:07,-31,Good
2/8/22 22:46:47,-30,Good
2/8/22 22:47:03,-31,Good
2/8/22 22:47:48,-30,Good
2/8/22 22:48:03,-31,Good
2/8/22 22:48:18,-30,Good
2/8/22 22:48:21,-31,Good
2/8/22 22:48:33,-30,Good
2/8/22 22:48:58,-31,Good
2/8/22 22:49:03,-30,Good
2/8/22 22:51:06,-29,Good
2/8/22 22:57:58,-28,Good
2/8/22 22:58:03,-29,Good
2/8/22 22:58:05,-28,Good
2/8/22 22:59:21,-29,Good
2/8/22 22:59:41,-28,Good
2/8/22 23:01:37,-27,Good
2/8/22 23:05:43,-26,Good
2/8/22 23:06:43,-27,Good
2/8/22 23:06:48,-26,Good
2/8/22 23:09:19,-25,Good
2/8/22 23:09:49,-26,Good
2/8/22 23:11:37,-25,Good
2/8/22 23:14:12,-24,Good
2/8/22 23:18:34,-23,Good
2/8/22 23:18:36,-24,Good
2/8/22 23:18:41,-23,Good
2/8/22 23:18:56,-24,Good
2/8/22 23:19:06,-23,Good
2/8/22 23:19:12,-24,Good
2/8/22 23:19:19,-23,Good
2/8/22 23:22:58,-22,Good
2/8/22 23:27:49,-21,Good
2/8/22 23:30:32,-20,Good
2/8/22 23:30:42,-21,Good
2/8/22 23:30:47,-20,Good
2/8/22 23:34:03,-19,Good
2/8/22 23:34:06,-20,Good
2/8/22 23:34:13,-19,Good
2/8/22 23:38:22,-18,Good
2/8/22 23:38:52,-19,Good
2/8/22 23:39:02,-18,Good
2/8/22 23:42:43,-17,Good
2/8/22 23:43:03,-18,Good
2/8/22 23:43:13,-17,Good
2/8/22 23:46:56,-16,Good
2/8/22 23:50:13,-15,Good
2/8/22 23:50:18,-16,Good
2/8/22 23:50:28,-15,Good
2/8/22 23:50:33,-16,Good
2/8/22 23:50:48,-15,Good
2/8/22 23:54:06,-14,Good
2/8/22 23:54:27,-15,Good
2/8/22 23:54:34,-14,Good
2/8/22 23:58:32,-13,Good
2/9/22 00:02:26,-12,Good
2/9/22 00:06:57,-11,Good
2/9/22 00:07:03,-12,Good
2/9/22 00:07:05,-11,Good
2/9/22 00:10:06,-10,Good
2/9/22 00:13:57,-9,Good
2/9/22 00:14:17,-10,Good
2/9/22 00:14:27,-9,Good
2/9/22 00:18:43,-8,Good
2/9/22 00:22:52,-7,Good
2/9/22 00:26:48,-6,Good
2/9/22 00:26:51,-7,Good
2/9/22 00:26:58,-6,Good
2/9/22 00:29:04,-7,Good
2/9/22 00:29:26,-6,Good
2/9/22 00:31:52,-5,Good
2/9/22 00:35:20,-4,Good
2/9/22 00:39:21,-3,Good
2/9/22 00:39:37,-4,Good
2/9/22 00:40:04,-3,Good
2/9/22 00:40:57,-4,Good
2/9/22 00:41:02,-3,Good
2/9/22 00:44:51,-2,Good
2/9/22 00:45:03,-3,Good
2/9/22 00:45:13,-2,Good
2/9/22 00:49:49,-1,Good
2/9/22 00:50:04,-2,Good
2/9/22 00:50:22,-1,Good
2/9/22 00:50:32,-2,Good
2/9/22 00:50:52,-1,Good
2/9/22 00:51:02,-2,Good
2/9/22 00:51:17,-1,Good
2/9/22 00:53:58,0,Good
2/9/22 00:58:34,1,Good
2/9/22 00:58:52,0,Good
2/9/22 00:58:57,1,Good
2/9/22 00:59:19,0,Good
2/9/22 00:59:27,1,Good
2/9/22 01:03:03,2,Good
2/9/22 01:03:13,1,Good
2/9/22 01:03:28,2,Good
2/9/22 01:07:04,3,Good
2/9/22 01:11:58,4,Good
2/9/22 01:17:27,5,Good
2/9/22 01:17:52,4,Good
2/9/22 01:17:57,5,Good
2/9/22 01:21:33,6,Good
2/9/22 01:25:57,7,Good
2/9/22 01:31:13,8,Good
2/9/22 01:36:07,9,Good
2/9/22 01:41:49,10,Good
2/9/22 01:47:58,11,Good
2/9/22 01:53:47,12,Good
2/9/22 01:59:21,13,Good
2/9/22 01:59:36,12,Good
2/9/22 01:59:49,13,Good
2/9/22 02:04:03,14,Good
2/9/22 02:09:57,15,Good
2/9/22 02:10:04,14,Good
2/9/22 02:10:06,15,Good
2/9/22 02:17:03,16,Good
2/9/22 02:17:06,15,Good
2/9/22 02:17:19,16,Good
2/9/22 02:22:48,17,Good
2/9/22 02:28:57,18,Good
2/9/22 02:35:36,19,Good
2/9/22 02:40:28,17,Good
2/9/22 02:40:35,16,Good
2/9/22 02:40:43,15,Good
2/9/22 02:40:45,14,Good
2/9/22 02:40:50,13,Good
2/9/22 02:40:58,12,Good
2/9/22 02:41:06,11,Good
2/9/22 02:41:15,10,Good
2/9/22 02:41:28,9,Good
2/9/22 02:41:36,8,Good
2/9/22 02:41:43,7,Good
2/9/22 02:41:58,6,Good
2/9/22 02:42:13,5,Good
2/9/22 02:42:28,4,Good
2/9/22 02:42:46,3,Good
2/9/22 02:43:14,2,Good
2/9/22 02:43:44,1,Good
2/9/22 02:44:21,0,Good
2/9/22 02:45:07,-1,Good
2/9/22 02:46:22,-2,Good
2/9/22 02:48:38,-3,Good
2/9/22 02:53:11,-4,Good
2/9/22 03:00:43,-5,Good
2/9/22 03:14:42,-6,Good
2/9/22 03:36:21,-7,Good
2/9/22 03:36:31,-6,Good
2/9/22 03:36:36,-7,Good
2/9/22 03:37:36,-6,Good
2/9/22 03:37:44,-7,Good
2/9/22 03:37:51,-6,Good
2/9/22 03:38:01,-7,Good
2/9/22 03:38:06,-6,Good
2/9/22 03:38:11,-7,Good
2/9/22 03:41:37,-6,Good
2/9/22 03:41:42,-7,Good
2/9/22 03:41:52,-6,Good
2/9/22 03:44:28,-7,Good
2/9/22 03:46:46,-6,Good
2/9/22 03:46:51,-7,Good
2/9/22 04:46:52,-7,Good
2/9/22 04:49:51,-6,Good
2/9/22 04:50:16,-7,Good
2/9/22 04:50:21,-6,Good
2/9/22 05:34:44,-5,Good
2/9/22 05:34:46,-6,Good
2/9/22 05:35:17,-5,Good
2/9/22 05:35:22,-6,Good
2/9/22 05:35:32,-5,Good
2/9/22 05:35:51,-6,Good
2/9/22 05:35:57,-5,Good
2/9/22 05:45:07,-4,Good
2/9/22 05:45:12,-5,Good
2/9/22 05:45:22,-4,Good
2/9/22 05:45:29,-5,Good
2/9/22 05:45:37,-4,Good
2/9/22 05:45:42,-5,Good
2/9/22 05:45:44,-4,Good
2/9/22 05:52:51,-3,Good
2/9/22 05:53:01,-2,Good
2/9/22 05:53:12,-1,Good
2/9/22 05:53:26,0,Good
2/9/22 05:53:37,1,Good
2/9/22 05:53:57,2,Good
2/9/22 05:54:17,3,Good
2/9/22 05:54:44,4,Good
2/9/22 05:55:22,5,Good
2/9/22 05:56:22,6,Good
2/9/22 05:58:08,7,Good
2/9/22 06:01:59,8,Good
2/9/22 06:07:58,9,Good
2/9/22 06:15:58,10,Good
2/9/22 06:25:13,11,Good
2/9/22 06:33:45,12,Good
2/9/22 06:44:16,13,Good
2/9/22 06:44:23,12,Good
2/9/22 06:44:29,13,Good
2/9/22 06:54:14,14,Good
2/9/22 06:54:16,13,Good
2/9/22 06:54:21,14,Good
2/9/22 06:54:28,13,Good
2/9/22 06:54:31,14,Good
2/9/22 07:05:47,15,Good
2/9/22 07:05:52,14,Good
2/9/22 07:05:57,15,Good
2/9/22 07:06:02,14,Good
2/9/22 07:06:07,15,Good
2/9/22 07:17:27,16,Good
2/9/22 07:17:30,15,Good
2/9/22 07:17:38,16,Good
2/9/22 07:30:28,17,Good
2/9/22 07:43:57,18,Good
2/9/22 07:45:43,17,Good
2/9/22 07:45:58,16,Good
2/9/22 07:46:08,15,Good
2/9/22 07:46:23,14,Good
2/9/22 07:46:38,13,Good
2/9/22 07:46:51,12,Good
2/9/22 07:47:13,11,Good
2/9/22 07:47:43,10,Good
2/9/22 07:48:21,9,Good
2/9/22 07:49:14,8,Good
2/9/22 07:51:07,7,Good
2/9/22 07:58:16,6,Good
2/9/22 07:58:21,7,Good
2/9/22 08:00:02,6,Good
2/9/22 09:00:06,6,Good
2/9/22 09:50:00,5,Good
2/9/22 09:52:01,4,Good
2/9/22 09:55:29,3,Good
2/9/22 09:58:12,2,Good
2/9/22 09:58:15,3,Good
2/9/22 09:58:27,2,Good
2/9/22 10:02:16,1,Good
2/9/22 10:07:38,0,Good
2/9/22 10:07:52,1,Good
2/9/22 10:16:27,0,Good
2/9/22 10:16:32,1,Good
2/9/22 10:19:28,0,Good
2/9/22 10:19:31,1,Good
2/9/22 10:19:38,0,Good
2/9/22 10:19:43,1,Good
2/9/22 10:19:58,0,Good
2/9/22 10:20:51,1,Good
2/9/22 10:21:44,0,Good
2/9/22 10:22:07,1,Good
2/9/22 10:22:16,0,Good
2/9/22 10:22:22,1,Good
2/9/22 10:22:37,0,Good
2/9/22 10:22:52,1,Good
2/9/22 10:23:02,0,Good
2/9/22 10:23:47,1,Good
2/9/22 10:24:22,0,Good
2/9/22 10:35:38,-1,Good
2/9/22 10:37:46,0,Good
2/9/22 10:38:14,-1,Good
2/9/22 10:38:16,0,Good
2/9/22 10:38:36,-1,Good
2/9/22 10:38:44,0,Good
2/9/22 10:40:37,1,Good
2/9/22 10:40:57,0,Good
2/9/22 10:41:02,1,Good
2/9/22 10:42:22,2,Good
2/9/22 10:43:22,3,Good
2/9/22 10:44:28,4,Good
2/9/22 10:46:01,5,Good
2/9/22 10:48:46,6,Good
2/9/22 10:52:53,7,Good
2/9/22 10:58:59,8,Good
2/9/22 11:08:47,9,Good
2/9/22 11:19:27,10,Good
2/9/22 11:30:53,11,Good
2/9/22 11:31:13,10,Good
2/9/22 11:31:16,11,Good
2/9/22 11:45:12,12,Good
2/9/22 11:45:17,11,Good
2/9/22 11:45:22,12,Good
2/9/22 12:13:40,13,Good
2/9/22 12:14:00,12,Good
2/9/22 12:29:17,13,Good
2/9/22 12:29:22,12,Good
2/9/22 12:29:25,13,Good
2/9/22 12:29:32,12,Good
2/9/22 12:29:40,13,Good
2/9/22 12:55:22,12,Good
2/9/22 12:55:25,13,Good
2/9/22 12:55:32,12,Good
2/9/22 12:55:47,13,Good
2/9/22 12:56:02,12,Good
2/9/22 12:56:07,13,Good
2/9/22 12:56:22,12,Good
2/9/22 12:56:25,13,Good
2/9/22 12:56:37,12,Good
2/9/22 12:56:40,13,Good
2/9/22 12:56:47,12,Good
2/9/22 12:56:55,13,Good
2/9/22 12:57:07,12,Good
2/9/22 12:57:10,13,Good
2/9/22 12:57:17,12,Good
2/9/22 13:05:17,13,Good
2/9/22 13:05:25,12,Good
2/9/22 13:05:32,13,Good
2/9/22 13:25:03,14,Good
2/9/22 13:25:23,13,Good
2/9/22 13:25:45,14,Good
2/9/22 13:46:56,15,Good
2/9/22 14:01:23,14,Good
2/9/22 14:01:38,15,Good
2/9/22 14:02:56,14,Good
2/9/22 14:03:01,15,Good
2/9/22 15:03:03,15,Good
