NoLo (deg c),,
Timestamp,Value,Quality
2/7/22 00:06:23,32767,Good
2/7/22 00:08:06,32767,Good
2/7/22 00:08:11,21,Good
2/7/22 00:13:56,20,Good
2/7/22 00:14:08,21,Good
2/7/22 00:14:11,20,Good
2/7/22 00:14:16,21,Good
2/7/22 00:14:23,20,Good
2/7/22 00:14:25,21,Good
2/7/22 00:14:31,20,Good
2/7/22 00:14:38,21,Good
2/7/22 00:14:41,20,Good
2/7/22 00:14:53,21,Good
2/7/22 00:14:56,20,Good
2/7/22 00:15:01,21,Good
2/7/22 00:15:41,21,Good
2/7/22 00:15:46,-32,Good
2/7/22 00:15:54,-19,Good
2/7/22 00:15:56,-17,Good
2/7/22 00:16:01,-11,Good
2/7/22 00:16:08,-5,Good
2/7/22 00:16:11,-3,Good
2/7/22 00:16:16,0,Good
2/7/22 00:16:24,3,Good
2/7/22 00:16:26,4,Good
2/7/22 00:16:31,5,Good
2/7/22 00:16:36,7,Good
2/7/22 00:16:41,8,Good
2/7/22 00:16:46,9,Good
2/7/22 00:16:56,10,Good
2/7/22 00:17:11,11,Good
2/7/22 00:17:16,12,Good
2/7/22 00:17:24,13,Good
2/7/22 00:17:31,14,Good
2/7/22 00:17:36,15,Good
2/7/22 00:17:46,16,Good
2/7/22 00:18:02,17,Good
2/7/22 00:18:22,18,Good
2/7/22 00:18:47,19,Good
2/7/22 00:19:37,20,Good
2/7/22 00:24:46,21,Good
2/7/22 00:24:53,20,Good
2/7/22 00:24:56,21,Good
2/7/22 00:25:01,20,Good
2/7/22 00:25:09,21,Good
2/7/22 00:25:16,20,Good
2/7/22 00:25:24,21,Good
2/7/22 00:25:51,21,Good
2/7/22 00:25:56,32767,Good
2/7/22 00:26:41,32767,Good
2/7/22 00:26:46,21,Good
2/7/22 00:26:56,-53,Good
2/7/22 00:27:01,-52,Good
2/7/22 00:27:12,-38,Good
2/7/22 00:27:17,-32,Good
2/7/22 00:27:22,-25,Good
2/7/22 00:27:24,-22,Good
2/7/22 00:27:32,-15,Good
2/7/22 00:27:37,-11,Good
2/7/22 00:27:42,-7,Good
2/7/22 00:27:47,-4,Good
2/7/22 00:27:52,-1,Good
2/7/22 00:27:57,1,Good
2/7/22 00:28:02,2,Good
2/7/22 00:28:07,4,Good
2/7/22 00:28:17,7,Good
2/7/22 00:28:22,8,Good
2/7/22 00:28:32,9,Good
2/7/22 00:28:37,10,Good
2/7/22 00:28:52,11,Good
2/7/22 00:29:17,12,Good
2/7/22 00:29:37,13,Good
2/7/22 00:29:47,14,Good
2/7/22 00:29:55,15,Good
2/7/22 00:30:07,16,Good
2/7/22 00:30:22,17,Good
2/7/22 00:30:48,18,Good
2/7/22 00:31:46,19,Good
2/7/22 00:33:46,20,Good
2/7/22 01:23:32,21,Good
2/7/22 01:23:48,20,Good
2/7/22 02:23:52,20,Good
2/7/22 02:37:48,21,Good
2/7/22 02:41:01,20,Good
2/7/22 02:48:11,21,Good
2/7/22 02:48:16,20,Good
2/7/22 02:48:24,21,Good
2/7/22 02:52:17,20,Good
2/7/22 03:52:24,20,Good
2/7/22 04:52:26,20,Good
2/7/22 05:52:32,20,Good
2/7/22 06:52:39,20,Good
2/7/22 07:06:03,21,Good
2/7/22 07:06:08,20,Good
2/7/22 07:06:11,21,Good
2/7/22 07:06:18,20,Good
2/7/22 07:08:39,21,Good
2/7/22 07:12:17,20,Good
2/7/22 07:13:23,21,Good
2/7/22 07:13:33,20,Good
2/7/22 07:18:57,21,Good
2/7/22 07:19:02,20,Good
2/7/22 07:19:09,21,Good
2/7/22 07:19:17,20,Good
2/7/22 07:19:24,21,Good
2/7/22 07:20:22,20,Good
2/7/22 07:20:32,21,Good
2/7/22 07:20:40,20,Good
2/7/22 07:20:42,21,Good
2/7/22 07:20:52,20,Good
2/7/22 07:20:57,21,Good
2/7/22 07:21:02,20,Good
2/7/22 07:21:05,21,Good
2/7/22 07:21:17,20,Good
2/7/22 07:21:27,21,Good
2/7/22 07:22:03,20,Good
2/7/22 07:22:05,21,Good
2/7/22 07:22:17,20,Good
2/7/22 07:22:20,21,Good
2/7/22 07:22:28,20,Good
2/7/22 07:22:35,21,Good
2/7/22 07:22:48,20,Good
2/7/22 07:24:26,21,Good
2/7/22 07:24:53,20,Good
2/7/22 07:25:09,21,Good
2/7/22 07:25:33,20,Good
2/7/22 07:25:39,21,Good
2/7/22 07:27:01,20,Good
2/7/22 07:27:09,21,Good
2/7/22 07:27:31,20,Good
2/7/22 07:27:37,21,Good
2/7/22 07:27:42,20,Good
2/7/22 07:27:47,21,Good
2/7/22 07:27:52,20,Good
2/7/22 07:27:56,21,Good
2/7/22 07:28:47,20,Good
2/7/22 07:28:54,21,Good
2/7/22 07:28:57,20,Good
2/7/22 07:29:02,21,Good
2/7/22 07:29:12,20,Good
2/7/22 07:29:17,21,Good
2/7/22 07:29:24,20,Good
2/7/22 07:30:02,21,Good
2/7/22 07:30:07,20,Good
2/7/22 07:30:17,21,Good
2/7/22 07:30:22,20,Good
2/7/22 07:30:27,21,Good
2/7/22 07:30:32,20,Good
2/7/22 07:30:37,21,Good
2/7/22 07:30:47,20,Good
2/7/22 07:30:52,21,Good
2/7/22 07:31:10,20,Good
2/7/22 07:31:18,21,Good
2/7/22 07:31:27,20,Good
2/7/22 07:31:32,21,Good
2/7/22 07:31:40,20,Good
2/7/22 07:31:48,21,Good
2/7/22 07:32:48,20,Good
2/7/22 07:32:53,21,Good
2/7/22 07:33:26,20,Good
2/7/22 07:33:33,21,Good
2/7/22 07:33:38,20,Good
2/7/22 07:33:53,21,Good
2/7/22 07:33:56,20,Good
2/7/22 07:34:03,21,Good
2/7/22 07:34:11,20,Good
2/7/22 07:34:26,21,Good
2/7/22 07:34:41,20,Good
2/7/22 07:34:56,21,Good
2/7/22 07:35:03,20,Good
2/7/22 07:36:26,21,Good
2/7/22 07:36:39,20,Good
2/7/22 07:36:56,21,Good
2/7/22 07:37:02,20,Good
2/7/22 07:42:48,21,Good
2/7/22 07:42:53,20,Good
2/7/22 07:42:56,21,Good
2/7/22 07:43:26,20,Good
2/7/22 07:43:33,21,Good
2/7/22 07:43:38,20,Good
2/7/22 07:43:41,21,Good
2/7/22 07:43:46,20,Good
2/7/22 07:43:53,21,Good
2/7/22 07:44:03,20,Good
2/7/22 07:47:47,21,Good
2/7/22 07:47:52,20,Good
2/7/22 07:47:57,21,Good
2/7/22 07:48:02,20,Good
2/7/22 07:48:22,21,Good
2/7/22 07:48:27,20,Good
2/7/22 07:49:03,21,Good
2/7/22 07:49:07,20,Good
2/7/22 07:49:23,21,Good
2/7/22 07:49:27,20,Good
2/7/22 07:49:33,21,Good
2/7/22 07:49:40,20,Good
2/7/22 07:50:12,21,Good
2/7/22 07:50:48,20,Good
2/7/22 07:51:08,21,Good
2/7/22 07:51:18,20,Good
2/7/22 07:51:25,21,Good
2/7/22 07:53:53,20,Good
2/7/22 07:54:01,21,Good
2/7/22 07:54:11,20,Good
2/7/22 08:10:08,21,Good
2/7/22 09:10:10,21,Good
2/7/22 09:57:56,20,Good
2/7/22 10:00:32,19,Good
2/7/22 10:04:13,18,Good
2/7/22 10:04:18,19,Good
2/7/22 10:04:20,18,Good
2/7/22 10:05:48,19,Good
2/7/22 10:05:56,18,Good
2/7/22 10:16:56,17,Good
2/7/22 10:46:07,16,Good
2/7/22 11:39:21,17,Good
2/7/22 11:39:31,16,Good
2/7/22 11:39:37,17,Good
2/7/22 11:39:42,16,Good
2/7/22 11:39:47,17,Good
2/7/22 12:23:52,18,Good
2/7/22 12:23:57,17,Good
2/7/22 12:24:02,18,Good
2/7/22 12:47:51,19,Good
2/7/22 12:47:56,18,Good
2/7/22 12:48:36,19,Good
2/7/22 13:29:03,20,Good
2/7/22 13:29:05,19,Good
2/7/22 13:29:35,20,Good
2/7/22 13:29:48,19,Good
2/7/22 13:30:05,20,Good
2/7/22 14:23:35,21,Good
2/7/22 14:23:43,20,Good
2/7/22 14:23:50,21,Good
2/7/22 14:23:58,20,Good
2/7/22 14:24:13,21,Good
2/7/22 14:24:18,20,Good
2/7/22 14:24:20,21,Good
2/7/22 14:24:33,20,Good
2/7/22 14:24:36,21,Good
2/7/22 14:24:43,20,Good
2/7/22 14:24:48,21,Good
2/7/22 14:25:03,20,Good
2/7/22 14:25:06,21,Good
2/7/22 14:25:13,20,Good
2/7/22 14:25:18,21,Good
2/7/22 14:25:33,20,Good
2/7/22 14:25:36,21,Good
2/7/22 15:15:02,22,Good
2/7/22 15:15:07,21,Good
2/7/22 15:15:12,22,Good
2/7/22 15:15:17,21,Good
2/7/22 15:15:32,22,Good
2/7/22 15:15:37,21,Good
2/7/22 15:15:42,22,Good
2/7/22 15:15:52,21,Good
2/7/22 15:15:57,22,Good
2/7/22 15:57:36,21,Good
2/7/22 16:02:05,20,Good
2/7/22 16:12:03,19,Good
2/7/22 16:14:04,18,Good
2/7/22 16:14:33,17,Good
2/7/22 16:14:51,16,Good
2/7/22 16:15:06,15,Good
2/7/22 16:15:21,14,Good
2/7/22 16:15:34,13,Good
2/7/22 16:15:49,12,Good
2/7/22 16:16:04,11,Good
2/7/22 16:16:19,10,Good
2/7/22 16:16:34,9,Good
2/7/22 16:16:49,8,Good
2/7/22 16:17:04,7,Good
2/7/22 16:17:19,6,Good
2/7/22 16:17:34,5,Good
2/7/22 16:17:57,4,Good
2/7/22 16:18:22,3,Good
2/7/22 16:18:57,2,Good
2/7/22 16:19:27,1,Good
2/7/22 16:20:02,0,Good
2/7/22 16:20:33,-1,Good
2/7/22 16:21:13,-2,Good
2/7/22 16:21:43,-3,Good
2/7/22 16:22:03,-4,Good
2/7/22 16:22:28,-5,Good
2/7/22 16:22:48,-6,Good
2/7/22 16:23:13,-7,Good
2/7/22 16:23:36,-8,Good
2/7/22 16:24:04,-9,Good
2/7/22 16:24:41,-10,Good
2/7/22 16:25:19,-11,Good
2/7/22 16:25:49,-12,Good
2/7/22 16:26:19,-13,Good
2/7/22 16:26:49,-14,Good
2/7/22 16:27:17,-15,Good
2/7/22 16:27:42,-16,Good
2/7/22 16:28:12,-17,Good
2/7/22 16:28:50,-18,Good
2/7/22 16:29:35,-19,Good
2/7/22 16:30:33,-20,Good
2/7/22 16:31:43,-21,Good
2/7/22 16:33:11,-22,Good
2/7/22 16:34:57,-23,Good
2/7/22 16:37:27,-24,Good
2/7/22 16:41:11,-25,Good
2/7/22 16:49:36,-26,Good
2/7/22 16:49:43,-25,Good
2/7/22 16:49:51,-26,Good
2/7/22 16:50:06,-25,Good
2/7/22 16:50:11,-26,Good
2/7/22 16:55:33,-25,Good
2/7/22 17:06:28,-26,Good
2/7/22 17:08:13,-27,Good
2/7/22 17:09:11,-28,Good
2/7/22 17:09:49,-29,Good
2/7/22 17:10:22,-30,Good
2/7/22 17:10:52,-31,Good
2/7/22 17:11:27,-32,Good
2/7/22 17:11:57,-33,Good
2/7/22 17:12:32,-34,Good
2/7/22 17:13:07,-35,Good
2/7/22 17:13:48,-36,Good
2/7/22 17:14:33,-37,Good
2/7/22 17:15:21,-38,Good
2/7/22 17:16:18,-39,Good
2/7/22 17:17:29,-40,Good
2/7/22 17:18:34,-41,Good
2/7/22 17:19:49,-42,Good
2/7/22 17:21:27,-43,Good
2/7/22 17:23:30,-44,Good
2/7/22 17:25:58,-45,Good
2/7/22 17:29:52,-46,Good
2/7/22 17:35:11,-47,Good
2/7/22 17:40:43,-48,Good
2/7/22 17:46:19,-49,Good
2/7/22 17:51:05,-50,Good
2/7/22 17:56:37,-51,Good
2/7/22 17:56:42,-50,Good
2/7/22 17:56:47,-51,Good
2/7/22 18:03:11,-52,Good
2/7/22 18:09:48,-53,Good
2/7/22 18:16:02,-54,Good
2/7/22 18:23:07,-55,Good
2/7/22 18:23:12,-54,Good
2/7/22 18:23:19,-55,Good
2/7/22 18:32:12,-56,Good
2/7/22 18:40:14,-57,Good
2/7/22 18:48:02,-58,Good
2/7/22 18:48:11,-57,Good
2/7/22 18:48:21,-58,Good
2/7/22 18:57:11,-59,Good
2/7/22 18:57:16,-58,Good
2/7/22 18:57:21,-59,Good
2/7/22 19:07:37,-60,Good
2/7/22 19:14:36,-61,Good
2/7/22 19:24:07,-62,Good
2/7/22 19:33:01,-63,Good
2/7/22 19:42:57,-64,Good
2/7/22 19:42:59,-63,Good
2/7/22 19:43:07,-64,Good
2/7/22 19:53:22,-65,Good
2/7/22 20:03:22,-66,Good
2/7/22 20:03:27,-65,Good
2/7/22 20:03:30,-66,Good
2/7/22 20:03:37,-65,Good
2/7/22 20:03:57,-66,Good
2/7/22 20:04:00,-65,Good
2/7/22 20:04:08,-66,Good
2/7/22 20:06:00,-65,Good
2/7/22 20:07:06,-64,Good
2/7/22 20:08:31,-63,Good
2/7/22 20:11:37,-62,Good
2/7/22 20:49:30,-63,Good
2/7/22 20:49:35,-62,Good
2/7/22 20:50:00,-63,Good
2/7/22 20:50:13,-62,Good
2/7/22 20:50:15,-63,Good
2/7/22 21:21:37,-64,Good
2/7/22 21:21:42,-63,Good
2/7/22 21:22:12,-64,Good
2/7/22 21:22:15,-63,Good
2/7/22 21:22:22,-64,Good
2/7/22 21:22:57,-63,Good
2/7/22 21:23:12,-64,Good
2/7/22 21:23:52,-63,Good
2/7/22 21:24:08,-64,Good
2/7/22 21:47:47,-65,Good
2/7/22 21:47:57,-64,Good
2/7/22 21:48:01,-65,Good
2/7/22 21:48:07,-64,Good
2/7/22 21:48:32,-65,Good
2/7/22 21:48:37,-64,Good
2/7/22 21:50:37,-65,Good
2/7/22 21:50:45,-64,Good
2/7/22 21:52:08,-65,Good
2/7/22 21:52:28,-64,Good
2/7/22 21:52:30,-65,Good
2/7/22 22:20:58,-66,Good
2/7/22 22:21:13,-65,Good
2/7/22 22:21:29,-66,Good
2/7/22 22:22:51,-65,Good
2/7/22 22:22:59,-66,Good
2/7/22 22:25:15,-65,Good
2/7/22 22:25:27,-66,Good
2/7/22 23:05:16,-67,Good
2/7/22 23:06:14,-66,Good
2/7/22 23:06:16,-67,Good
2/7/22 23:07:44,-66,Good
2/7/22 23:07:56,-67,Good
2/7/22 23:08:12,-66,Good
2/7/22 23:08:27,-67,Good
2/7/22 23:08:32,-66,Good
2/7/22 23:09:37,-67,Good
2/7/22 23:09:42,-66,Good
2/7/22 23:10:07,-67,Good
2/7/22 23:10:22,-66,Good
2/7/22 23:10:30,-67,Good
2/7/22 23:11:00,-66,Good
2/7/22 23:11:07,-67,Good
2/7/22 23:37:32,-68,Good
2/7/22 23:37:37,-67,Good
2/7/22 23:37:42,-68,Good
2/7/22 23:37:57,-67,Good
2/7/22 23:38:15,-68,Good
2/7/22 23:38:22,-67,Good
2/7/22 23:38:42,-68,Good
2/7/22 23:39:07,-67,Good
2/7/22 23:39:13,-68,Good
2/8/22 00:13:15,-69,Good
2/8/22 00:13:27,-68,Good
2/8/22 00:13:37,-69,Good
2/8/22 00:13:42,-68,Good
2/8/22 00:13:45,-69,Good
2/8/22 00:13:52,-68,Good
2/8/22 00:14:15,-69,Good
2/8/22 00:14:23,-68,Good
2/8/22 00:14:30,-69,Good
2/8/22 00:14:37,-68,Good
2/8/22 00:15:08,-69,Good
2/8/22 00:15:15,-68,Good
2/8/22 00:15:23,-69,Good
2/8/22 00:15:28,-68,Good
2/8/22 00:15:38,-69,Good
2/8/22 00:48:02,-70,Good
2/8/22 00:48:07,-69,Good
2/8/22 00:48:27,-70,Good
2/8/22 00:48:32,-69,Good
2/8/22 00:48:52,-70,Good
2/8/22 01:13:37,-71,Good
2/8/22 01:14:57,-70,Good
2/8/22 01:15:02,-71,Good
2/8/22 01:15:27,-70,Good
2/8/22 01:15:32,-71,Good
2/8/22 01:17:30,-70,Good
2/8/22 01:31:59,-71,Good
2/8/22 01:33:52,-70,Good
2/8/22 01:33:57,-71,Good
2/8/22 01:34:17,-70,Good
2/8/22 01:34:22,-71,Good
2/8/22 01:34:43,-70,Good
2/8/22 01:34:52,-71,Good
2/8/22 01:34:58,-70,Good
2/8/22 01:39:14,-71,Good
2/8/22 01:41:32,-70,Good
2/8/22 01:41:42,-71,Good
2/8/22 01:41:47,-70,Good
2/8/22 01:42:07,-71,Good
2/8/22 01:42:12,-70,Good
2/8/22 01:42:17,-71,Good
2/8/22 01:43:28,-70,Good
2/8/22 01:43:42,-71,Good
2/8/22 01:43:58,-70,Good
2/8/22 01:44:00,-71,Good
2/8/22 01:44:38,-70,Good
2/8/22 01:44:45,-71,Good
2/8/22 01:44:53,-70,Good
2/8/22 01:45:58,-71,Good
2/8/22 02:15:14,-70,Good
2/8/22 02:18:32,-69,Good
2/8/22 02:26:42,-68,Good
2/8/22 02:27:02,-69,Good
2/8/22 02:27:12,-68,Good
2/8/22 02:58:23,-67,Good
2/8/22 02:58:31,-68,Good
2/8/22 02:58:58,-67,Good
2/8/22 02:59:01,-68,Good
2/8/22 02:59:31,-67,Good
2/8/22 02:59:36,-68,Good
2/8/22 02:59:44,-67,Good
2/8/22 03:00:06,-68,Good
2/8/22 03:00:21,-67,Good
2/8/22 03:00:29,-68,Good
2/8/22 03:00:31,-67,Good
2/8/22 03:01:07,-68,Good
2/8/22 03:01:52,-67,Good
2/8/22 03:06:08,-68,Good
2/8/22 03:06:13,-67,Good
2/8/22 03:07:43,-68,Good
2/8/22 03:07:46,-67,Good
2/8/22 03:08:13,-68,Good
2/8/22 03:08:23,-67,Good
2/8/22 03:14:38,-68,Good
2/8/22 03:14:45,-67,Good
2/8/22 03:16:58,-68,Good
2/8/22 03:17:01,-67,Good
2/8/22 03:17:28,-68,Good
2/8/22 03:17:44,-67,Good
2/8/22 04:06:22,-66,Good
2/8/22 04:06:37,-67,Good
2/8/22 04:07:28,-66,Good
2/8/22 04:07:43,-67,Good
2/8/22 04:08:00,-66,Good
2/8/22 04:08:08,-67,Good
2/8/22 04:08:13,-66,Good
2/8/22 04:08:15,-67,Good
2/8/22 04:08:45,-66,Good
2/8/22 04:08:53,-67,Good
2/8/22 04:09:00,-66,Good
2/8/22 04:09:08,-67,Good
2/8/22 04:10:31,-66,Good
2/8/22 04:10:38,-67,Good
2/8/22 04:10:43,-66,Good
2/8/22 04:11:51,-67,Good
2/8/22 04:11:59,-66,Good
2/8/22 04:12:47,-67,Good
2/8/22 04:12:52,-66,Good
2/8/22 05:12:53,-66,Good
2/8/22 05:28:33,-65,Good
2/8/22 05:28:41,-66,Good
2/8/22 05:54:02,-65,Good
2/8/22 05:54:07,-66,Good
2/8/22 05:54:23,-65,Good
2/8/22 05:54:33,-66,Good
2/8/22 05:54:37,-65,Good
2/8/22 05:54:47,-66,Good
2/8/22 05:55:08,-65,Good
2/8/22 05:55:17,-66,Good
2/8/22 05:59:47,-65,Good
2/8/22 05:59:54,-66,Good
2/8/22 06:38:24,-65,Good
2/8/22 06:40:15,-66,Good
2/8/22 06:40:38,-65,Good
2/8/22 06:40:40,-66,Good
2/8/22 06:40:47,-65,Good
2/8/22 06:41:16,-66,Good
2/8/22 06:41:25,-65,Good
2/8/22 06:41:30,-66,Good
2/8/22 06:41:38,-65,Good
2/8/22 06:41:40,-66,Good
2/8/22 06:41:45,-65,Good
2/8/22 06:42:38,-66,Good
2/8/22 06:42:56,-65,Good
2/8/22 06:43:01,-66,Good
2/8/22 06:43:09,-65,Good
2/8/22 06:43:26,-66,Good
2/8/22 06:43:38,-65,Good
2/8/22 06:45:07,-66,Good
2/8/22 06:45:16,-65,Good
2/8/22 06:45:32,-66,Good
2/8/22 06:51:38,-65,Good
2/8/22 06:51:41,-66,Good
2/8/22 06:51:46,-65,Good
2/8/22 06:52:08,-66,Good
2/8/22 06:52:16,-65,Good
2/8/22 06:55:07,-66,Good
2/8/22 06:55:10,-65,Good
2/8/22 06:57:53,-66,Good
2/8/22 06:57:55,-65,Good
2/8/22 07:02:47,-66,Good
2/8/22 07:03:12,-65,Good
2/8/22 07:03:17,-66,Good
2/8/22 07:03:22,-65,Good
2/8/22 07:03:26,-66,Good
2/8/22 07:03:32,-65,Good
2/8/22 07:21:02,-66,Good
2/8/22 07:21:27,-65,Good
2/8/22 07:55:08,-66,Good
2/8/22 07:55:26,-65,Good
2/8/22 07:55:31,-66,Good
2/8/22 07:55:39,-65,Good
2/8/22 07:55:41,-66,Good
2/8/22 07:55:54,-65,Good
2/8/22 07:57:02,-66,Good
2/8/22 07:57:07,-65,Good
2/8/22 08:05:24,-66,Good
2/8/22 08:06:52,-65,Good
2/8/22 08:08:02,-66,Good
2/8/22 08:08:10,-65,Good
2/8/22 08:10:48,-66,Good
2/8/22 08:11:53,-65,Good
2/8/22 08:12:24,-66,Good
2/8/22 08:12:31,-65,Good
2/8/22 08:17:32,-66,Good
2/8/22 08:17:37,-65,Good
2/8/22 08:30:01,-66,Good
2/8/22 08:30:08,-65,Good
2/8/22 08:30:11,-66,Good
2/8/22 08:31:16,-65,Good
2/8/22 08:32:09,-66,Good
2/8/22 08:33:07,-65,Good
2/8/22 08:37:08,-66,Good
2/8/22 08:37:10,-65,Good
2/8/22 08:37:41,-66,Good
2/8/22 08:38:23,-65,Good
2/8/22 08:38:38,-66,Good
2/8/22 08:38:54,-65,Good
2/8/22 08:39:11,-66,Good
2/8/22 08:39:16,-65,Good
2/8/22 08:39:53,-66,Good
2/8/22 08:44:10,-65,Good
2/8/22 08:44:22,-66,Good
2/8/22 08:44:40,-65,Good
2/8/22 08:45:03,-66,Good
2/8/22 08:45:18,-65,Good
2/8/22 08:45:23,-66,Good
2/8/22 08:45:25,-65,Good
2/8/22 08:45:33,-66,Good
2/8/22 08:45:40,-65,Good
2/8/22 08:46:03,-66,Good
2/8/22 08:46:08,-65,Good
2/8/22 08:46:10,-66,Good
2/8/22 08:46:38,-65,Good
2/8/22 08:46:41,-66,Good
2/8/22 08:47:31,-65,Good
2/8/22 08:47:41,-66,Good
2/8/22 08:48:39,-65,Good
2/8/22 08:49:01,-66,Good
2/8/22 08:49:11,-65,Good
2/8/22 08:49:31,-66,Good
2/8/22 08:50:37,-65,Good
2/8/22 08:50:47,-66,Good
2/8/22 08:51:02,-65,Good
2/8/22 08:52:07,-66,Good
2/8/22 08:58:16,-65,Good
2/8/22 08:58:31,-66,Good
2/8/22 08:58:39,-65,Good
2/8/22 08:58:41,-66,Good
2/8/22 09:54:17,-65,Good
2/8/22 09:54:54,-66,Good
2/8/22 09:55:02,-65,Good
2/8/22 09:55:17,-66,Good
2/8/22 09:56:48,-65,Good
2/8/22 09:56:53,-66,Good
2/8/22 09:56:55,-65,Good
2/8/22 09:57:03,-66,Good
2/8/22 10:01:31,-65,Good
2/8/22 10:01:54,-66,Good
2/8/22 10:19:57,-65,Good
2/8/22 10:20:02,-66,Good
2/8/22 10:21:32,-65,Good
2/8/22 10:21:37,-66,Good
2/8/22 10:21:42,-65,Good
2/8/22 10:21:47,-66,Good
2/8/22 10:22:48,-65,Good
2/8/22 10:23:10,-66,Good
2/8/22 10:23:17,-65,Good
2/8/22 10:23:33,-66,Good
2/8/22 10:51:53,-65,Good
2/8/22 10:52:18,-66,Good
2/8/22 10:52:48,-65,Good
2/8/22 10:53:08,-66,Good
2/8/22 10:53:31,-65,Good
2/8/22 10:53:41,-66,Good
2/8/22 10:54:01,-65,Good
2/8/22 10:54:24,-66,Good
2/8/22 10:54:26,-65,Good
2/8/22 10:55:01,-66,Good
2/8/22 11:55:03,-66,Good
2/8/22 12:34:32,-67,Good
2/8/22 12:35:09,-66,Good
2/8/22 12:36:47,-67,Good
2/8/22 12:37:27,-66,Good
2/8/22 12:37:32,-67,Good
2/8/22 12:38:03,-66,Good
2/8/22 12:38:08,-67,Good
2/8/22 12:38:10,-66,Good
2/8/22 12:39:33,-67,Good
2/8/22 12:39:38,-66,Good
2/8/22 12:39:56,-67,Good
2/8/22 12:42:39,-66,Good
2/8/22 12:42:56,-67,Good
2/8/22 12:43:01,-66,Good
2/8/22 12:44:47,-67,Good
2/8/22 12:44:54,-66,Good
2/8/22 12:45:12,-67,Good
2/8/22 13:45:16,-67,Good
2/8/22 14:40:17,-68,Good
2/8/22 14:40:19,-67,Good
2/8/22 14:40:27,-68,Good
2/8/22 14:40:42,-67,Good
2/8/22 14:40:47,-68,Good
2/8/22 14:43:17,-67,Good
2/8/22 14:43:20,-68,Good
2/8/22 14:43:40,-67,Good
2/8/22 14:45:56,-68,Good
2/8/22 14:48:31,-67,Good
2/8/22 14:48:34,-68,Good
2/8/22 14:48:41,-67,Good
2/8/22 14:48:46,-68,Good
2/8/22 14:48:57,-67,Good
2/8/22 14:49:34,-68,Good
2/8/22 14:56:57,-67,Good
2/8/22 14:57:01,-68,Good
2/8/22 14:58:12,-67,Good
2/8/22 14:58:17,-68,Good
2/8/22 14:58:32,-67,Good
2/8/22 14:59:05,-68,Good
2/8/22 14:59:12,-67,Good
2/8/22 15:01:33,-68,Good
2/8/22 15:01:40,-67,Good
2/8/22 15:01:48,-68,Good
2/8/22 15:01:50,-67,Good
2/8/22 15:02:10,-68,Good
2/8/22 15:02:18,-67,Good
2/8/22 15:02:35,-68,Good
2/8/22 15:02:40,-67,Good
2/8/22 15:03:33,-68,Good
2/8/22 15:03:36,-67,Good
2/8/22 15:03:51,-68,Good
2/8/22 15:03:56,-67,Good
2/8/22 15:05:06,-68,Good
2/8/22 15:05:11,-67,Good
2/8/22 15:06:01,-68,Good
2/8/22 15:06:06,-67,Good
2/8/22 15:06:47,-68,Good
2/8/22 15:06:57,-67,Good
2/8/22 15:09:32,-68,Good
2/8/22 15:09:42,-67,Good
2/8/22 15:09:48,-68,Good
2/8/22 15:10:12,-67,Good
2/8/22 15:10:48,-68,Good
2/8/22 15:30:11,-67,Good
2/8/22 15:30:18,-68,Good
2/8/22 15:33:57,-67,Good
2/8/22 15:34:02,-68,Good
2/8/22 15:41:37,-67,Good
2/8/22 15:41:56,-68,Good
2/8/22 15:42:01,-67,Good
2/8/22 15:42:16,-68,Good
2/8/22 15:42:21,-67,Good
2/8/22 15:42:26,-68,Good
2/8/22 15:42:31,-67,Good
2/8/22 15:42:42,-68,Good
2/8/22 15:42:47,-67,Good
2/8/22 15:44:17,-68,Good
2/8/22 15:44:19,-67,Good
2/8/22 15:47:03,-68,Good
2/8/22 15:47:10,-67,Good
2/8/22 15:47:20,-68,Good
2/8/22 15:48:06,-67,Good
2/8/22 16:48:12,-67,Good
2/8/22 17:48:16,-67,Good
2/8/22 17:49:27,-68,Good
2/8/22 18:49:34,-68,Good
2/8/22 19:49:35,-68,Good
2/8/22 19:57:02,-69,Good
2/8/22 19:57:05,-68,Good
2/8/22 19:57:28,-69,Good
2/8/22 19:57:33,-68,Good
2/8/22 19:57:40,-69,Good
2/8/22 19:57:50,-68,Good
2/8/22 19:57:58,-69,Good
2/8/22 20:58:02,-69,Good
2/8/22 21:58:04,-69,Good
2/8/22 22:02:05,-68,Good
2/8/22 22:16:52,-67,Good
2/8/22 22:16:56,-68,Good
2/8/22 22:17:17,-67,Good
2/8/22 22:26:57,-66,Good
2/8/22 22:33:19,-65,Good
2/8/22 22:39:03,-64,Good
2/8/22 22:44:17,-63,Good
2/8/22 22:44:27,-64,Good
2/8/22 22:44:34,-63,Good
2/8/22 22:48:48,-62,Good
2/8/22 22:48:50,-63,Good
2/8/22 22:49:03,-62,Good
2/8/22 22:53:12,-61,Good
2/8/22 22:53:19,-62,Good
2/8/22 22:53:32,-61,Good
2/8/22 22:57:48,-60,Good
2/8/22 22:57:51,-61,Good
2/8/22 22:58:13,-60,Good
2/8/22 23:02:17,-59,Good
2/8/22 23:02:22,-60,Good
2/8/22 23:02:27,-59,Good
2/8/22 23:06:28,-58,Good
2/8/22 23:10:34,-57,Good
2/8/22 23:14:28,-56,Good
2/8/22 23:17:51,-55,Good
2/8/22 23:17:56,-56,Good
2/8/22 23:18:04,-55,Good
2/8/22 23:21:27,-54,Good
2/8/22 23:21:37,-55,Good
2/8/22 23:21:42,-54,Good
2/8/22 23:21:47,-55,Good
2/8/22 23:21:52,-54,Good
2/8/22 23:25:06,-53,Good
2/8/22 23:28:42,-52,Good
2/8/22 23:32:05,-51,Good
2/8/22 23:36:04,-50,Good
2/8/22 23:39:32,-49,Good
2/8/22 23:43:13,-48,Good
2/8/22 23:46:49,-47,Good
2/8/22 23:50:28,-46,Good
2/8/22 23:53:51,-45,Good
2/8/22 23:57:07,-44,Good
2/9/22 00:00:43,-43,Good
2/9/22 00:03:57,-42,Good
2/9/22 00:06:57,-41,Good
2/9/22 00:07:03,-42,Good
2/9/22 00:07:05,-41,Good
2/9/22 00:07:12,-42,Good
2/9/22 00:07:17,-41,Good
2/9/22 00:10:18,-40,Good
2/9/22 00:10:21,-41,Good
2/9/22 00:10:28,-40,Good
2/9/22 00:13:49,-39,Good
2/9/22 00:17:17,-38,Good
2/9/22 00:20:41,-37,Good
2/9/22 00:24:07,-36,Good
2/9/22 00:27:43,-35,Good
2/9/22 00:31:07,-34,Good
2/9/22 00:34:18,-33,Good
2/9/22 00:37:56,-32,Good
2/9/22 00:41:27,-31,Good
2/9/22 00:45:03,-30,Good
2/9/22 00:48:57,-29,Good
2/9/22 00:52:12,-28,Good
2/9/22 00:52:17,-29,Good
2/9/22 00:52:20,-28,Good
2/9/22 00:52:28,-29,Good
2/9/22 00:52:35,-28,Good
2/9/22 00:56:19,-27,Good
2/9/22 01:00:07,-26,Good
2/9/22 01:03:43,-25,Good
2/9/22 01:07:19,-24,Good
2/9/22 01:10:33,-23,Good
2/9/22 01:14:19,-22,Good
2/9/22 01:18:02,-21,Good
2/9/22 01:21:43,-20,Good
2/9/22 01:25:34,-19,Good
2/9/22 01:29:33,-18,Good
2/9/22 01:33:34,-17,Good
2/9/22 01:38:13,-16,Good
2/9/22 01:42:41,-15,Good
2/9/22 01:46:58,-14,Good
2/9/22 01:51:41,-13,Good
2/9/22 01:56:35,-12,Good
2/9/22 02:01:07,-11,Good
2/9/22 02:01:12,-12,Good
2/9/22 02:01:19,-11,Good
2/9/22 02:06:13,-10,Good
2/9/22 02:11:20,-9,Good
2/9/22 02:16:18,-8,Good
2/9/22 02:21:07,-7,Good
2/9/22 02:26:34,-6,Good
2/9/22 02:26:36,-7,Good
2/9/22 02:26:41,-6,Good
2/9/22 02:31:58,-5,Good
2/9/22 02:37:07,-4,Good
2/9/22 02:40:50,-5,Good
2/9/22 02:41:51,-6,Good
2/9/22 02:44:01,-7,Good
2/9/22 02:48:53,-8,Good
2/9/22 02:58:08,-9,Good
2/9/22 02:58:12,-8,Good
2/9/22 02:58:15,-9,Good
2/9/22 03:16:00,-10,Good
2/9/22 04:15:16,-9,Good
2/9/22 04:15:22,-10,Good
2/9/22 04:15:37,-9,Good
2/9/22 04:15:42,-10,Good
2/9/22 04:15:44,-9,Good
2/9/22 04:15:52,-10,Good
2/9/22 04:16:07,-9,Good
2/9/22 04:16:12,-10,Good
2/9/22 04:16:57,-9,Good
2/9/22 04:17:12,-10,Good
2/9/22 04:17:14,-9,Good
2/9/22 04:17:42,-10,Good
2/9/22 04:17:45,-9,Good
2/9/22 05:10:59,-8,Good
2/9/22 05:11:07,-9,Good
2/9/22 05:11:45,-8,Good
2/9/22 05:11:52,-9,Good
2/9/22 05:11:57,-8,Good
2/9/22 05:12:00,-9,Good
2/9/22 05:12:07,-8,Good
2/9/22 05:12:13,-9,Good
2/9/22 05:12:15,-8,Good
2/9/22 05:12:23,-9,Good
2/9/22 05:12:28,-8,Good
2/9/22 05:12:30,-9,Good
2/9/22 05:12:38,-8,Good
2/9/22 05:45:07,-7,Good
2/9/22 05:45:12,-8,Good
2/9/22 05:45:22,-7,Good
2/9/22 05:45:29,-8,Good
2/9/22 05:45:37,-7,Good
2/9/22 05:45:42,-8,Good
2/9/22 05:45:44,-7,Good
2/9/22 05:55:07,-6,Good
2/9/22 06:03:02,-5,Good
2/9/22 06:12:47,-4,Good
2/9/22 06:24:00,-3,Good
2/9/22 06:33:53,-2,Good
2/9/22 06:34:00,-3,Good
2/9/22 06:34:08,-2,Good
2/9/22 06:45:51,-1,Good
2/9/22 06:46:01,-2,Good
2/9/22 06:46:06,-1,Good
2/9/22 06:57:32,0,Good
2/9/22 06:57:37,-1,Good
2/9/22 06:57:42,0,Good
2/9/22 06:57:47,-1,Good
2/9/22 06:57:52,0,Good
2/9/22 07:09:58,1,Good
2/9/22 07:10:00,0,Good
2/9/22 07:10:15,1,Good
2/9/22 07:23:21,2,Good
2/9/22 07:36:30,3,Good
2/9/22 07:47:59,2,Good
2/9/22 08:37:27,3,Good
2/9/22 08:37:30,2,Good
2/9/22 08:37:37,3,Good
2/9/22 08:37:42,2,Good
2/9/22 08:37:47,3,Good
2/9/22 09:37:52,3,Good
2/9/22 09:39:30,4,Good
2/9/22 09:40:00,3,Good
2/9/22 09:40:07,4,Good
2/9/22 09:49:07,3,Good
2/9/22 09:50:13,2,Good
2/9/22 09:53:01,1,Good
2/9/22 09:56:32,0,Good
2/9/22 09:59:53,-1,Good
2/9/22 10:02:29,-2,Good
2/9/22 10:02:31,-1,Good
2/9/22 10:02:44,-2,Good
2/9/22 10:03:21,-1,Good
2/9/22 10:03:44,-2,Good
2/9/22 10:03:46,-1,Good
2/9/22 10:07:23,-2,Good
2/9/22 10:15:27,-3,Good
2/9/22 10:48:16,-2,Good
2/9/22 10:48:21,-3,Good
2/9/22 10:48:31,-2,Good
2/9/22 10:49:17,-3,Good
2/9/22 10:49:22,-2,Good
2/9/22 10:55:35,-1,Good
2/9/22 10:59:07,0,Good
2/9/22 11:01:28,1,Good
2/9/22 11:03:38,2,Good
2/9/22 11:07:02,3,Good
2/9/22 11:12:43,4,Good
2/9/22 11:12:46,3,Good
2/9/22 11:12:58,4,Good
2/9/22 11:17:14,5,Good
2/9/22 11:23:06,6,Good
2/9/22 11:32:29,7,Good
2/9/22 11:41:46,8,Good
2/9/22 11:41:51,7,Good
2/9/22 11:41:59,8,Good
2/9/22 11:52:44,9,Good
2/9/22 11:52:47,8,Good
2/9/22 11:52:52,9,Good
2/9/22 12:17:36,8,Good
2/9/22 12:18:47,9,Good
2/9/22 12:19:02,8,Good
2/9/22 12:19:14,9,Good
2/9/22 12:19:52,8,Good
2/9/22 12:19:59,9,Good
2/9/22 12:34:56,10,Good
2/9/22 12:35:01,9,Good
2/9/22 12:35:09,10,Good
2/9/22 12:35:26,9,Good
2/9/22 12:35:31,10,Good
2/9/22 12:35:36,9,Good
2/9/22 12:35:41,10,Good
2/9/22 12:44:36,9,Good
2/9/22 12:44:41,10,Good
2/9/22 12:44:51,9,Good
2/9/22 13:05:55,10,Good
2/9/22 13:12:47,11,Good
2/9/22 13:18:16,12,Good
2/9/22 13:18:41,11,Good
2/9/22 13:18:56,12,Good
2/9/22 13:19:31,11,Good
2/9/22 13:19:36,12,Good
2/9/22 13:21:52,11,Good
2/9/22 13:21:57,12,Good
2/9/22 13:22:07,11,Good
2/9/22 13:22:25,12,Good
2/9/22 13:22:32,11,Good
2/9/22 13:30:31,12,Good
2/9/22 13:45:53,13,Good
2/9/22 13:47:46,12,Good
2/9/22 13:50:52,13,Good
2/9/22 13:51:32,12,Good
2/9/22 13:51:38,13,Good
2/9/22 13:51:40,12,Good
2/9/22 13:53:23,13,Good
2/9/22 14:01:33,13,Good
2/9/22 14:01:38,32767,Good
2/9/22 15:01:40,32767,Good
