SoLo (deg c),,
Timestamp,Value,Quality
2/7/22 00:04:53,21,Good
2/7/22 00:04:55,22,Good
2/7/22 00:06:08,21,Good
2/7/22 00:06:11,22,Good
2/7/22 00:06:16,21,Good
2/7/22 00:06:23,22,Good
2/7/22 00:06:38,21,Good
2/7/22 00:06:46,22,Good
2/7/22 00:11:55,21,Good
2/7/22 00:12:02,22,Good
2/7/22 00:17:27,21,Good
2/7/22 00:17:31,22,Good
2/7/22 00:18:07,22,Good
2/7/22 00:18:12,-44,Good
2/7/22 00:18:17,-45,Good
2/7/22 00:18:22,-37,Good
2/7/22 00:18:24,-35,Good
2/7/22 00:18:32,-30,Good
2/7/22 00:18:37,-27,Good
2/7/22 00:18:39,-26,Good
2/7/22 00:18:47,-25,Good
2/7/22 00:18:52,-23,Good
2/7/22 00:19:02,-21,Good
2/7/22 00:19:07,-18,Good
2/7/22 00:19:17,-14,Good
2/7/22 00:19:22,-12,Good
2/7/22 00:19:24,-11,Good
2/7/22 00:19:32,-8,Good
2/7/22 00:19:37,-5,Good
2/7/22 00:19:39,-4,Good
2/7/22 00:19:47,0,Good
2/7/22 00:19:52,1,Good
2/7/22 00:19:54,2,Good
2/7/22 00:20:02,4,Good
2/7/22 00:20:07,6,Good
2/7/22 00:20:10,7,Good
2/7/22 00:20:17,8,Good
2/7/22 00:20:22,9,Good
2/7/22 00:20:25,10,Good
2/7/22 00:20:32,11,Good
2/7/22 00:20:47,12,Good
2/7/22 00:21:03,13,Good
2/7/22 00:21:22,14,Good
2/7/22 00:21:40,15,Good
2/7/22 00:21:53,16,Good
2/7/22 00:22:08,17,Good
2/7/22 00:22:18,18,Good
2/7/22 00:22:38,19,Good
2/7/22 00:23:15,20,Good
2/7/22 00:24:23,21,Good
2/7/22 00:24:26,20,Good
2/7/22 00:24:31,21,Good
2/7/22 00:27:01,22,Good
2/7/22 00:27:06,21,Good
2/7/22 00:28:25,22,Good
2/7/22 00:28:32,21,Good
2/7/22 00:28:37,22,Good
2/7/22 00:28:39,21,Good
2/7/22 00:29:17,22,Good
2/7/22 00:31:46,21,Good
2/7/22 00:31:53,22,Good
2/7/22 00:33:39,21,Good
2/7/22 00:33:46,22,Good
2/7/22 00:33:54,21,Good
2/7/22 00:33:56,22,Good
2/7/22 00:34:11,21,Good
2/7/22 00:34:24,22,Good
2/7/22 00:34:26,21,Good
2/7/22 00:34:31,22,Good
2/7/22 00:34:46,21,Good
2/7/22 00:34:54,22,Good
2/7/22 00:35:16,21,Good
2/7/22 00:35:21,22,Good
2/7/22 00:35:31,21,Good
2/7/22 00:35:41,22,Good
2/7/22 00:35:57,21,Good
2/7/22 00:36:07,22,Good
2/7/22 00:36:12,21,Good
2/7/22 00:36:22,22,Good
2/7/22 00:36:32,21,Good
2/7/22 00:36:37,22,Good
2/7/22 00:36:42,21,Good
2/7/22 00:37:37,22,Good
2/7/22 00:37:39,21,Good
2/7/22 00:38:02,22,Good
2/7/22 00:38:22,21,Good
2/7/22 00:38:32,22,Good
2/7/22 00:38:37,21,Good
2/7/22 00:38:55,22,Good
2/7/22 00:39:03,21,Good
2/7/22 00:39:10,22,Good
2/7/22 00:39:23,21,Good
2/7/22 00:39:32,22,Good
2/7/22 00:39:40,21,Good
2/7/22 00:39:53,22,Good
2/7/22 00:40:03,21,Good
2/7/22 00:40:08,22,Good
2/7/22 00:40:23,21,Good
2/7/22 00:40:30,22,Good
2/7/22 00:40:45,21,Good
2/7/22 00:41:31,22,Good
2/7/22 00:41:38,21,Good
2/7/22 00:41:46,22,Good
2/7/22 00:41:53,21,Good
2/7/22 00:42:01,22,Good
2/7/22 00:42:11,21,Good
2/7/22 00:42:39,22,Good
2/7/22 00:42:41,21,Good
2/7/22 00:42:46,22,Good
2/7/22 00:42:56,21,Good
2/7/22 00:43:16,22,Good
2/7/22 00:43:24,21,Good
2/7/22 00:43:31,22,Good
2/7/22 00:43:39,21,Good
2/7/22 00:44:06,22,Good
2/7/22 00:44:12,21,Good
2/7/22 00:44:24,22,Good
2/7/22 00:44:32,21,Good
2/7/22 00:44:47,22,Good
2/7/22 00:45:02,21,Good
2/7/22 00:45:07,22,Good
2/7/22 00:45:12,21,Good
2/7/22 00:45:37,22,Good
2/7/22 00:45:42,21,Good
2/7/22 00:46:07,22,Good
2/7/22 00:46:12,21,Good
2/7/22 00:46:47,22,Good
2/7/22 00:46:52,21,Good
2/7/22 00:47:17,22,Good
2/7/22 00:47:22,21,Good
2/7/22 00:47:25,22,Good
2/7/22 00:47:32,21,Good
2/7/22 00:48:10,22,Good
2/7/22 00:48:18,21,Good
2/7/22 00:49:23,22,Good
2/7/22 00:49:30,21,Good
2/7/22 00:50:16,22,Good
2/7/22 00:50:23,21,Good
2/7/22 00:50:26,22,Good
2/7/22 00:50:31,21,Good
2/7/22 00:51:38,22,Good
2/7/22 00:51:41,21,Good
2/7/22 00:51:46,22,Good
2/7/22 00:51:56,21,Good
2/7/22 00:52:09,22,Good
2/7/22 00:52:11,21,Good
2/7/22 00:52:56,22,Good
2/7/22 00:53:01,21,Good
2/7/22 00:54:12,22,Good
2/7/22 00:54:17,21,Good
2/7/22 00:55:22,22,Good
2/7/22 00:55:24,21,Good
2/7/22 00:56:37,22,Good
2/7/22 00:56:40,21,Good
2/7/22 00:56:47,22,Good
2/7/22 00:56:52,21,Good
2/7/22 00:57:10,22,Good
2/7/22 00:57:18,21,Good
2/7/22 00:59:08,22,Good
2/7/22 00:59:11,21,Good
2/7/22 01:00:11,22,Good
2/7/22 01:00:16,21,Good
2/7/22 01:00:26,22,Good
2/7/22 01:00:31,21,Good
2/7/22 01:02:47,22,Good
2/7/22 01:02:51,21,Good
2/7/22 01:02:57,22,Good
2/7/22 01:03:07,21,Good
2/7/22 01:03:54,22,Good
2/7/22 01:04:02,21,Good
2/7/22 01:05:02,22,Good
2/7/22 01:05:10,21,Good
2/7/22 01:06:02,22,Good
2/7/22 01:06:07,21,Good
2/7/22 01:06:33,22,Good
2/7/22 01:06:38,21,Good
2/7/22 01:06:53,22,Good
2/7/22 01:06:55,21,Good
2/7/22 01:07:33,22,Good
2/7/22 01:07:38,21,Good
2/7/22 01:08:46,22,Good
2/7/22 01:08:53,21,Good
2/7/22 01:09:16,22,Good
2/7/22 01:09:26,21,Good
2/7/22 01:10:26,22,Good
2/7/22 01:10:31,21,Good
2/7/22 01:13:40,22,Good
2/7/22 01:13:47,21,Good
2/7/22 01:14:25,22,Good
2/7/22 01:14:32,21,Good
2/7/22 01:15:03,22,Good
2/7/22 01:15:08,21,Good
2/7/22 01:15:38,22,Good
2/7/22 01:15:40,21,Good
2/7/22 01:16:03,22,Good
2/7/22 01:16:08,21,Good
2/7/22 01:18:26,22,Good
2/7/22 01:18:31,21,Good
2/7/22 01:20:16,22,Good
2/7/22 01:20:22,21,Good
2/7/22 01:21:37,22,Good
2/7/22 01:21:42,21,Good
2/7/22 01:23:02,22,Good
2/7/22 01:23:07,21,Good
2/7/22 01:23:22,22,Good
2/7/22 01:23:25,21,Good
2/7/22 01:23:32,22,Good
2/7/22 01:23:37,21,Good
2/7/22 01:23:48,22,Good
2/7/22 01:23:53,21,Good
2/7/22 01:25:18,22,Good
2/7/22 01:25:23,21,Good
2/7/22 01:25:31,22,Good
2/7/22 01:25:38,21,Good
2/7/22 01:27:54,22,Good
2/7/22 01:27:56,21,Good
2/7/22 01:31:52,22,Good
2/7/22 01:31:55,21,Good
2/7/22 01:32:10,22,Good
2/7/22 01:32:17,21,Good
2/7/22 01:34:38,22,Good
2/7/22 01:34:41,21,Good
2/7/22 01:36:26,22,Good
2/7/22 01:36:31,21,Good
2/7/22 01:37:11,22,Good
2/7/22 01:37:16,21,Good
2/7/22 01:37:31,22,Good
2/7/22 01:37:39,21,Good
2/7/22 01:37:54,22,Good
2/7/22 01:37:56,21,Good
2/7/22 01:38:47,22,Good
2/7/22 01:38:52,21,Good
2/7/22 01:39:12,22,Good
2/7/22 01:39:27,21,Good
2/7/22 01:39:37,22,Good
2/7/22 01:39:42,21,Good
2/7/22 01:40:17,22,Good
2/7/22 01:40:22,21,Good
2/7/22 01:40:32,22,Good
2/7/22 01:40:37,21,Good
2/7/22 01:40:54,22,Good
2/7/22 01:41:02,21,Good
2/7/22 01:41:22,22,Good
2/7/22 01:41:25,21,Good
2/7/22 01:41:37,22,Good
2/7/22 01:41:47,21,Good
2/7/22 01:42:03,22,Good
2/7/22 01:42:07,21,Good
2/7/22 01:42:10,22,Good
2/7/22 01:42:17,21,Good
2/7/22 01:42:33,22,Good
2/7/22 01:42:37,21,Good
2/7/22 01:42:53,22,Good
2/7/22 01:42:55,21,Good
2/7/22 01:43:03,22,Good
2/7/22 01:43:08,21,Good
2/7/22 01:44:26,22,Good
2/7/22 01:44:31,21,Good
2/7/22 01:45:26,22,Good
2/7/22 01:45:31,21,Good
2/7/22 01:45:39,22,Good
2/7/22 01:45:54,21,Good
2/7/22 01:46:26,22,Good
2/7/22 01:46:31,21,Good
2/7/22 01:46:51,22,Good
2/7/22 01:46:56,21,Good
2/7/22 01:47:16,22,Good
2/7/22 01:47:22,21,Good
2/7/22 01:48:07,22,Good
2/7/22 01:48:12,21,Good
2/7/22 01:48:32,22,Good
2/7/22 01:48:47,21,Good
2/7/22 01:50:17,22,Good
2/7/22 01:50:23,21,Good
2/7/22 01:51:02,22,Good
2/7/22 01:51:07,21,Good
2/7/22 01:51:38,22,Good
2/7/22 01:51:40,21,Good
2/7/22 01:52:10,22,Good
2/7/22 01:52:15,21,Good
2/7/22 01:52:40,22,Good
2/7/22 01:52:45,21,Good
2/7/22 01:53:23,22,Good
2/7/22 01:53:26,21,Good
2/7/22 01:53:41,22,Good
2/7/22 01:53:46,21,Good
2/7/22 01:54:01,22,Good
2/7/22 01:54:08,21,Good
2/7/22 01:55:01,22,Good
2/7/22 01:55:09,21,Good
2/7/22 01:56:22,22,Good
2/7/22 01:56:27,21,Good
2/7/22 01:56:37,22,Good
2/7/22 01:56:42,21,Good
2/7/22 01:56:57,22,Good
2/7/22 01:57:02,21,Good
2/7/22 01:57:12,22,Good
2/7/22 01:57:17,21,Good
2/7/22 01:57:42,22,Good
2/7/22 01:57:47,21,Good
2/7/22 01:58:07,22,Good
2/7/22 01:58:09,21,Good
2/7/22 01:58:24,22,Good
2/7/22 01:58:32,21,Good
2/7/22 01:58:55,22,Good
2/7/22 01:59:02,21,Good
2/7/22 01:59:07,22,Good
2/7/22 01:59:10,21,Good
2/7/22 02:00:10,22,Good
2/7/22 02:00:18,21,Good
2/7/22 02:00:22,22,Good
2/7/22 02:00:33,21,Good
2/7/22 02:00:38,22,Good
2/7/22 02:00:40,21,Good
2/7/22 02:00:53,22,Good
2/7/22 02:01:03,21,Good
2/7/22 02:01:08,22,Good
2/7/22 02:01:18,21,Good
2/7/22 02:01:25,22,Good
2/7/22 02:01:33,21,Good
2/7/22 02:01:53,22,Good
2/7/22 02:02:11,21,Good
2/7/22 02:02:23,22,Good
2/7/22 02:02:31,21,Good
2/7/22 02:02:46,22,Good
2/7/22 02:02:56,21,Good
2/7/22 02:03:11,22,Good
2/7/22 02:03:26,21,Good
2/7/22 02:03:53,22,Good
2/7/22 02:03:56,21,Good
2/7/22 02:04:11,22,Good
2/7/22 02:04:24,21,Good
2/7/22 02:04:26,22,Good
2/7/22 02:04:31,21,Good
2/7/22 02:04:39,22,Good
2/7/22 02:04:54,21,Good
2/7/22 02:04:56,22,Good
2/7/22 02:05:16,21,Good
2/7/22 02:05:21,22,Good
2/7/22 02:05:36,21,Good
2/7/22 02:05:41,22,Good
2/7/22 02:05:51,21,Good
2/7/22 02:06:07,22,Good
2/7/22 02:06:12,21,Good
2/7/22 02:06:17,22,Good
2/7/22 02:06:22,21,Good
2/7/22 02:06:37,22,Good
2/7/22 02:06:42,21,Good
2/7/22 02:06:57,22,Good
2/7/22 02:07:02,21,Good
2/7/22 02:07:10,22,Good
2/7/22 02:07:17,21,Good
2/7/22 02:07:27,22,Good
2/7/22 02:07:32,21,Good
2/7/22 02:08:07,22,Good
2/7/22 02:08:10,21,Good
2/7/22 02:08:22,22,Good
2/7/22 02:08:25,21,Good
2/7/22 02:08:32,22,Good
2/7/22 02:08:37,21,Good
2/7/22 02:08:55,22,Good
2/7/22 02:09:03,21,Good
2/7/22 02:09:07,22,Good
2/7/22 02:09:10,21,Good
2/7/22 02:09:22,22,Good
2/7/22 02:09:25,21,Good
2/7/22 02:10:33,22,Good
2/7/22 02:10:45,21,Good
2/7/22 02:10:55,22,Good
2/7/22 02:11:03,21,Good
2/7/22 02:11:41,22,Good
2/7/22 02:11:46,21,Good
2/7/22 02:12:01,22,Good
2/7/22 02:12:08,21,Good
2/7/22 02:12:16,22,Good
2/7/22 02:12:26,21,Good
2/7/22 02:13:01,22,Good
2/7/22 02:13:09,21,Good
2/7/22 02:13:11,22,Good
2/7/22 02:13:16,21,Good
2/7/22 02:13:26,22,Good
2/7/22 02:13:39,21,Good
2/7/22 02:13:56,22,Good
2/7/22 02:14:06,21,Good
2/7/22 02:14:31,22,Good
2/7/22 02:14:42,21,Good
2/7/22 02:14:47,22,Good
2/7/22 02:14:52,21,Good
2/7/22 02:14:57,22,Good
2/7/22 02:15:02,21,Good
2/7/22 02:15:17,22,Good
2/7/22 02:15:22,21,Good
2/7/22 02:15:27,22,Good
2/7/22 02:15:37,21,Good
2/7/22 02:16:02,22,Good
2/7/22 02:16:07,21,Good
2/7/22 02:16:32,22,Good
2/7/22 02:16:40,21,Good
2/7/22 02:17:02,22,Good
2/7/22 02:17:07,21,Good
2/7/22 02:17:17,22,Good
2/7/22 02:17:25,21,Good
2/7/22 02:17:32,22,Good
2/7/22 02:17:38,21,Good
2/7/22 02:17:52,22,Good
2/7/22 02:17:55,21,Good
2/7/22 02:18:08,22,Good
2/7/22 02:18:10,21,Good
2/7/22 02:19:08,22,Good
2/7/22 02:19:10,21,Good
2/7/22 02:19:41,22,Good
2/7/22 02:19:48,21,Good
2/7/22 02:19:53,22,Good
2/7/22 02:19:56,21,Good
2/7/22 02:20:26,22,Good
2/7/22 02:20:31,21,Good
2/7/22 02:21:11,22,Good
2/7/22 02:21:16,21,Good
2/7/22 02:21:26,22,Good
2/7/22 02:21:31,21,Good
2/7/22 02:22:01,22,Good
2/7/22 02:22:11,21,Good
2/7/22 02:22:26,22,Good
2/7/22 02:22:39,21,Good
2/7/22 02:22:46,22,Good
2/7/22 02:22:54,21,Good
2/7/22 02:23:21,22,Good
2/7/22 02:23:27,21,Good
2/7/22 02:23:41,22,Good
2/7/22 02:23:47,21,Good
2/7/22 02:24:07,22,Good
2/7/22 02:24:12,21,Good
2/7/22 02:24:17,22,Good
2/7/22 02:24:22,21,Good
2/7/22 02:24:27,22,Good
2/7/22 02:24:32,21,Good
2/7/22 02:25:07,22,Good
2/7/22 02:25:09,21,Good
2/7/22 02:25:22,22,Good
2/7/22 02:25:25,21,Good
2/7/22 02:25:47,22,Good
2/7/22 02:25:52,21,Good
2/7/22 02:26:17,22,Good
2/7/22 02:26:22,21,Good
2/7/22 02:26:25,22,Good
2/7/22 02:26:32,21,Good
2/7/22 02:26:52,22,Good
2/7/22 02:26:55,21,Good
2/7/22 02:27:23,22,Good
2/7/22 02:27:25,21,Good
2/7/22 02:28:08,22,Good
2/7/22 02:28:10,21,Good
2/7/22 02:29:23,22,Good
2/7/22 02:29:26,21,Good
2/7/22 02:29:53,22,Good
2/7/22 02:29:56,21,Good
2/7/22 02:30:41,22,Good
2/7/22 02:30:46,21,Good
2/7/22 02:32:01,22,Good
2/7/22 02:32:09,21,Good
2/7/22 02:32:27,22,Good
2/7/22 02:32:32,21,Good
2/7/22 02:32:47,22,Good
2/7/22 02:32:52,21,Good
2/7/22 02:33:07,22,Good
2/7/22 02:33:12,21,Good
2/7/22 02:34:25,22,Good
2/7/22 02:34:37,21,Good
2/7/22 02:34:55,22,Good
2/7/22 02:35:02,21,Good
2/7/22 02:35:17,22,Good
2/7/22 02:35:22,21,Good
2/7/22 02:35:52,22,Good
2/7/22 02:35:55,21,Good
2/7/22 02:36:40,22,Good
2/7/22 02:36:48,21,Good
2/7/22 02:37:10,22,Good
2/7/22 02:37:16,21,Good
2/7/22 02:37:25,22,Good
2/7/22 02:37:33,21,Good
2/7/22 02:37:48,22,Good
2/7/22 02:38:01,21,Good
2/7/22 02:38:11,22,Good
2/7/22 02:38:23,21,Good
2/7/22 02:39:56,22,Good
2/7/22 02:40:01,21,Good
2/7/22 02:40:09,22,Good
2/7/22 02:40:11,21,Good
2/7/22 02:40:16,22,Good
2/7/22 02:40:26,21,Good
2/7/22 02:40:31,22,Good
2/7/22 02:40:39,21,Good
2/7/22 02:40:54,22,Good
2/7/22 02:40:56,21,Good
2/7/22 02:41:01,22,Good
2/7/22 02:41:17,21,Good
2/7/22 02:41:51,22,Good
2/7/22 02:42:02,21,Good
2/7/22 02:42:12,22,Good
2/7/22 02:42:17,21,Good
2/7/22 02:42:27,22,Good
2/7/22 02:42:32,21,Good
2/7/22 02:42:47,22,Good
2/7/22 02:42:52,21,Good
2/7/22 02:44:10,22,Good
2/7/22 02:44:17,21,Good
2/7/22 02:44:47,22,Good
2/7/22 02:44:52,21,Good
2/7/22 02:45:10,22,Good
2/7/22 02:45:23,21,Good
2/7/22 02:45:48,22,Good
2/7/22 02:45:53,21,Good
2/7/22 02:45:55,22,Good
2/7/22 02:46:03,21,Good
2/7/22 02:46:08,22,Good
2/7/22 02:46:18,21,Good
2/7/22 02:46:23,22,Good
2/7/22 02:46:38,21,Good
2/7/22 02:47:01,22,Good
2/7/22 02:47:08,21,Good
2/7/22 02:47:11,22,Good
2/7/22 02:47:15,21,Good
2/7/22 02:47:31,22,Good
2/7/22 02:47:38,21,Good
2/7/22 02:47:46,22,Good
2/7/22 02:47:53,21,Good
2/7/22 02:48:01,22,Good
2/7/22 02:48:31,21,Good
2/7/22 02:48:41,22,Good
2/7/22 02:48:46,21,Good
2/7/22 02:49:26,22,Good
2/7/22 02:49:32,21,Good
2/7/22 02:50:16,22,Good
2/7/22 02:50:22,21,Good
2/7/22 02:50:27,22,Good
2/7/22 02:50:32,21,Good
2/7/22 02:50:36,22,Good
2/7/22 02:50:42,21,Good
2/7/22 02:50:57,22,Good
2/7/22 02:51:02,21,Good
2/7/22 02:51:12,22,Good
2/7/22 02:51:17,21,Good
2/7/22 02:51:24,22,Good
2/7/22 02:51:32,21,Good
2/7/22 02:52:02,22,Good
2/7/22 02:52:10,21,Good
2/7/22 02:52:17,22,Good
2/7/22 02:52:40,21,Good
2/7/22 02:52:52,22,Good
2/7/22 02:52:55,21,Good
2/7/22 02:53:07,22,Good
2/7/22 02:53:25,21,Good
2/7/22 02:53:37,22,Good
2/7/22 02:53:48,21,Good
2/7/22 02:53:53,22,Good
2/7/22 02:53:55,21,Good
2/7/22 02:54:33,22,Good
2/7/22 02:54:38,21,Good
2/7/22 02:54:48,22,Good
2/7/22 02:54:53,21,Good
2/7/22 02:54:55,22,Good
2/7/22 02:55:18,21,Good
2/7/22 02:55:25,22,Good
2/7/22 02:55:38,21,Good
2/7/22 02:55:46,22,Good
2/7/22 02:56:01,21,Good
2/7/22 02:56:08,22,Good
2/7/22 02:56:11,21,Good
2/7/22 02:56:16,22,Good
2/7/22 02:56:41,21,Good
2/7/22 02:56:56,22,Good
2/7/22 02:57:01,21,Good
2/7/22 02:57:08,22,Good
2/7/22 02:57:11,21,Good
2/7/22 02:58:24,22,Good
2/7/22 02:58:39,21,Good
2/7/22 02:58:41,22,Good
2/7/22 02:58:46,21,Good
2/7/22 02:58:54,22,Good
2/7/22 02:58:56,21,Good
2/7/22 02:59:22,22,Good
2/7/22 02:59:26,21,Good
2/7/22 02:59:32,22,Good
2/7/22 02:59:37,21,Good
2/7/22 02:59:42,22,Good
2/7/22 02:59:47,21,Good
2/7/22 03:00:37,22,Good
2/7/22 03:00:42,21,Good
2/7/22 03:01:07,22,Good
2/7/22 03:01:12,21,Good
2/7/22 03:02:02,22,Good
2/7/22 03:02:10,21,Good
2/7/22 03:02:17,22,Good
2/7/22 03:02:22,21,Good
2/7/22 03:02:47,22,Good
2/7/22 03:02:53,21,Good
2/7/22 03:03:53,22,Good
2/7/22 03:03:55,21,Good
2/7/22 03:04:03,22,Good
2/7/22 03:04:08,21,Good
2/7/22 03:05:01,22,Good
2/7/22 03:05:08,21,Good
2/7/22 03:05:11,22,Good
2/7/22 03:05:16,21,Good
2/7/22 03:05:38,22,Good
2/7/22 03:05:41,21,Good
2/7/22 03:06:39,22,Good
2/7/22 03:06:41,21,Good
2/7/22 03:08:24,22,Good
2/7/22 03:08:31,21,Good
2/7/22 03:09:22,22,Good
2/7/22 03:09:27,21,Good
2/7/22 03:10:12,22,Good
2/7/22 03:10:22,21,Good
2/7/22 03:10:32,22,Good
2/7/22 03:10:40,21,Good
2/7/22 03:11:23,22,Good
2/7/22 03:11:25,21,Good
2/7/22 03:11:32,22,Good
2/7/22 03:11:38,21,Good
2/7/22 03:11:40,22,Good
2/7/22 03:11:47,21,Good
2/7/22 03:12:02,22,Good
2/7/22 03:12:08,21,Good
2/7/22 03:12:23,22,Good
2/7/22 03:12:25,21,Good
2/7/22 03:12:33,22,Good
2/7/22 03:12:38,21,Good
2/7/22 03:12:40,22,Good
2/7/22 03:12:48,21,Good
2/7/22 03:13:03,22,Good
2/7/22 03:13:08,21,Good
2/7/22 03:13:33,22,Good
2/7/22 03:13:38,21,Good
2/7/22 03:14:38,22,Good
2/7/22 03:14:41,21,Good
2/7/22 03:16:57,22,Good
2/7/22 03:17:02,21,Good
2/7/22 03:19:52,22,Good
2/7/22 03:19:55,21,Good
2/7/22 03:20:07,22,Good
2/7/22 03:20:10,21,Good
2/7/22 03:21:18,22,Good
2/7/22 03:21:23,21,Good
2/7/22 03:21:25,22,Good
2/7/22 03:21:33,21,Good
2/7/22 03:22:23,22,Good
2/7/22 03:22:25,21,Good
2/7/22 03:22:33,22,Good
2/7/22 03:22:38,21,Good
2/7/22 03:23:38,22,Good
2/7/22 03:23:41,21,Good
2/7/22 03:23:46,22,Good
2/7/22 03:23:54,21,Good
2/7/22 03:24:39,22,Good
2/7/22 03:24:41,21,Good
2/7/22 03:30:08,22,Good
2/7/22 03:30:10,21,Good
2/7/22 03:31:23,22,Good
2/7/22 03:31:26,21,Good
2/7/22 03:31:48,22,Good
2/7/22 03:31:53,21,Good
2/7/22 03:33:01,22,Good
2/7/22 03:33:08,21,Good
2/7/22 03:35:37,22,Good
2/7/22 03:35:42,21,Good
2/7/22 03:37:37,22,Good
2/7/22 03:37:40,21,Good
2/7/22 03:39:23,22,Good
2/7/22 03:39:25,21,Good
2/7/22 03:40:03,22,Good
2/7/22 03:40:08,21,Good
2/7/22 03:43:46,22,Good
2/7/22 03:43:54,21,Good
2/7/22 03:51:54,22,Good
2/7/22 03:51:56,21,Good
2/7/22 03:54:57,22,Good
2/7/22 03:55:02,21,Good
2/7/22 03:55:27,22,Good
2/7/22 03:55:32,21,Good
2/7/22 04:23:10,20,Good
2/7/22 04:23:17,21,Good
2/7/22 04:25:56,20,Good
2/7/22 04:26:01,21,Good
2/7/22 04:30:22,20,Good
2/7/22 04:30:27,21,Good
2/7/22 04:31:37,20,Good
2/7/22 04:31:40,21,Good
2/7/22 04:31:53,20,Good
2/7/22 04:31:55,21,Good
2/7/22 04:33:23,20,Good
2/7/22 04:33:25,21,Good
2/7/22 04:35:08,20,Good
2/7/22 04:35:11,21,Good
2/7/22 04:35:24,20,Good
2/7/22 04:35:26,21,Good
2/7/22 04:36:41,20,Good
2/7/22 04:36:46,21,Good
2/7/22 04:36:56,20,Good
2/7/22 04:37:09,21,Good
2/7/22 04:37:39,20,Good
2/7/22 04:37:42,21,Good
2/7/22 04:37:54,20,Good
2/7/22 04:37:57,21,Good
2/7/22 04:39:27,20,Good
2/7/22 04:39:32,21,Good
2/7/22 04:41:02,20,Good
2/7/22 04:41:07,21,Good
2/7/22 04:41:18,20,Good
2/7/22 04:41:23,21,Good
2/7/22 04:41:33,20,Good
2/7/22 04:41:38,21,Good
2/7/22 04:42:25,20,Good
2/7/22 04:42:33,21,Good
2/7/22 04:43:26,20,Good
2/7/22 04:43:31,21,Good
2/7/22 04:44:26,20,Good
2/7/22 04:44:39,21,Good
2/7/22 04:44:56,20,Good
2/7/22 04:45:01,21,Good
2/7/22 04:45:24,20,Good
2/7/22 04:45:26,21,Good
2/7/22 04:46:17,20,Good
2/7/22 04:46:24,21,Good
2/7/22 04:47:42,20,Good
2/7/22 04:47:47,21,Good
2/7/22 04:47:57,20,Good
2/7/22 04:48:07,21,Good
2/7/22 04:49:17,20,Good
2/7/22 04:49:32,21,Good
2/7/22 04:50:18,20,Good
2/7/22 04:50:23,21,Good
2/7/22 04:51:48,20,Good
2/7/22 04:51:53,21,Good
2/7/22 04:52:56,20,Good
2/7/22 04:53:03,21,Good
2/7/22 04:53:31,20,Good
2/7/22 04:53:38,21,Good
2/7/22 04:53:54,20,Good
2/7/22 04:53:56,21,Good
2/7/22 04:54:54,20,Good
2/7/22 04:54:57,21,Good
2/7/22 04:55:09,20,Good
2/7/22 04:55:16,21,Good
2/7/22 04:55:24,20,Good
2/7/22 04:55:26,21,Good
2/7/22 04:55:42,20,Good
2/7/22 04:55:47,21,Good
2/7/22 04:56:27,20,Good
2/7/22 04:56:32,21,Good
2/7/22 04:57:17,20,Good
2/7/22 04:57:22,21,Good
2/7/22 04:57:52,20,Good
2/7/22 04:57:57,21,Good
2/7/22 05:00:38,20,Good
2/7/22 05:00:40,21,Good
2/7/22 05:01:26,20,Good
2/7/22 05:01:33,21,Good
2/7/22 05:03:46,20,Good
2/7/22 05:03:54,21,Good
2/7/22 05:04:32,20,Good
2/7/22 05:04:39,21,Good
2/7/22 05:06:17,22,Good
2/7/22 05:06:22,21,Good
2/7/22 05:06:27,20,Good
2/7/22 05:06:32,21,Good
2/7/22 05:06:42,22,Good
2/7/22 05:06:47,21,Good
2/7/22 05:06:52,20,Good
2/7/22 05:06:57,21,Good
2/7/22 05:07:47,22,Good
2/7/22 05:07:52,21,Good
2/7/22 05:09:40,22,Good
2/7/22 05:09:48,21,Good
2/7/22 05:17:40,20,Good
2/7/22 05:17:48,21,Good
2/7/22 05:22:24,20,Good
2/7/22 05:22:26,21,Good
2/7/22 05:23:42,20,Good
2/7/22 05:23:47,21,Good
2/7/22 05:26:38,22,Good
2/7/22 05:26:40,21,Good
2/7/22 05:27:18,22,Good
2/7/22 05:27:23,21,Good
2/7/22 05:29:23,22,Good
2/7/22 05:29:26,21,Good
2/7/22 05:29:46,22,Good
2/7/22 05:29:53,21,Good
2/7/22 05:30:46,22,Good
2/7/22 05:30:54,21,Good
2/7/22 05:37:11,22,Good
2/7/22 05:37:16,21,Good
2/7/22 05:40:09,22,Good
2/7/22 05:40:11,21,Good
2/7/22 05:40:16,22,Good
2/7/22 05:40:32,21,Good
2/7/22 05:40:39,22,Good
2/7/22 05:40:42,21,Good
2/7/22 05:40:47,22,Good
2/7/22 05:40:54,21,Good
2/7/22 05:40:57,22,Good
2/7/22 05:41:12,21,Good
2/7/22 05:41:17,22,Good
2/7/22 05:42:02,21,Good
2/7/22 05:42:07,22,Good
2/7/22 05:42:12,21,Good
2/7/22 05:42:42,22,Good
2/7/22 05:42:47,21,Good
2/7/22 05:43:07,20,Good
2/7/22 05:43:10,21,Good
2/7/22 05:44:25,20,Good
2/7/22 05:44:33,21,Good
2/7/22 05:49:42,22,Good
2/7/22 05:49:47,21,Good
2/7/22 05:50:09,22,Good
2/7/22 05:50:12,21,Good
2/7/22 05:56:11,22,Good
2/7/22 05:56:16,21,Good
2/7/22 06:06:11,20,Good
2/7/22 06:06:16,21,Good
2/7/22 06:19:40,22,Good
2/7/22 06:19:47,21,Good
2/7/22 06:21:38,22,Good
2/7/22 06:21:53,21,Good
2/7/22 06:22:53,22,Good
2/7/22 06:23:01,21,Good
2/7/22 06:23:41,22,Good
2/7/22 06:23:46,21,Good
2/7/22 06:23:56,22,Good
2/7/22 06:24:01,21,Good
2/7/22 06:24:16,22,Good
2/7/22 06:24:24,21,Good
2/7/22 06:24:26,22,Good
2/7/22 06:24:31,21,Good
2/7/22 06:24:42,22,Good
2/7/22 06:24:47,21,Good
2/7/22 06:27:02,22,Good
2/7/22 06:27:07,21,Good
2/7/22 06:27:47,22,Good
2/7/22 06:27:52,21,Good
2/7/22 06:28:02,22,Good
2/7/22 06:28:07,21,Good
2/7/22 06:28:25,22,Good
2/7/22 06:28:47,21,Good
2/7/22 06:28:55,22,Good
2/7/22 06:29:03,21,Good
2/7/22 06:29:08,22,Good
2/7/22 06:29:10,21,Good
2/7/22 06:29:23,22,Good
2/7/22 06:29:25,21,Good
2/7/22 06:30:03,22,Good
2/7/22 06:30:08,21,Good
2/7/22 06:31:41,22,Good
2/7/22 06:31:48,21,Good
2/7/22 06:32:01,22,Good
2/7/22 06:32:16,21,Good
2/7/22 06:32:46,22,Good
2/7/22 06:32:54,21,Good
2/7/22 06:32:56,22,Good
2/7/22 06:33:01,21,Good
2/7/22 06:33:24,22,Good
2/7/22 06:33:26,21,Good
2/7/22 06:33:31,22,Good
2/7/22 06:33:39,21,Good
2/7/22 06:37:42,22,Good
2/7/22 06:37:48,21,Good
2/7/22 06:43:32,22,Good
2/7/22 06:43:39,21,Good
2/7/22 06:43:47,22,Good
2/7/22 06:43:54,21,Good
2/7/22 06:43:57,22,Good
2/7/22 06:50:39,21,Good
2/7/22 06:50:41,22,Good
2/7/22 06:54:27,21,Good
2/7/22 06:54:37,22,Good
2/7/22 06:56:18,21,Good
2/7/22 06:56:23,22,Good
2/7/22 07:00:41,21,Good
2/7/22 07:00:47,22,Good
2/7/22 07:02:27,21,Good
2/7/22 07:02:32,22,Good
2/7/22 07:02:39,21,Good
2/7/22 07:02:42,22,Good
2/7/22 07:02:52,21,Good
2/7/22 07:02:57,22,Good
2/7/22 07:03:07,21,Good
2/7/22 07:03:12,22,Good
2/7/22 07:06:08,21,Good
2/7/22 07:06:11,22,Good
2/7/22 07:11:05,21,Good
2/7/22 07:11:17,22,Good
2/7/22 07:11:19,21,Good
2/7/22 07:11:27,22,Good
2/7/22 07:12:12,21,Good
2/7/22 07:12:17,22,Good
2/7/22 07:13:07,21,Good
2/7/22 07:13:12,22,Good
2/7/22 07:56:24,21,Good
2/7/22 07:56:27,22,Good
2/7/22 07:57:02,21,Good
2/7/22 07:57:12,22,Good
2/7/22 07:57:17,21,Good
2/7/22 07:57:22,22,Good
2/7/22 07:57:47,21,Good
2/7/22 07:58:02,22,Good
2/7/22 07:58:07,21,Good
2/7/22 07:58:33,22,Good
2/7/22 07:58:40,21,Good
2/7/22 07:58:57,22,Good
2/7/22 07:59:03,21,Good
2/7/22 07:59:08,22,Good
2/7/22 07:59:10,21,Good
2/7/22 08:00:10,22,Good
2/7/22 08:02:24,21,Good
2/7/22 08:02:26,22,Good
2/7/22 08:02:31,21,Good
2/7/22 08:02:39,22,Good
2/7/22 08:02:41,21,Good
2/7/22 08:04:32,22,Good
2/7/22 08:05:42,21,Good
2/7/22 08:07:48,22,Good
2/7/22 08:07:53,21,Good
2/7/22 08:08:03,22,Good
2/7/22 08:08:08,21,Good
2/7/22 08:08:40,22,Good
2/7/22 08:08:55,21,Good
2/7/22 08:09:18,22,Good
2/7/22 08:09:23,21,Good
2/7/22 08:09:25,22,Good
2/7/22 08:09:48,21,Good
2/7/22 08:09:53,22,Good
2/7/22 08:10:03,21,Good
2/7/22 08:10:08,22,Good
2/7/22 09:09:35,23,Good
2/7/22 09:09:42,22,Good
2/7/22 09:10:03,23,Good
2/7/22 09:10:05,22,Good
2/7/22 09:10:10,23,Good
2/7/22 09:10:48,22,Good
2/7/22 09:10:50,23,Good
2/7/22 09:11:05,22,Good
2/7/22 09:11:10,23,Good
2/7/22 09:11:25,22,Good
2/7/22 09:11:33,23,Good
2/7/22 09:12:36,22,Good
2/7/22 09:12:41,23,Good
2/7/22 09:20:56,22,Good
2/7/22 09:21:03,23,Good
2/7/22 09:21:36,22,Good
2/7/22 09:21:49,23,Good
2/7/22 09:22:19,22,Good
2/7/22 09:22:21,23,Good
2/7/22 09:22:26,22,Good
2/7/22 09:22:31,23,Good
2/7/22 09:22:36,22,Good
2/7/22 09:22:41,23,Good
2/7/22 09:22:48,22,Good
2/7/22 09:28:18,23,Good
2/7/22 09:28:20,22,Good
2/7/22 09:28:28,23,Good
2/7/22 09:28:33,22,Good
2/7/22 09:29:21,23,Good
2/7/22 09:29:33,22,Good
2/7/22 09:29:41,23,Good
2/7/22 09:29:48,22,Good
2/7/22 09:29:51,23,Good
2/7/22 09:29:56,22,Good
2/7/22 09:30:03,23,Good
2/7/22 09:30:06,22,Good
2/7/22 09:30:18,23,Good
2/7/22 09:30:26,22,Good
2/7/22 09:30:33,23,Good
2/7/22 09:30:48,22,Good
2/7/22 09:30:56,23,Good
2/7/22 09:56:03,22,Good
2/7/22 09:58:26,21,Good
2/7/22 10:01:17,20,Good
2/7/22 10:06:18,19,Good
2/7/22 10:06:21,20,Good
2/7/22 10:06:33,19,Good
2/7/22 10:06:49,20,Good
2/7/22 10:06:51,19,Good
2/7/22 10:06:56,20,Good
2/7/22 10:07:11,19,Good
2/7/22 10:07:19,20,Good
2/7/22 10:07:41,19,Good
2/7/22 10:21:35,18,Good
2/7/22 10:21:47,19,Good
2/7/22 10:23:48,18,Good
2/7/22 10:23:51,19,Good
2/7/22 10:24:06,18,Good
2/7/22 10:24:11,19,Good
2/7/22 10:24:18,18,Good
2/7/22 10:24:21,19,Good
2/7/22 10:25:56,18,Good
2/7/22 10:45:52,17,Good
2/7/22 10:46:02,18,Good
2/7/22 10:46:07,17,Good
2/7/22 11:28:26,18,Good
2/7/22 11:28:34,17,Good
2/7/22 11:35:18,18,Good
2/7/22 11:35:20,17,Good
2/7/22 11:35:48,18,Good
2/7/22 11:35:51,17,Good
2/7/22 11:37:21,18,Good
2/7/22 11:37:26,17,Good
2/7/22 11:37:51,18,Good
2/7/22 11:38:11,17,Good
2/7/22 11:38:19,18,Good
2/7/22 11:38:21,17,Good
2/7/22 11:38:46,18,Good
2/7/22 11:38:56,17,Good
2/7/22 11:39:06,18,Good
2/7/22 12:18:48,19,Good
2/7/22 12:50:36,20,Good
2/7/22 12:50:42,19,Good
2/7/22 12:50:52,20,Good
2/7/22 12:51:02,19,Good
2/7/22 12:51:32,20,Good
2/7/22 12:51:52,19,Good
2/7/22 12:51:57,20,Good
2/7/22 12:52:02,19,Good
2/7/22 12:52:07,20,Good
2/7/22 13:21:43,21,Good
2/7/22 13:21:50,20,Good
2/7/22 13:21:58,21,Good
2/7/22 13:22:41,20,Good
2/7/22 13:22:48,21,Good
2/7/22 13:22:51,20,Good
2/7/22 13:22:56,21,Good
2/7/22 13:23:03,20,Good
2/7/22 13:23:06,21,Good
2/7/22 13:23:11,20,Good
2/7/22 13:31:13,21,Good
2/7/22 13:31:21,20,Good
2/7/22 13:31:43,21,Good
2/7/22 13:31:48,20,Good
2/7/22 13:32:11,21,Good
2/7/22 13:32:19,20,Good
2/7/22 13:32:21,21,Good
2/7/22 13:32:34,20,Good
2/7/22 13:32:36,21,Good
2/7/22 13:32:41,20,Good
2/7/22 13:32:48,21,Good
2/7/22 13:32:56,20,Good
2/7/22 13:33:04,21,Good
2/7/22 13:33:19,20,Good
2/7/22 13:33:21,21,Good
2/7/22 13:33:36,20,Good
2/7/22 13:33:49,21,Good
2/7/22 13:35:52,20,Good
2/7/22 13:35:57,21,Good
2/7/22 14:03:27,22,Good
2/7/22 14:03:32,21,Good
2/7/22 14:05:20,22,Good
2/7/22 14:05:27,21,Good
2/7/22 14:05:33,22,Good
2/7/22 14:05:35,21,Good
2/7/22 14:05:43,22,Good
2/7/22 14:05:48,21,Good
2/7/22 14:05:58,22,Good
2/7/22 14:06:03,21,Good
2/7/22 14:06:13,22,Good
2/7/22 14:06:18,21,Good
2/7/22 14:06:28,22,Good
2/7/22 14:06:48,21,Good
2/7/22 14:06:51,22,Good
2/7/22 14:06:58,21,Good
2/7/22 14:07:21,22,Good
2/7/22 14:07:28,21,Good
2/7/22 14:20:22,22,Good
2/7/22 14:20:27,21,Good
2/7/22 14:20:37,22,Good
2/7/22 14:20:42,21,Good
2/7/22 14:20:52,22,Good
2/7/22 14:20:57,21,Good
2/7/22 14:21:02,22,Good
2/7/22 14:54:56,23,Good
2/7/22 14:55:04,22,Good
2/7/22 14:55:06,23,Good
2/7/22 14:55:11,22,Good
2/7/22 14:55:26,23,Good
2/7/22 14:55:34,22,Good
2/7/22 14:55:36,23,Good
2/7/22 14:55:41,22,Good
2/7/22 14:55:49,23,Good
2/7/22 14:55:52,22,Good
2/7/22 14:55:57,23,Good
2/7/22 14:56:04,22,Good
2/7/22 14:56:07,23,Good
2/7/22 14:56:12,22,Good
2/7/22 14:56:19,23,Good
2/7/22 14:56:22,22,Good
2/7/22 14:56:34,23,Good
2/7/22 14:56:47,22,Good
2/7/22 14:56:52,23,Good
2/7/22 14:58:12,22,Good
2/7/22 14:58:17,23,Good
2/7/22 15:17:18,22,Good
2/7/22 15:17:28,23,Good
2/7/22 15:17:43,22,Good
2/7/22 15:17:50,23,Good
2/7/22 15:41:12,24,Good
2/7/22 15:41:17,23,Good
2/7/22 15:41:32,24,Good
2/7/22 15:41:37,23,Good
2/7/22 15:41:57,24,Good
2/7/22 15:42:02,23,Good
2/7/22 15:42:17,24,Good
2/7/22 15:42:22,23,Good
2/7/22 15:42:32,24,Good
2/7/22 15:42:37,23,Good
2/7/22 15:42:42,24,Good
2/7/22 15:43:12,23,Good
2/7/22 15:43:17,24,Good
2/7/22 15:56:26,23,Good
2/7/22 16:01:42,22,Good
2/7/22 16:01:48,23,Good
2/7/22 16:01:52,22,Good
2/7/22 16:12:48,21,Good
2/7/22 16:13:48,20,Good
2/7/22 16:13:51,21,Good
2/7/22 16:14:06,20,Good
2/7/22 16:14:33,19,Good
2/7/22 16:14:56,18,Good
2/7/22 16:15:04,17,Good
2/7/22 16:15:19,16,Good
2/7/22 16:15:34,15,Good
2/7/22 16:15:49,14,Good
2/7/22 16:15:56,13,Good
2/7/22 16:16:12,12,Good
2/7/22 16:16:26,11,Good
2/7/22 16:16:42,10,Good
2/7/22 16:16:57,9,Good
2/7/22 16:17:19,8,Good
2/7/22 16:17:37,7,Good
2/7/22 16:18:02,6,Good
2/7/22 16:18:12,7,Good
2/7/22 16:18:17,6,Good
2/7/22 16:18:32,5,Good
2/7/22 16:19:13,4,Good
2/7/22 16:19:48,3,Good
2/7/22 16:20:43,2,Good
2/7/22 16:21:28,1,Good
2/7/22 16:21:51,0,Good
2/7/22 16:22:13,-1,Good
2/7/22 16:22:34,-2,Good
2/7/22 16:22:56,-3,Good
2/7/22 16:23:18,-4,Good
2/7/22 16:23:41,-5,Good
2/7/22 16:24:11,-6,Good
2/7/22 16:24:41,-7,Good
2/7/22 16:25:19,-8,Good
2/7/22 16:25:49,-9,Good
2/7/22 16:26:22,-10,Good
2/7/22 16:26:57,-11,Good
2/7/22 16:27:27,-12,Good
2/7/22 16:28:02,-13,Good
2/7/22 16:28:43,-14,Good
2/7/22 16:29:33,-15,Good
2/7/22 16:30:48,-16,Good
2/7/22 16:32:21,-17,Good
2/7/22 16:34:27,-18,Good
2/7/22 16:37:27,-19,Good
2/7/22 16:42:12,-20,Good
2/7/22 16:46:48,-19,Good
2/7/22 16:47:28,-20,Good
2/7/22 17:06:36,-21,Good
2/7/22 17:08:21,-22,Good
2/7/22 17:09:19,-23,Good
2/7/22 17:10:04,-24,Good
2/7/22 17:10:42,-25,Good
2/7/22 17:11:17,-26,Good
2/7/22 17:11:52,-27,Good
2/7/22 17:12:27,-28,Good
2/7/22 17:13:13,-29,Good
2/7/22 17:13:58,-30,Good
2/7/22 17:14:48,-31,Good
2/7/22 17:15:48,-32,Good
2/7/22 17:16:51,-33,Good
2/7/22 17:18:06,-34,Good
2/7/22 17:19:49,-35,Good
2/7/22 17:21:52,-36,Good
2/7/22 17:24:28,-37,Good
2/7/22 17:27:56,-38,Good
2/7/22 17:28:12,-37,Good
2/7/22 17:28:19,-38,Good
2/7/22 17:32:58,-39,Good
2/7/22 17:33:06,-38,Good
2/7/22 17:33:13,-39,Good
2/7/22 17:38:52,-40,Good
2/7/22 17:44:34,-41,Good
2/7/22 17:48:37,-42,Good
2/7/22 17:48:42,-41,Good
2/7/22 17:48:47,-42,Good
2/7/22 17:48:52,-41,Good
2/7/22 17:48:57,-42,Good
2/7/22 17:54:26,-43,Good
2/7/22 17:59:33,-44,Good
2/7/22 17:59:35,-43,Good
2/7/22 17:59:43,-44,Good
2/7/22 18:05:57,-45,Good
2/7/22 18:11:36,-46,Good
2/7/22 18:11:41,-45,Good
2/7/22 18:11:49,-46,Good
2/7/22 18:18:48,-47,Good
2/7/22 18:19:18,-46,Good
2/7/22 18:19:28,-47,Good
2/7/22 18:19:34,-46,Good
2/7/22 18:19:36,-47,Good
2/7/22 18:26:28,-48,Good
2/7/22 18:34:12,-49,Good
2/7/22 18:34:23,-48,Good
2/7/22 18:34:28,-49,Good
2/7/22 18:34:35,-48,Good
2/7/22 18:35:05,-49,Good
2/7/22 18:35:13,-48,Good
2/7/22 18:35:15,-49,Good
2/7/22 18:42:45,-50,Good
2/7/22 18:50:12,-51,Good
2/7/22 18:50:27,-50,Good
2/7/22 18:50:30,-51,Good
2/7/22 18:50:37,-50,Good
2/7/22 18:50:42,-51,Good
2/7/22 18:58:57,-52,Good
2/7/22 18:59:07,-51,Good
2/7/22 18:59:12,-52,Good
2/7/22 19:07:29,-53,Good
2/7/22 19:16:07,-54,Good
2/7/22 19:26:27,-55,Good
2/7/22 19:26:52,-54,Good
2/7/22 19:26:57,-55,Good
2/7/22 19:35:12,-56,Good
2/7/22 19:36:00,-55,Good
2/7/22 19:36:37,-56,Good
2/7/22 19:45:38,-57,Good
2/7/22 19:57:01,-58,Good
2/7/22 19:57:06,-57,Good
2/7/22 19:57:31,-58,Good
2/7/22 20:06:51,-57,Good
2/7/22 20:08:26,-56,Good
2/7/22 20:11:37,-55,Good
2/7/22 20:31:00,-56,Good
2/7/22 20:31:05,-55,Good
2/7/22 20:31:15,-56,Good
2/7/22 20:58:28,-57,Good
2/7/22 21:24:08,-58,Good
2/7/22 21:24:12,-57,Good
2/7/22 21:25:35,-58,Good
2/7/22 21:25:43,-57,Good
2/7/22 21:25:46,-58,Good
2/7/22 21:48:42,-59,Good
2/7/22 22:12:43,-60,Good
2/7/22 22:12:46,-59,Good
2/7/22 22:12:51,-60,Good
2/7/22 22:44:58,-61,Good
2/7/22 22:45:23,-60,Good
2/7/22 22:45:43,-61,Good
2/7/22 22:45:45,-60,Good
2/7/22 22:46:15,-61,Good
2/7/22 22:46:23,-60,Good
2/7/22 22:46:38,-61,Good
2/7/22 22:46:53,-60,Good
2/7/22 22:47:01,-61,Good
2/7/22 22:47:06,-60,Good
2/7/22 22:47:13,-61,Good
2/7/22 22:47:31,-60,Good
2/7/22 22:47:36,-61,Good
2/7/22 22:47:58,-60,Good
2/7/22 22:48:01,-61,Good
2/7/22 22:48:06,-60,Good
2/7/22 22:48:13,-61,Good
2/7/22 22:48:16,-60,Good
2/7/22 22:48:21,-61,Good
2/7/22 22:48:31,-60,Good
2/7/22 22:48:36,-61,Good
2/7/22 22:48:59,-60,Good
2/7/22 22:49:01,-61,Good
2/7/22 22:49:14,-60,Good
2/7/22 22:49:16,-61,Good
2/7/22 22:49:46,-60,Good
2/7/22 22:49:59,-61,Good
2/7/22 22:50:01,-60,Good
2/7/22 22:50:14,-61,Good
2/7/22 22:50:16,-60,Good
2/7/22 22:50:37,-61,Good
2/7/22 22:50:47,-60,Good
2/7/22 22:50:51,-61,Good
2/7/22 22:51:01,-60,Good
2/7/22 22:51:17,-61,Good
2/7/22 22:52:02,-60,Good
2/7/22 22:52:07,-61,Good
2/7/22 22:52:12,-60,Good
2/7/22 22:52:14,-61,Good
2/7/22 22:52:22,-60,Good
2/7/22 22:52:27,-61,Good
2/7/22 22:52:44,-60,Good
2/7/22 22:52:52,-61,Good
2/7/22 22:55:13,-60,Good
2/7/22 22:55:15,-61,Good
2/7/22 22:56:46,-60,Good
2/7/22 22:56:53,-61,Good
2/7/22 22:57:01,-60,Good
2/7/22 22:57:06,-61,Good
2/7/22 23:00:02,-60,Good
2/7/22 23:00:07,-61,Good
2/7/22 23:00:12,-62,Good
2/7/22 23:00:17,-61,Good
2/7/22 23:04:23,-62,Good
2/7/22 23:04:28,-61,Good
2/7/22 23:04:45,-62,Good
2/7/22 23:04:53,-61,Good
2/7/22 23:05:46,-62,Good
2/7/22 23:05:51,-61,Good
2/7/22 23:06:36,-62,Good
2/7/22 23:06:44,-61,Good
2/7/22 23:07:44,-62,Good
2/7/22 23:07:46,-61,Good
2/7/22 23:13:43,-62,Good
2/7/22 23:13:46,-61,Good
2/7/22 23:14:46,-62,Good
2/7/22 23:14:51,-61,Good
2/7/22 23:15:06,-62,Good
2/7/22 23:15:14,-61,Good
2/7/22 23:15:31,-62,Good
2/7/22 23:43:16,-63,Good
2/7/22 23:43:21,-62,Good
2/7/22 23:46:00,-63,Good
2/7/22 23:46:07,-62,Good
2/7/22 23:46:12,-63,Good
2/8/22 00:09:29,-64,Good
2/8/22 00:09:31,-63,Good
2/8/22 00:09:36,-64,Good
2/8/22 00:09:44,-63,Good
2/8/22 00:09:46,-64,Good
2/8/22 00:09:51,-63,Good
2/8/22 00:09:59,-64,Good
2/8/22 00:10:14,-63,Good
2/8/22 00:10:16,-64,Good
2/8/22 00:40:02,-65,Good
2/8/22 00:40:17,-64,Good
2/8/22 00:40:22,-65,Good
2/8/22 00:41:37,-64,Good
2/8/22 00:42:23,-65,Good
2/8/22 01:04:06,-66,Good
2/8/22 01:04:44,-65,Good
2/8/22 01:06:32,-66,Good
2/8/22 01:06:37,-65,Good
2/8/22 01:10:58,-66,Good
2/8/22 01:11:58,-65,Good
2/8/22 01:12:01,-66,Good
2/8/22 01:37:13,-67,Good
2/8/22 01:37:15,-66,Good
2/8/22 01:37:38,-67,Good
2/8/22 01:37:43,-66,Good
2/8/22 01:37:45,-67,Good
2/8/22 01:38:46,-66,Good
2/8/22 01:39:14,-67,Good
2/8/22 01:39:16,-66,Good
2/8/22 01:56:16,-67,Good
2/8/22 01:56:23,-66,Good
2/8/22 01:58:22,-67,Good
2/8/22 01:58:29,-66,Good
2/8/22 01:58:32,-67,Good
2/8/22 01:59:02,-66,Good
2/8/22 01:59:07,-67,Good
2/8/22 02:01:32,-66,Good
2/8/22 02:01:37,-67,Good
2/8/22 02:14:13,-66,Good
2/8/22 02:16:01,-65,Good
2/8/22 02:19:07,-64,Good
2/8/22 02:19:15,-65,Good
2/8/22 02:21:58,-64,Good
2/8/22 02:22:01,-65,Good
2/8/22 02:22:16,-64,Good
2/8/22 02:22:23,-65,Good
2/8/22 02:22:28,-64,Good
2/8/22 02:22:43,-65,Good
2/8/22 02:23:08,-64,Good
2/8/22 02:25:44,-65,Good
2/8/22 02:26:07,-64,Good
2/8/22 02:26:29,-65,Good
2/8/22 02:26:32,-64,Good
2/8/22 02:26:37,-65,Good
2/8/22 02:26:42,-64,Good
2/8/22 02:35:17,-63,Good
2/8/22 02:35:22,-64,Good
2/8/22 02:35:42,-63,Good
2/8/22 02:35:52,-64,Good
2/8/22 02:35:57,-63,Good
2/8/22 02:36:32,-64,Good
2/8/22 02:43:29,-63,Good
2/8/22 02:43:37,-64,Good
2/8/22 02:45:37,-63,Good
2/8/22 02:45:42,-64,Good
2/8/22 02:46:37,-63,Good
2/8/22 02:46:42,-64,Good
2/8/22 02:47:30,-63,Good
2/8/22 02:47:43,-64,Good
2/8/22 02:48:08,-63,Good
2/8/22 02:48:13,-64,Good
2/8/22 02:48:30,-63,Good
2/8/22 02:48:38,-64,Good
2/8/22 02:48:43,-63,Good
2/8/22 02:48:45,-64,Good
2/8/22 02:49:08,-63,Good
2/8/22 02:49:13,-64,Good
2/8/22 02:52:14,-63,Good
2/8/22 02:52:16,-64,Good
2/8/22 02:52:29,-63,Good
2/8/22 02:52:32,-64,Good
2/8/22 02:52:44,-63,Good
2/8/22 02:52:59,-64,Good
2/8/22 02:53:47,-63,Good
2/8/22 03:02:07,-64,Good
2/8/22 03:06:13,-63,Good
2/8/22 03:06:15,-64,Good
2/8/22 03:06:28,-63,Good
2/8/22 03:06:43,-64,Good
2/8/22 03:06:46,-63,Good
2/8/22 03:07:16,-64,Good
2/8/22 03:07:23,-63,Good
2/8/22 03:25:28,-64,Good
2/8/22 03:25:31,-63,Good
2/8/22 03:25:43,-64,Good
2/8/22 03:25:53,-63,Good
2/8/22 03:26:01,-64,Good
2/8/22 03:26:13,-63,Good
2/8/22 03:26:16,-64,Good
2/8/22 03:26:31,-63,Good
2/8/22 03:27:44,-64,Good
2/8/22 03:27:46,-63,Good
2/8/22 03:31:45,-64,Good
2/8/22 03:31:52,-63,Good
2/8/22 04:02:58,-62,Good
2/8/22 04:03:44,-63,Good
2/8/22 04:03:51,-62,Good
2/8/22 04:04:47,-63,Good
2/8/22 04:04:52,-62,Good
2/8/22 04:07:13,-63,Good
2/8/22 04:07:15,-62,Good
2/8/22 04:08:28,-63,Good
2/8/22 04:11:14,-62,Good
2/8/22 04:11:16,-63,Good
2/8/22 04:11:36,-62,Good
2/8/22 04:11:46,-63,Good
2/8/22 04:11:59,-62,Good
2/8/22 04:13:07,-63,Good
2/8/22 04:13:14,-62,Good
2/8/22 04:14:37,-63,Good
2/8/22 04:14:42,-62,Good
2/8/22 04:14:47,-63,Good
2/8/22 04:14:52,-62,Good
2/8/22 04:15:02,-63,Good
2/8/22 04:16:00,-62,Good
2/8/22 04:16:13,-63,Good
2/8/22 04:16:23,-62,Good
2/8/22 04:18:58,-63,Good
2/8/22 04:19:01,-62,Good
2/8/22 04:19:28,-63,Good
2/8/22 04:19:38,-62,Good
2/8/22 04:19:43,-63,Good
2/8/22 04:26:30,-62,Good
2/8/22 04:47:54,-63,Good
2/8/22 04:47:57,-62,Good
2/8/22 04:48:02,-63,Good
2/8/22 04:48:14,-62,Good
2/8/22 04:48:37,-63,Good
2/8/22 04:51:52,-62,Good
2/8/22 04:52:00,-63,Good
2/8/22 04:52:07,-62,Good
2/8/22 04:52:15,-63,Good
2/8/22 04:52:23,-62,Good
2/8/22 04:52:28,-63,Good
2/8/22 04:52:30,-62,Good
2/8/22 04:52:45,-63,Good
2/8/22 04:52:53,-62,Good
2/8/22 04:53:15,-63,Good
2/8/22 04:53:23,-62,Good
2/8/22 04:54:11,-63,Good
2/8/22 04:54:31,-62,Good
2/8/22 04:54:38,-63,Good
2/8/22 04:54:53,-62,Good
2/8/22 04:55:01,-63,Good
2/8/22 04:55:11,-62,Good
2/8/22 04:55:24,-63,Good
2/8/22 04:55:26,-62,Good
2/8/22 04:55:38,-63,Good
2/8/22 04:55:46,-62,Good
2/8/22 04:55:56,-63,Good
2/8/22 04:56:01,-62,Good
2/8/22 05:09:25,-61,Good
2/8/22 05:09:32,-62,Good
2/8/22 05:16:09,-61,Good
2/8/22 05:16:22,-62,Good
2/8/22 05:31:09,-61,Good
2/8/22 05:31:11,-62,Good
2/8/22 05:31:16,-61,Good
2/8/22 05:31:26,-62,Good
2/8/22 05:31:31,-61,Good
2/8/22 05:31:46,-62,Good
2/8/22 05:32:11,-61,Good
2/8/22 05:32:16,-62,Good
2/8/22 05:32:46,-61,Good
2/8/22 05:32:54,-62,Good
2/8/22 05:33:17,-61,Good
2/8/22 05:33:22,-62,Good
2/8/22 05:33:42,-61,Good
2/8/22 05:33:47,-62,Good
2/8/22 05:33:52,-61,Good
2/8/22 05:34:02,-62,Good
2/8/22 05:34:22,-61,Good
2/8/22 05:34:40,-62,Good
2/8/22 05:34:47,-61,Good
2/8/22 05:35:02,-62,Good
2/8/22 05:35:32,-61,Good
2/8/22 05:35:37,-62,Good
2/8/22 05:37:08,-61,Good
2/8/22 05:37:10,-62,Good
2/8/22 05:38:25,-61,Good
2/8/22 05:38:31,-62,Good
2/8/22 05:38:46,-61,Good
2/8/22 05:38:53,-62,Good
2/8/22 05:39:08,-61,Good
2/8/22 05:39:11,-62,Good
2/8/22 05:39:56,-61,Good
2/8/22 05:40:01,-62,Good
2/8/22 05:40:24,-61,Good
2/8/22 05:40:26,-62,Good
2/8/22 05:42:22,-61,Good
2/8/22 05:42:26,-62,Good
2/8/22 05:42:42,-61,Good
2/8/22 05:42:47,-62,Good
2/8/22 05:43:47,-61,Good
2/8/22 05:43:54,-62,Good
2/8/22 05:48:53,-61,Good
2/8/22 05:49:01,-62,Good
2/8/22 05:49:09,-61,Good
2/8/22 05:49:11,-62,Good
2/8/22 05:49:16,-61,Good
2/8/22 05:49:31,-62,Good
2/8/22 05:50:26,-61,Good
2/8/22 05:50:36,-62,Good
2/8/22 05:51:16,-61,Good
2/8/22 05:51:22,-62,Good
2/8/22 06:07:24,-61,Good
2/8/22 06:13:03,-62,Good
2/8/22 06:13:08,-61,Good
2/8/22 06:13:10,-62,Good
2/8/22 06:13:15,-61,Good
2/8/22 06:13:23,-62,Good
2/8/22 06:13:38,-61,Good
2/8/22 06:13:40,-62,Good
2/8/22 06:13:45,-61,Good
2/8/22 06:13:53,-62,Good
2/8/22 06:13:55,-61,Good
2/8/22 06:14:00,-62,Good
2/8/22 06:14:08,-61,Good
2/8/22 06:16:11,-62,Good
2/8/22 06:16:16,-61,Good
2/8/22 06:16:38,-62,Good
2/8/22 06:16:56,-61,Good
2/8/22 06:19:12,-62,Good
2/8/22 06:19:22,-61,Good
2/8/22 06:19:37,-62,Good
2/8/22 06:19:47,-61,Good
2/8/22 06:20:17,-62,Good
2/8/22 06:21:02,-61,Good
2/8/22 06:21:53,-62,Good
2/8/22 06:23:10,-61,Good
2/8/22 06:23:23,-62,Good
2/8/22 06:23:26,-61,Good
2/8/22 06:23:30,-62,Good
2/8/22 06:35:01,-61,Good
2/8/22 06:35:09,-62,Good
2/8/22 06:38:24,-61,Good
2/8/22 06:39:38,-62,Good
2/8/22 06:42:46,-61,Good
2/8/22 06:42:53,-62,Good
2/8/22 06:43:23,-61,Good
2/8/22 06:43:26,-62,Good
2/8/22 06:43:31,-61,Good
2/8/22 06:43:38,-62,Good
2/8/22 06:44:16,-61,Good
2/8/22 06:44:41,-62,Good
2/8/22 06:44:47,-61,Good
2/8/22 06:44:51,-62,Good
2/8/22 06:46:09,-61,Good
2/8/22 06:46:22,-62,Good
2/8/22 06:46:54,-61,Good
2/8/22 06:47:07,-62,Good
2/8/22 06:47:25,-61,Good
2/8/22 06:47:47,-62,Good
2/8/22 06:47:52,-61,Good
2/8/22 06:48:18,-62,Good
2/8/22 06:53:26,-61,Good
2/8/22 06:53:31,-62,Good
2/8/22 06:55:40,-61,Good
2/8/22 06:55:47,-62,Good
2/8/22 06:56:07,-61,Good
2/8/22 06:56:09,-62,Good
2/8/22 06:56:17,-61,Good
2/8/22 06:56:22,-62,Good
2/8/22 06:56:25,-61,Good
2/8/22 06:56:47,-62,Good
2/8/22 06:56:55,-61,Good
2/8/22 06:57:02,-62,Good
2/8/22 06:57:07,-61,Good
2/8/22 06:57:10,-62,Good
2/8/22 07:07:25,-61,Good
2/8/22 07:07:30,-62,Good
2/8/22 07:08:08,-61,Good
2/8/22 07:08:11,-62,Good
2/8/22 07:08:23,-61,Good
2/8/22 07:08:26,-62,Good
2/8/22 07:08:31,-61,Good
2/8/22 07:08:53,-62,Good
2/8/22 07:10:01,-61,Good
2/8/22 07:10:46,-62,Good
2/8/22 07:11:31,-61,Good
2/8/22 07:11:41,-62,Good
2/8/22 07:13:22,-61,Good
2/8/22 07:14:52,-62,Good
2/8/22 07:14:55,-61,Good
2/8/22 07:15:02,-62,Good
2/8/22 07:15:17,-61,Good
2/8/22 07:16:38,-62,Good
2/8/22 07:16:40,-61,Good
2/8/22 07:17:08,-62,Good
2/8/22 07:17:15,-61,Good
2/8/22 07:17:53,-62,Good
2/8/22 07:18:01,-61,Good
2/8/22 07:25:03,-62,Good
2/8/22 07:25:18,-61,Good
2/8/22 07:25:23,-62,Good
2/8/22 07:25:30,-61,Good
2/8/22 07:25:45,-62,Good
2/8/22 07:26:15,-61,Good
2/8/22 07:29:26,-62,Good
2/8/22 07:29:32,-61,Good
2/8/22 07:29:56,-62,Good
2/8/22 07:30:06,-61,Good
2/8/22 07:30:17,-62,Good
2/8/22 07:30:27,-61,Good
2/8/22 07:30:37,-62,Good
2/8/22 07:42:48,-61,Good
2/8/22 07:42:55,-62,Good
2/8/22 07:43:33,-61,Good
2/8/22 07:43:40,-62,Good
2/8/22 07:44:08,-61,Good
2/8/22 07:46:41,-62,Good
2/8/22 07:46:46,-61,Good
2/8/22 07:46:56,-62,Good
2/8/22 07:47:01,-61,Good
2/8/22 07:47:42,-62,Good
2/8/22 07:47:46,-61,Good
2/8/22 07:48:32,-62,Good
2/8/22 07:49:32,-61,Good
2/8/22 07:49:37,-62,Good
2/8/22 07:49:40,-61,Good
2/8/22 07:49:47,-62,Good
2/8/22 07:49:52,-61,Good
2/8/22 07:49:55,-62,Good
2/8/22 07:50:02,-61,Good
2/8/22 07:50:17,-62,Good
2/8/22 07:50:32,-61,Good
2/8/22 07:50:55,-62,Good
2/8/22 07:51:02,-61,Good
2/8/22 07:51:23,-62,Good
2/8/22 07:51:47,-61,Good
2/8/22 07:52:40,-62,Good
2/8/22 07:52:53,-61,Good
2/8/22 07:53:08,-62,Good
2/8/22 07:53:26,-61,Good
2/8/22 07:53:38,-62,Good
2/8/22 07:53:41,-61,Good
2/8/22 08:05:02,-62,Good
2/8/22 08:05:09,-61,Good
2/8/22 08:05:24,-62,Good
2/8/22 08:05:26,-61,Good
2/8/22 08:05:52,-62,Good
2/8/22 08:06:22,-61,Good
2/8/22 08:06:27,-62,Good
2/8/22 08:16:55,-61,Good
2/8/22 08:17:02,-62,Good
2/8/22 08:17:32,-61,Good
2/8/22 08:17:37,-62,Good
2/8/22 08:17:52,-61,Good
2/8/22 08:17:55,-62,Good
2/8/22 08:18:03,-61,Good
2/8/22 08:18:10,-62,Good
2/8/22 08:18:23,-61,Good
2/8/22 08:22:11,-62,Good
2/8/22 08:22:16,-61,Good
2/8/22 08:22:24,-62,Good
2/8/22 08:23:42,-61,Good
2/8/22 08:24:12,-62,Good
2/8/22 08:25:24,-61,Good
2/8/22 08:25:37,-62,Good
2/8/22 08:25:52,-61,Good
2/8/22 08:26:07,-62,Good
2/8/22 08:27:18,-61,Good
2/8/22 08:31:54,-62,Good
2/8/22 08:32:01,-61,Good
2/8/22 08:32:39,-62,Good
2/8/22 08:32:47,-61,Good
2/8/22 08:32:51,-62,Good
2/8/22 08:32:57,-61,Good
2/8/22 08:33:07,-62,Good
2/8/22 08:33:09,-61,Good
2/8/22 08:33:17,-62,Good
2/8/22 08:33:24,-61,Good
2/8/22 08:33:32,-62,Good
2/8/22 08:33:37,-61,Good
2/8/22 08:33:42,-62,Good
2/8/22 08:43:24,-61,Good
2/8/22 08:44:10,-62,Good
2/8/22 08:44:22,-61,Good
2/8/22 08:46:18,-62,Good
2/8/22 08:46:23,-61,Good
2/8/22 08:46:25,-62,Good
2/8/22 08:46:38,-61,Good
2/8/22 08:53:02,-62,Good
2/8/22 08:53:47,-61,Good
2/8/22 08:53:53,-62,Good
2/8/22 08:55:03,-61,Good
2/8/22 08:55:15,-62,Good
2/8/22 08:56:46,-61,Good
2/8/22 08:57:08,-62,Good
2/8/22 08:57:16,-61,Good
2/8/22 08:57:24,-62,Good
2/8/22 08:57:26,-61,Good
2/8/22 08:57:31,-62,Good
2/8/22 08:57:53,-61,Good
2/8/22 08:57:56,-62,Good
2/8/22 09:03:38,-61,Good
2/8/22 09:05:08,-62,Good
2/8/22 09:06:08,-61,Good
2/8/22 09:06:16,-62,Good
2/8/22 09:08:52,-61,Good
2/8/22 09:09:17,-62,Good
2/8/22 09:09:47,-61,Good
2/8/22 09:09:52,-62,Good
2/8/22 09:09:57,-61,Good
2/8/22 09:10:17,-62,Good
2/8/22 09:10:32,-61,Good
2/8/22 09:10:47,-62,Good
2/8/22 09:12:18,-61,Good
2/8/22 09:12:38,-62,Good
2/8/22 09:12:53,-61,Good
2/8/22 09:13:08,-62,Good
2/8/22 09:15:26,-63,Good
2/8/22 09:15:31,-62,Good
2/8/22 09:28:52,-61,Good
2/8/22 09:29:17,-62,Good
2/8/22 09:31:23,-61,Good
2/8/22 09:31:26,-62,Good
2/8/22 09:31:30,-61,Good
2/8/22 09:31:38,-62,Good
2/8/22 09:33:01,-61,Good
2/8/22 09:33:11,-62,Good
2/8/22 09:37:25,-61,Good
2/8/22 09:37:32,-62,Good
2/8/22 09:37:52,-61,Good
2/8/22 09:38:17,-62,Good
2/8/22 09:38:25,-61,Good
2/8/22 09:38:32,-62,Good
2/8/22 09:38:38,-61,Good
2/8/22 09:38:40,-62,Good
2/8/22 09:39:33,-61,Good
2/8/22 09:39:48,-62,Good
2/8/22 09:39:53,-61,Good
2/8/22 09:40:08,-62,Good
2/8/22 09:40:53,-61,Good
2/8/22 09:41:01,-62,Good
2/8/22 09:42:39,-61,Good
2/8/22 09:46:02,-62,Good
2/8/22 09:47:22,-61,Good
2/8/22 09:50:53,-62,Good
2/8/22 09:55:17,-61,Good
2/8/22 09:55:25,-62,Good
2/8/22 09:59:08,-61,Good
2/8/22 10:00:38,-62,Good
2/8/22 10:02:52,-61,Good
2/8/22 10:03:42,-62,Good
2/8/22 10:04:17,-61,Good
2/8/22 10:05:07,-62,Good
2/8/22 10:05:17,-61,Good
2/8/22 10:05:37,-62,Good
2/8/22 10:08:31,-61,Good
2/8/22 10:08:46,-62,Good
2/8/22 10:10:31,-63,Good
2/8/22 10:10:42,-62,Good
2/8/22 10:10:56,-63,Good
2/8/22 10:11:16,-62,Good
2/8/22 10:11:54,-63,Good
2/8/22 10:13:02,-62,Good
2/8/22 10:13:47,-63,Good
2/8/22 10:14:17,-62,Good
2/8/22 10:14:25,-63,Good
2/8/22 10:14:32,-62,Good
2/8/22 10:29:17,-61,Good
2/8/22 10:29:24,-62,Good
2/8/22 10:32:52,-61,Good
2/8/22 10:32:55,-62,Good
2/8/22 10:33:08,-61,Good
2/8/22 10:33:10,-62,Good
2/8/22 10:33:18,-61,Good
2/8/22 10:33:23,-62,Good
2/8/22 10:37:39,-63,Good
2/8/22 10:38:01,-62,Good
2/8/22 10:38:12,-63,Good
2/8/22 10:38:32,-62,Good
2/8/22 10:38:42,-63,Good
2/8/22 10:39:07,-62,Good
2/8/22 10:45:39,-63,Good
2/8/22 10:46:24,-62,Good
2/8/22 10:49:37,-61,Good
2/8/22 10:49:40,-62,Good
2/8/22 11:05:22,-61,Good
2/8/22 11:05:32,-62,Good
2/8/22 11:10:23,-63,Good
2/8/22 11:10:31,-62,Good
2/8/22 11:13:09,-63,Good
2/8/22 11:14:39,-62,Good
2/8/22 11:18:25,-63,Good
2/8/22 11:18:33,-62,Good
2/8/22 11:18:41,-63,Good
2/8/22 11:18:48,-62,Good
2/8/22 11:19:03,-63,Good
2/8/22 11:19:08,-62,Good
2/8/22 11:19:23,-63,Good
2/8/22 11:19:26,-62,Good
2/8/22 11:19:31,-63,Good
2/8/22 11:20:16,-62,Good
2/8/22 11:20:26,-63,Good
2/8/22 11:20:31,-62,Good
2/8/22 11:21:24,-63,Good
2/8/22 11:23:09,-62,Good
2/8/22 11:23:12,-63,Good
2/8/22 11:23:24,-62,Good
2/8/22 11:23:52,-63,Good
2/8/22 11:24:02,-62,Good
2/8/22 11:24:07,-63,Good
2/8/22 11:24:12,-62,Good
2/8/22 11:24:17,-63,Good
2/8/22 11:24:37,-62,Good
2/8/22 11:24:52,-63,Good
2/8/22 11:26:02,-62,Good
2/8/22 11:26:08,-63,Good
2/8/22 11:26:23,-62,Good
2/8/22 11:26:33,-63,Good
2/8/22 11:26:38,-62,Good
2/8/22 11:26:53,-63,Good
2/8/22 11:27:03,-62,Good
2/8/22 11:27:18,-63,Good
2/8/22 11:29:23,-62,Good
2/8/22 11:29:38,-63,Good
2/8/22 11:30:39,-62,Good
2/8/22 11:31:39,-63,Good
2/8/22 11:31:54,-62,Good
2/8/22 11:31:57,-63,Good
2/8/22 11:33:37,-62,Good
2/8/22 11:33:47,-63,Good
2/8/22 11:34:52,-62,Good
2/8/22 11:36:38,-63,Good
2/8/22 11:37:03,-62,Good
2/8/22 11:39:09,-63,Good
2/8/22 11:39:11,-62,Good
2/8/22 11:40:11,-63,Good
2/8/22 11:40:24,-62,Good
2/8/22 11:40:42,-63,Good
2/8/22 11:40:54,-62,Good
2/8/22 11:41:27,-63,Good
2/8/22 11:41:32,-62,Good
2/8/22 11:43:42,-63,Good
2/8/22 11:43:52,-62,Good
2/8/22 11:44:10,-63,Good
2/8/22 11:44:18,-62,Good
2/8/22 11:45:10,-63,Good
2/8/22 11:46:08,-62,Good
2/8/22 11:46:18,-63,Good
2/8/22 11:46:53,-62,Good
2/8/22 11:46:56,-63,Good
2/8/22 11:47:03,-62,Good
2/8/22 11:47:08,-63,Good
2/8/22 11:47:31,-62,Good
2/8/22 11:47:39,-63,Good
2/8/22 11:47:56,-62,Good
2/8/22 11:48:01,-63,Good
2/8/22 11:48:08,-62,Good
2/8/22 11:48:11,-63,Good
2/8/22 11:48:16,-62,Good
2/8/22 11:48:24,-63,Good
2/8/22 11:48:26,-62,Good
2/8/22 11:48:31,-63,Good
2/8/22 11:48:39,-62,Good
2/8/22 11:48:46,-63,Good
2/8/22 11:49:09,-62,Good
2/8/22 11:49:16,-63,Good
2/8/22 11:49:24,-62,Good
2/8/22 11:50:09,-63,Good
2/8/22 11:50:17,-62,Good
2/8/22 11:50:39,-63,Good
2/8/22 11:50:42,-62,Good
2/8/22 11:50:57,-63,Good
2/8/22 11:51:02,-62,Good
2/8/22 11:51:07,-63,Good
2/8/22 11:51:12,-62,Good
2/8/22 11:51:32,-63,Good
2/8/22 11:51:37,-62,Good
2/8/22 11:51:52,-63,Good
2/8/22 11:52:02,-62,Good
2/8/22 11:53:48,-63,Good
2/8/22 11:53:53,-62,Good
2/8/22 11:55:03,-63,Good
2/8/22 11:55:08,-62,Good
2/8/22 11:55:48,-63,Good
2/8/22 11:55:53,-62,Good
2/8/22 11:59:09,-63,Good
2/8/22 11:59:12,-62,Good
2/8/22 12:02:07,-63,Good
2/8/22 12:02:10,-62,Good
2/8/22 12:03:46,-63,Good
2/8/22 12:03:53,-62,Good
2/8/22 12:03:55,-63,Good
2/8/22 12:04:03,-62,Good
2/8/22 12:05:16,-63,Good
2/8/22 12:05:24,-62,Good
2/8/22 12:05:26,-63,Good
2/8/22 12:05:31,-62,Good
2/8/22 12:06:31,-63,Good
2/8/22 12:06:39,-62,Good
2/8/22 12:07:32,-63,Good
2/8/22 12:07:39,-62,Good
2/8/22 12:07:42,-63,Good
2/8/22 12:07:47,-62,Good
2/8/22 12:07:54,-63,Good
2/8/22 12:08:09,-62,Good
2/8/22 12:08:17,-63,Good
2/8/22 12:08:24,-62,Good
2/8/22 12:08:37,-63,Good
2/8/22 12:08:47,-62,Good
2/8/22 12:08:57,-63,Good
2/8/22 12:09:12,-62,Good
2/8/22 12:09:24,-63,Good
2/8/22 12:09:27,-62,Good
2/8/22 12:09:37,-63,Good
2/8/22 12:09:42,-62,Good
2/8/22 12:09:47,-63,Good
2/8/22 12:10:07,-62,Good
2/8/22 12:10:53,-63,Good
2/8/22 12:11:23,-62,Good
2/8/22 12:11:25,-63,Good
2/8/22 12:12:33,-62,Good
2/8/22 12:12:38,-63,Good
2/8/22 12:14:26,-62,Good
2/8/22 12:18:22,-63,Good
2/8/22 12:18:32,-62,Good
2/8/22 12:18:47,-63,Good
2/8/22 12:18:57,-62,Good
2/8/22 12:19:17,-63,Good
2/8/22 12:19:23,-62,Good
2/8/22 12:19:25,-63,Good
2/8/22 12:19:33,-62,Good
2/8/22 12:19:38,-63,Good
2/8/22 12:26:07,-62,Good
2/8/22 12:26:27,-63,Good
2/8/22 12:26:37,-62,Good
2/8/22 12:27:02,-63,Good
2/8/22 12:27:57,-62,Good
2/8/22 12:31:48,-63,Good
2/8/22 12:31:54,-62,Good
2/8/22 12:32:08,-63,Good
2/8/22 12:32:16,-62,Good
2/8/22 12:36:32,-63,Good
2/8/22 12:38:25,-62,Good
2/8/22 12:38:40,-63,Good
2/8/22 12:38:48,-62,Good
2/8/22 13:14:38,-63,Good
2/8/22 13:15:33,-62,Good
2/8/22 13:15:41,-63,Good
2/8/22 13:15:48,-62,Good
2/8/22 13:15:53,-63,Good
2/8/22 13:15:56,-62,Good
2/8/22 13:18:26,-63,Good
2/8/22 13:18:39,-62,Good
2/8/22 13:18:57,-63,Good
2/8/22 13:19:01,-62,Good
2/8/22 13:24:03,-63,Good
2/8/22 13:24:08,-62,Good
2/8/22 13:24:10,-63,Good
2/8/22 13:24:38,-62,Good
2/8/22 13:24:48,-63,Good
2/8/22 13:25:56,-62,Good
2/8/22 13:35:41,-63,Good
2/8/22 13:36:01,-62,Good
2/8/22 13:36:41,-63,Good
2/8/22 13:36:46,-62,Good
2/8/22 13:38:39,-63,Good
2/8/22 13:38:47,-62,Good
2/8/22 13:39:12,-63,Good
2/8/22 13:39:47,-62,Good
2/8/22 13:39:52,-63,Good
2/8/22 13:39:57,-62,Good
2/8/22 13:42:08,-63,Good
2/8/22 13:42:26,-62,Good
2/8/22 13:45:57,-63,Good
2/8/22 13:46:27,-62,Good
2/8/22 13:46:54,-63,Good
2/8/22 13:47:02,-62,Good
2/8/22 13:47:12,-63,Good
2/8/22 13:47:17,-62,Good
2/8/22 13:47:27,-63,Good
2/8/22 13:47:32,-62,Good
2/8/22 13:47:37,-63,Good
2/8/22 13:48:02,-62,Good
2/8/22 13:48:09,-63,Good
2/8/22 13:48:12,-62,Good
2/8/22 13:51:51,-63,Good
2/8/22 13:52:18,-62,Good
2/8/22 13:52:21,-63,Good
2/8/22 13:52:26,-62,Good
2/8/22 14:02:56,-63,Good
2/8/22 14:03:01,-62,Good
2/8/22 14:03:41,-63,Good
2/8/22 14:03:49,-62,Good
2/8/22 14:10:41,-63,Good
2/8/22 14:10:48,-62,Good
2/8/22 14:11:31,-63,Good
2/8/22 14:11:46,-62,Good
2/8/22 14:11:51,-63,Good
2/8/22 14:13:27,-62,Good
2/8/22 14:13:32,-63,Good
2/8/22 14:14:09,-62,Good
2/8/22 14:14:27,-63,Good
2/8/22 14:14:47,-62,Good
2/8/22 14:14:49,-63,Good
2/8/22 14:14:57,-62,Good
2/8/22 14:15:02,-63,Good
2/8/22 14:15:07,-62,Good
2/8/22 14:15:12,-63,Good
2/8/22 14:15:42,-62,Good
2/8/22 14:15:50,-63,Good
2/8/22 14:17:03,-62,Good
2/8/22 14:17:10,-63,Good
2/8/22 14:17:18,-62,Good
2/8/22 14:18:56,-63,Good
2/8/22 14:19:03,-62,Good
2/8/22 14:19:08,-63,Good
2/8/22 14:19:18,-62,Good
2/8/22 14:19:33,-63,Good
2/8/22 14:19:39,-62,Good
2/8/22 14:19:41,-63,Good
2/8/22 14:19:46,-62,Good
2/8/22 14:21:57,-63,Good
2/8/22 14:22:09,-62,Good
2/8/22 14:22:39,-63,Good
2/8/22 14:22:42,-62,Good
2/8/22 14:22:57,-63,Good
2/8/22 14:23:09,-62,Good
2/8/22 14:24:27,-63,Good
2/8/22 14:26:33,-62,Good
2/8/22 14:34:33,-63,Good
2/8/22 14:34:40,-62,Good
2/8/22 14:34:50,-63,Good
2/8/22 14:34:55,-62,Good
2/8/22 14:35:05,-63,Good
2/8/22 14:35:18,-62,Good
2/8/22 14:35:25,-63,Good
2/8/22 14:43:20,-62,Good
2/8/22 14:44:33,-63,Good
2/8/22 14:44:40,-62,Good
2/8/22 14:45:48,-63,Good
2/8/22 14:46:26,-62,Good
2/8/22 14:47:16,-63,Good
2/8/22 14:47:21,-62,Good
2/8/22 14:47:26,-63,Good
2/8/22 14:47:31,-62,Good
2/8/22 14:47:36,-63,Good
2/8/22 14:47:51,-62,Good
2/8/22 14:48:06,-63,Good
2/8/22 14:50:32,-62,Good
2/8/22 14:50:42,-63,Good
2/8/22 14:51:55,-62,Good
2/8/22 14:52:13,-63,Good
2/8/22 14:52:18,-62,Good
2/8/22 14:52:25,-63,Good
2/8/22 14:53:05,-62,Good
2/8/22 14:53:11,-63,Good
2/8/22 14:53:20,-62,Good
2/8/22 14:53:25,-63,Good
2/8/22 14:54:56,-62,Good
2/8/22 14:55:03,-63,Good
2/8/22 14:55:06,-62,Good
2/8/22 14:55:11,-63,Good
2/8/22 14:55:41,-62,Good
2/8/22 14:55:46,-63,Good
2/8/22 14:55:51,-62,Good
2/8/22 14:56:01,-63,Good
2/8/22 14:56:21,-62,Good
2/8/22 14:56:26,-63,Good
2/8/22 14:56:36,-62,Good
2/8/22 14:56:46,-63,Good
2/8/22 14:57:01,-62,Good
2/8/22 14:57:06,-63,Good
2/8/22 14:57:34,-62,Good
2/8/22 14:57:42,-63,Good
2/8/22 14:58:04,-62,Good
2/8/22 14:58:12,-63,Good
2/8/22 14:58:19,-62,Good
2/8/22 14:58:27,-63,Good
2/8/22 14:58:49,-62,Good
2/8/22 14:58:57,-63,Good
2/8/22 14:59:02,-62,Good
2/8/22 14:59:12,-63,Good
2/8/22 14:59:20,-62,Good
2/8/22 15:02:10,-63,Good
2/8/22 15:02:33,-62,Good
2/8/22 15:02:40,-63,Good
2/8/22 15:02:51,-62,Good
2/8/22 15:03:03,-63,Good
2/8/22 15:03:05,-62,Good
2/8/22 15:04:26,-63,Good
2/8/22 15:04:31,-62,Good
2/8/22 15:04:36,-63,Good
2/8/22 15:04:41,-62,Good
2/8/22 15:04:46,-63,Good
2/8/22 15:04:51,-62,Good
2/8/22 15:05:11,-63,Good
2/8/22 15:05:18,-62,Good
2/8/22 15:05:26,-63,Good
2/8/22 15:05:31,-62,Good
2/8/22 15:05:51,-63,Good
2/8/22 15:05:56,-62,Good
2/8/22 15:06:06,-63,Good
2/8/22 15:06:11,-62,Good
2/8/22 15:06:32,-63,Good
2/8/22 15:06:34,-62,Good
2/8/22 15:06:49,-63,Good
2/8/22 15:06:57,-62,Good
2/8/22 15:07:02,-63,Good
2/8/22 15:07:12,-62,Good
2/8/22 15:07:22,-63,Good
2/8/22 15:07:32,-62,Good
2/8/22 15:07:42,-63,Good
2/8/22 15:07:47,-62,Good
2/8/22 15:08:27,-63,Good
2/8/22 15:08:32,-62,Good
2/8/22 15:09:28,-63,Good
2/8/22 15:09:32,-62,Good
2/8/22 15:10:05,-63,Good
2/8/22 15:10:12,-62,Good
2/8/22 15:11:18,-63,Good
2/8/22 15:11:20,-62,Good
2/8/22 15:12:48,-63,Good
2/8/22 15:12:51,-62,Good
2/8/22 16:12:58,-62,Good
2/8/22 16:30:55,-63,Good
2/8/22 16:31:05,-62,Good
2/8/22 16:31:50,-63,Good
2/8/22 16:31:55,-62,Good
2/8/22 16:32:03,-63,Good
2/8/22 16:32:05,-62,Good
2/8/22 16:32:20,-63,Good
2/8/22 16:32:25,-62,Good
2/8/22 16:34:21,-63,Good
2/8/22 16:34:33,-62,Good
2/8/22 16:34:36,-63,Good
2/8/22 16:34:41,-62,Good
2/8/22 16:34:51,-63,Good
2/8/22 16:34:56,-62,Good
2/8/22 16:35:21,-63,Good
2/8/22 16:35:36,-62,Good
2/8/22 16:35:41,-63,Good
2/8/22 16:35:46,-62,Good
2/8/22 16:35:51,-63,Good
2/8/22 16:35:56,-62,Good
2/8/22 16:36:02,-63,Good
2/8/22 16:36:32,-62,Good
2/8/22 16:36:37,-63,Good
2/8/22 16:36:52,-62,Good
2/8/22 16:36:57,-63,Good
2/8/22 16:37:02,-62,Good
2/8/22 16:37:04,-63,Good
2/8/22 16:37:12,-62,Good
2/8/22 16:37:34,-63,Good
2/8/22 16:37:42,-62,Good
2/8/22 16:37:49,-63,Good
2/8/22 16:37:57,-62,Good
2/8/22 16:38:02,-63,Good
2/8/22 16:38:17,-62,Good
2/8/22 16:38:20,-63,Good
2/8/22 16:38:32,-62,Good
2/8/22 16:38:42,-63,Good
2/8/22 16:38:50,-62,Good
2/8/22 16:38:57,-63,Good
2/8/22 16:39:02,-62,Good
2/8/22 16:39:05,-63,Good
2/8/22 16:39:12,-62,Good
2/8/22 16:39:17,-63,Good
2/8/22 16:39:20,-62,Good
2/8/22 16:39:27,-63,Good
2/8/22 16:41:25,-62,Good
2/8/22 16:41:35,-63,Good
2/8/22 16:41:40,-62,Good
2/8/22 16:41:48,-63,Good
2/8/22 16:41:51,-62,Good
2/8/22 16:41:56,-63,Good
2/8/22 16:42:48,-62,Good
2/8/22 16:42:51,-63,Good
2/8/22 16:43:46,-62,Good
2/8/22 16:43:51,-63,Good
2/8/22 16:43:56,-62,Good
2/8/22 16:44:04,-63,Good
2/8/22 16:44:06,-62,Good
2/8/22 16:44:11,-63,Good
2/8/22 16:44:16,-62,Good
2/8/22 16:44:21,-63,Good
2/8/22 16:45:17,-62,Good
2/8/22 16:45:22,-63,Good
2/8/22 16:45:42,-62,Good
2/8/22 16:45:52,-63,Good
2/8/22 16:46:02,-62,Good
2/8/22 16:46:07,-63,Good
2/8/22 16:46:19,-62,Good
2/8/22 16:46:27,-63,Good
2/8/22 16:47:57,-62,Good
2/8/22 16:48:02,-63,Good
2/8/22 16:48:50,-62,Good
2/8/22 16:48:57,-63,Good
2/8/22 16:49:05,-62,Good
2/8/22 16:49:12,-63,Good
2/8/22 16:49:33,-62,Good
2/8/22 16:49:35,-63,Good
2/8/22 16:49:50,-62,Good
2/8/22 16:50:03,-63,Good
2/8/22 16:50:20,-62,Good
2/8/22 16:50:36,-63,Good
2/8/22 16:51:25,-62,Good
2/8/22 16:51:33,-63,Good
2/8/22 16:52:34,-62,Good
2/8/22 16:52:36,-63,Good
2/8/22 16:52:51,-62,Good
2/8/22 16:53:41,-63,Good
2/8/22 16:53:46,-62,Good
2/8/22 16:56:42,-63,Good
2/8/22 16:57:17,-62,Good
2/8/22 17:02:21,-63,Good
2/8/22 17:02:26,-62,Good
2/8/22 17:03:47,-63,Good
2/8/22 17:03:57,-62,Good
2/8/22 17:04:12,-63,Good
2/8/22 17:08:33,-62,Good
2/8/22 17:08:56,-63,Good
2/8/22 17:11:06,-62,Good
2/8/22 17:11:11,-63,Good
2/8/22 17:11:16,-62,Good
2/8/22 17:17:06,-63,Good
2/8/22 17:17:20,-62,Good
2/8/22 17:17:33,-63,Good
2/8/22 17:18:48,-62,Good
2/8/22 17:20:03,-63,Good
2/8/22 17:20:06,-62,Good
2/8/22 17:20:11,-63,Good
2/8/22 17:20:37,-62,Good
2/8/22 17:22:17,-63,Good
2/8/22 17:23:27,-62,Good
2/8/22 17:24:57,-63,Good
2/8/22 17:26:36,-62,Good
2/8/22 17:26:41,-63,Good
2/8/22 17:27:18,-62,Good
2/8/22 17:27:33,-63,Good
2/8/22 17:27:36,-62,Good
2/8/22 17:27:41,-63,Good
2/8/22 17:29:11,-62,Good
2/8/22 17:29:26,-63,Good
2/8/22 17:32:02,-62,Good
2/8/22 17:32:05,-63,Good
2/8/22 17:32:12,-62,Good
2/8/22 17:32:47,-63,Good
2/8/22 17:35:10,-62,Good
2/8/22 17:35:33,-63,Good
2/8/22 17:39:02,-62,Good
2/8/22 17:39:12,-63,Good
2/8/22 18:02:56,-62,Good
2/8/22 18:03:03,-63,Good
2/8/22 18:04:06,-62,Good
2/8/22 18:04:11,-63,Good
2/8/22 18:04:41,-62,Good
2/8/22 18:04:51,-63,Good
2/8/22 18:05:11,-62,Good
2/8/22 18:05:19,-63,Good
2/8/22 18:05:31,-62,Good
2/8/22 18:06:07,-63,Good
2/8/22 18:06:12,-62,Good
2/8/22 18:07:47,-63,Good
2/8/22 18:07:50,-62,Good
2/8/22 18:14:42,-63,Good
2/8/22 18:15:27,-62,Good
2/8/22 18:18:17,-63,Good
2/8/22 18:18:48,-62,Good
2/8/22 18:21:36,-63,Good
2/8/22 18:25:27,-62,Good
2/8/22 18:27:18,-63,Good
2/8/22 18:27:58,-62,Good
2/8/22 18:28:03,-63,Good
2/8/22 18:28:13,-62,Good
2/8/22 18:28:48,-63,Good
2/8/22 18:30:11,-62,Good
2/8/22 18:30:19,-63,Good
2/8/22 18:30:36,-62,Good
2/8/22 18:30:41,-63,Good
2/8/22 18:33:04,-62,Good
2/8/22 18:33:12,-63,Good
2/8/22 18:33:22,-62,Good
2/8/22 18:33:37,-63,Good
2/8/22 18:33:47,-62,Good
2/8/22 18:35:47,-63,Good
2/8/22 18:35:50,-62,Good
2/8/22 18:35:57,-63,Good
2/8/22 18:36:43,-62,Good
2/8/22 18:37:05,-63,Good
2/8/22 18:37:13,-62,Good
2/8/22 18:37:28,-63,Good
2/8/22 18:37:33,-62,Good
2/8/22 18:37:50,-63,Good
2/8/22 18:38:10,-62,Good
2/8/22 18:38:36,-63,Good
2/8/22 18:38:40,-62,Good
2/8/22 18:39:06,-63,Good
2/8/22 18:39:18,-62,Good
2/8/22 18:39:21,-63,Good
2/8/22 18:41:01,-62,Good
2/8/22 18:41:47,-63,Good
2/8/22 18:42:47,-62,Good
2/8/22 18:42:49,-63,Good
2/8/22 18:42:57,-62,Good
2/8/22 18:43:27,-63,Good
2/8/22 18:43:37,-62,Good
2/8/22 18:43:42,-63,Good
2/8/22 18:43:47,-62,Good
2/8/22 18:43:57,-63,Good
2/8/22 18:44:05,-62,Good
2/8/22 18:44:12,-63,Good
2/8/22 18:44:17,-62,Good
2/8/22 18:44:27,-63,Good
2/8/22 18:45:42,-62,Good
2/8/22 18:46:03,-63,Good
2/8/22 18:46:35,-62,Good
2/8/22 18:47:18,-63,Good
2/8/22 18:47:33,-62,Good
2/8/22 18:48:06,-63,Good
2/8/22 18:48:11,-62,Good
2/8/22 18:49:34,-63,Good
2/8/22 18:49:36,-62,Good
2/8/22 18:49:41,-63,Good
2/8/22 18:49:49,-62,Good
2/8/22 18:49:51,-63,Good
2/8/22 18:50:16,-62,Good
2/8/22 18:50:36,-63,Good
2/8/22 18:50:42,-62,Good
2/8/22 18:50:52,-63,Good
2/8/22 18:51:47,-62,Good
2/8/22 18:52:02,-63,Good
2/8/22 18:52:12,-62,Good
2/8/22 18:52:17,-63,Good
2/8/22 18:52:20,-62,Good
2/8/22 18:52:32,-63,Good
2/8/22 18:52:47,-62,Good
2/8/22 18:52:57,-63,Good
2/8/22 18:53:02,-62,Good
2/8/22 18:53:05,-63,Good
2/8/22 18:53:17,-62,Good
2/8/22 18:53:20,-63,Good
2/8/22 18:53:27,-62,Good
2/8/22 18:53:32,-63,Good
2/8/22 19:21:12,-64,Good
2/8/22 19:21:43,-63,Good
2/8/22 19:32:21,-64,Good
2/8/22 19:32:33,-63,Good
2/8/22 19:43:04,-62,Good
2/8/22 19:43:49,-63,Good
2/8/22 19:44:01,-62,Good
2/8/22 19:44:06,-63,Good
2/8/22 19:45:57,-62,Good
2/8/22 19:46:50,-63,Good
2/8/22 19:46:57,-62,Good
2/8/22 19:47:02,-63,Good
2/8/22 19:49:41,-62,Good
2/8/22 19:50:11,-63,Good
2/8/22 19:50:18,-62,Good
2/8/22 19:50:56,-63,Good
2/8/22 19:51:49,-62,Good
2/8/22 19:52:04,-63,Good
2/8/22 19:52:21,-62,Good
2/8/22 19:52:34,-63,Good
2/8/22 19:54:47,-62,Good
2/8/22 19:54:52,-63,Good
2/8/22 20:04:17,-64,Good
2/8/22 20:04:19,-63,Good
2/8/22 20:04:27,-64,Good
2/8/22 20:04:42,-63,Good
2/8/22 20:05:27,-64,Good
2/8/22 20:05:33,-63,Good
2/8/22 20:05:35,-64,Good
2/8/22 20:05:43,-63,Good
2/8/22 20:07:36,-64,Good
2/8/22 20:07:41,-63,Good
2/8/22 20:08:18,-64,Good
2/8/22 20:08:26,-63,Good
2/8/22 20:08:48,-64,Good
2/8/22 20:10:36,-63,Good
2/8/22 20:10:41,-64,Good
2/8/22 20:12:12,-63,Good
2/8/22 20:12:57,-64,Good
2/8/22 20:13:32,-63,Good
2/8/22 20:14:12,-64,Good
2/8/22 20:14:32,-63,Good
2/8/22 20:14:35,-64,Good
2/8/22 20:14:48,-63,Good
2/8/22 20:14:50,-64,Good
2/8/22 20:18:48,-63,Good
2/8/22 20:19:36,-64,Good
2/8/22 20:19:57,-63,Good
2/8/22 20:20:04,-64,Good
2/8/22 20:20:52,-63,Good
2/8/22 20:21:07,-64,Good
2/8/22 20:25:56,-63,Good
2/8/22 20:26:03,-64,Good
2/8/22 20:26:26,-63,Good
2/8/22 20:26:33,-64,Good
2/8/22 20:26:36,-63,Good
2/8/22 20:26:41,-64,Good
2/8/22 20:26:48,-63,Good
2/8/22 20:46:04,-64,Good
2/8/22 20:46:52,-63,Good
2/8/22 20:46:56,-64,Good
2/8/22 20:47:04,-63,Good
2/8/22 20:47:42,-64,Good
2/8/22 20:47:52,-63,Good
2/8/22 20:47:57,-64,Good
2/8/22 20:48:02,-63,Good
2/8/22 20:48:12,-64,Good
2/8/22 20:48:17,-63,Good
2/8/22 20:48:22,-64,Good
2/8/22 20:48:32,-63,Good
2/8/22 20:48:42,-64,Good
2/8/22 20:48:52,-63,Good
2/8/22 20:48:57,-64,Good
2/8/22 21:10:36,-63,Good
2/8/22 21:10:48,-64,Good
2/8/22 21:10:51,-63,Good
2/8/22 21:10:56,-64,Good
2/8/22 21:12:06,-63,Good
2/8/22 21:12:49,-64,Good
2/8/22 21:19:03,-63,Good
2/8/22 21:19:26,-64,Good
2/8/22 21:21:26,-63,Good
2/8/22 21:21:34,-64,Good
2/8/22 21:22:04,-63,Good
2/8/22 21:22:06,-64,Good
2/8/22 21:22:11,-63,Good
2/8/22 21:22:19,-64,Good
2/8/22 21:22:26,-63,Good
2/8/22 21:22:34,-64,Good
2/8/22 21:23:27,-63,Good
2/8/22 21:23:32,-64,Good
2/8/22 21:51:37,-63,Good
2/8/22 21:52:04,-64,Good
2/8/22 21:53:42,-63,Good
2/8/22 21:53:48,-64,Good
2/8/22 21:54:48,-63,Good
2/8/22 22:06:51,-62,Good
2/8/22 22:07:04,-63,Good
2/8/22 22:07:49,-62,Good
2/8/22 22:08:32,-63,Good
2/8/22 22:08:42,-62,Good
2/8/22 22:13:18,-61,Good
2/8/22 22:13:20,-62,Good
2/8/22 22:13:56,-61,Good
2/8/22 22:14:18,-62,Good
2/8/22 22:14:21,-61,Good
2/8/22 22:14:26,-62,Good
2/8/22 22:14:33,-61,Good
2/8/22 22:14:41,-62,Good
2/8/22 22:14:56,-61,Good
2/8/22 22:15:41,-62,Good
2/8/22 22:15:49,-61,Good
2/8/22 22:24:56,-60,Good
2/8/22 22:25:11,-61,Good
2/8/22 22:25:19,-60,Good
2/8/22 22:31:41,-59,Good
2/8/22 22:31:51,-60,Good
2/8/22 22:31:56,-59,Good
2/8/22 22:38:58,-58,Good
2/8/22 22:43:49,-57,Good
2/8/22 22:43:57,-58,Good
2/8/22 22:44:22,-57,Good
2/8/22 22:48:43,-56,Good
2/8/22 22:53:32,-55,Good
2/8/22 22:58:03,-54,Good
2/8/22 23:02:04,-53,Good
2/8/22 23:06:13,-52,Good
2/8/22 23:10:34,-51,Good
2/8/22 23:10:41,-52,Good
2/8/22 23:10:49,-51,Good
2/8/22 23:14:48,-50,Good
2/8/22 23:18:52,-49,Good
2/8/22 23:18:56,-50,Good
2/8/22 23:19:04,-49,Good
2/8/22 23:23:02,-48,Good
2/8/22 23:26:49,-47,Good
2/8/22 23:30:50,-46,Good
2/8/22 23:34:36,-45,Good
2/8/22 23:35:41,-46,Good
2/8/22 23:35:49,-45,Good
2/8/22 23:36:06,-46,Good
2/8/22 23:36:11,-45,Good
2/8/22 23:36:21,-46,Good
2/8/22 23:36:26,-45,Good
2/8/22 23:39:52,-44,Good
2/8/22 23:43:51,-43,Good
2/8/22 23:47:32,-42,Good
2/8/22 23:51:28,-41,Good
2/8/22 23:54:57,-40,Good
2/8/22 23:55:04,-41,Good
2/8/22 23:55:12,-40,Good
2/8/22 23:58:22,-39,Good
2/9/22 00:01:21,-38,Good
2/9/22 00:01:28,-39,Good
2/9/22 00:01:33,-38,Good
2/9/22 00:01:36,-39,Good
2/9/22 00:01:49,-38,Good
2/9/22 00:01:51,-39,Good
2/9/22 00:02:21,-38,Good
2/9/22 00:03:57,-37,Good
2/9/22 00:07:48,-36,Good
2/9/22 00:08:51,-37,Good
2/9/22 00:08:58,-36,Good
2/9/22 00:09:05,-37,Good
2/9/22 00:09:13,-36,Good
2/9/22 00:09:18,-37,Good
2/9/22 00:09:33,-36,Good
2/9/22 00:12:49,-35,Good
2/9/22 00:16:35,-34,Good
2/9/22 00:20:36,-33,Good
2/9/22 00:24:07,-32,Good
2/9/22 00:27:58,-31,Good
2/9/22 00:30:04,-30,Good
2/9/22 00:31:37,-31,Good
2/9/22 00:31:49,-30,Good
2/9/22 00:35:28,-29,Good
2/9/22 00:39:34,-28,Good
2/9/22 00:39:37,-29,Good
2/9/22 00:39:42,-28,Good
2/9/22 00:43:28,-27,Good
2/9/22 00:47:34,-26,Good
2/9/22 00:49:34,-25,Good
2/9/22 00:49:37,-26,Good
2/9/22 00:50:04,-25,Good
2/9/22 00:50:07,-26,Good
2/9/22 00:50:12,-25,Good
2/9/22 00:50:17,-26,Good
2/9/22 00:50:22,-25,Good
2/9/22 00:55:28,-24,Good
2/9/22 00:55:34,-25,Good
2/9/22 00:55:43,-24,Good
2/9/22 00:59:52,-23,Good
2/9/22 01:03:58,-22,Good
2/9/22 01:07:42,-21,Good
2/9/22 01:11:33,-20,Good
2/9/22 01:16:11,-19,Good
2/9/22 01:20:18,-18,Good
2/9/22 01:23:41,-17,Good
2/9/22 01:23:49,-18,Good
2/9/22 01:23:51,-17,Good
2/9/22 01:28:20,-16,Good
2/9/22 01:28:28,-17,Good
2/9/22 01:28:48,-16,Good
2/9/22 01:28:50,-17,Good
2/9/22 01:29:03,-16,Good
2/9/22 01:32:56,-15,Good
2/9/22 01:33:04,-16,Good
2/9/22 01:33:06,-15,Good
2/9/22 01:33:11,-16,Good
2/9/22 01:33:19,-15,Good
2/9/22 01:37:27,-14,Good
2/9/22 01:37:33,-15,Good
2/9/22 01:37:43,-14,Good
2/9/22 01:40:18,-13,Good
2/9/22 01:40:21,-14,Good
2/9/22 01:40:26,-13,Good
2/9/22 01:41:26,-14,Good
2/9/22 01:41:36,-13,Good
2/9/22 01:41:41,-14,Good
2/9/22 01:41:51,-13,Good
2/9/22 01:46:28,-12,Good
2/9/22 01:51:11,-11,Good
2/9/22 01:55:58,-10,Good
2/9/22 01:58:03,-9,Good
2/9/22 01:58:33,-10,Good
2/9/22 01:58:51,-9,Good
2/9/22 01:58:56,-10,Good
2/9/22 02:00:26,-9,Good
2/9/22 02:05:43,-8,Good
2/9/22 02:11:05,-7,Good
2/9/22 02:14:48,-6,Good
2/9/22 02:21:27,-5,Good
2/9/22 02:27:04,-4,Good
2/9/22 02:31:45,-3,Good
2/9/22 02:31:58,-4,Good
2/9/22 02:32:00,-3,Good
2/9/22 02:38:07,-2,Good
2/9/22 02:40:35,-3,Good
2/9/22 02:41:20,-4,Good
2/9/22 02:42:36,-5,Good
2/9/22 02:45:02,-6,Good
2/9/22 02:51:36,-7,Good
2/9/22 03:04:29,-8,Good
2/9/22 03:04:44,-7,Good
2/9/22 03:06:27,-8,Good
2/9/22 03:06:30,-7,Good
2/9/22 03:06:42,-8,Good
2/9/22 03:06:50,-7,Good
2/9/22 03:06:57,-8,Good
2/9/22 03:20:46,-7,Good
2/9/22 03:20:51,-8,Good
2/9/22 03:21:14,-7,Good
2/9/22 03:21:21,-8,Good
2/9/22 03:21:59,-7,Good
2/9/22 03:22:07,-8,Good
2/9/22 04:12:21,-7,Good
2/9/22 04:12:28,-8,Good
2/9/22 04:12:31,-7,Good
2/9/22 04:12:43,-8,Good
2/9/22 04:13:06,-7,Good
2/9/22 04:13:11,-8,Good
2/9/22 04:27:00,-7,Good
2/9/22 04:27:07,-8,Good
2/9/22 04:27:12,-7,Good
2/9/22 04:28:50,-8,Good
2/9/22 04:29:05,-7,Good
2/9/22 04:29:13,-8,Good
2/9/22 04:42:57,-7,Good
2/9/22 04:42:59,-8,Good
2/9/22 04:43:07,-7,Good
2/9/22 04:43:12,-8,Good
2/9/22 04:44:00,-7,Good
2/9/22 05:20:07,-6,Good
2/9/22 05:20:22,-7,Good
2/9/22 05:20:27,-6,Good
2/9/22 05:23:31,-7,Good
2/9/22 05:23:43,-6,Good
2/9/22 05:23:46,-7,Good
2/9/22 05:23:51,-6,Good
2/9/22 05:24:01,-7,Good
2/9/22 05:30:00,-6,Good
2/9/22 05:30:07,-7,Good
2/9/22 05:30:43,-6,Good
2/9/22 05:30:45,-7,Good
2/9/22 05:30:53,-6,Good
2/9/22 05:30:58,-7,Good
2/9/22 05:31:23,-6,Good
2/9/22 05:31:30,-7,Good
2/9/22 05:32:01,-6,Good
2/9/22 05:32:28,-7,Good
2/9/22 05:32:31,-6,Good
2/9/22 05:32:36,-7,Good
2/9/22 05:32:43,-6,Good
2/9/22 05:32:46,-7,Good
2/9/22 05:32:51,-6,Good
2/9/22 05:34:51,-7,Good
2/9/22 05:34:59,-6,Good
2/9/22 05:42:59,-5,Good
2/9/22 05:43:01,-6,Good
2/9/22 05:52:56,-5,Good
2/9/22 05:57:13,-4,Good
2/9/22 06:01:44,-3,Good
2/9/22 06:02:57,-4,Good
2/9/22 06:03:02,-3,Good
2/9/22 06:03:17,-4,Good
2/9/22 06:03:32,-3,Good
2/9/22 06:03:37,-4,Good
2/9/22 06:06:15,-3,Good
2/9/22 06:17:43,-2,Good
2/9/22 06:23:07,-1,Good
2/9/22 06:23:12,-2,Good
2/9/22 06:23:27,-1,Good
2/9/22 06:24:28,-2,Good
2/9/22 06:24:30,-1,Good
2/9/22 06:24:45,-2,Good
2/9/22 06:24:58,-1,Good
2/9/22 06:25:08,-2,Good
2/9/22 06:28:26,-1,Good
2/9/22 06:28:31,-2,Good
2/9/22 06:28:36,-1,Good
2/9/22 06:28:46,-2,Good
2/9/22 06:28:51,-1,Good
2/9/22 06:38:52,0,Good
2/9/22 06:38:57,-1,Good
2/9/22 06:39:12,0,Good
2/9/22 06:39:32,-1,Good
2/9/22 06:39:37,0,Good
2/9/22 06:39:42,-1,Good
2/9/22 06:39:45,0,Good
2/9/22 06:44:36,1,Good
2/9/22 06:44:43,0,Good
2/9/22 06:44:58,1,Good
2/9/22 06:47:27,0,Good
2/9/22 06:47:42,1,Good
2/9/22 06:47:47,0,Good
2/9/22 06:50:30,1,Good
2/9/22 06:50:38,0,Good
2/9/22 06:50:42,1,Good
2/9/22 07:02:43,2,Good
2/9/22 07:02:59,1,Good
2/9/22 07:03:01,2,Good
2/9/22 07:11:13,3,Good
2/9/22 07:11:16,2,Good
2/9/22 07:18:28,3,Good
2/9/22 07:18:30,2,Good
2/9/22 07:18:53,3,Good
2/9/22 07:26:27,4,Good
2/9/22 07:26:30,3,Good
2/9/22 07:26:38,4,Good
2/9/22 07:34:02,3,Good
2/9/22 07:34:07,4,Good
2/9/22 07:34:12,3,Good
2/9/22 07:34:14,4,Good
2/9/22 07:46:00,5,Good
2/9/22 07:46:28,4,Good
2/9/22 07:46:30,5,Good
2/9/22 07:46:38,4,Good
2/9/22 07:54:23,3,Good
2/9/22 07:54:28,4,Good
2/9/22 07:54:43,3,Good
2/9/22 07:55:08,4,Good
2/9/22 07:55:13,3,Good
2/9/22 08:05:06,4,Good
2/9/22 08:05:13,3,Good
2/9/22 08:05:21,4,Good
2/9/22 08:14:44,3,Good
2/9/22 08:14:58,4,Good
2/9/22 08:15:01,3,Good
2/9/22 08:24:59,4,Good
2/9/22 08:25:07,3,Good
2/9/22 08:25:14,4,Good
2/9/22 09:02:44,5,Good
2/9/22 09:02:47,4,Good
2/9/22 09:03:02,5,Good
2/9/22 09:03:07,4,Good
2/9/22 09:03:17,5,Good
2/9/22 09:03:22,4,Good
2/9/22 09:03:42,5,Good
2/9/22 09:03:47,4,Good
2/9/22 09:03:57,5,Good
2/9/22 09:04:02,4,Good
2/9/22 09:04:07,5,Good
2/9/22 09:04:37,4,Good
2/9/22 09:04:43,5,Good
2/9/22 09:04:45,4,Good
2/9/22 09:04:52,5,Good
2/9/22 09:14:45,4,Good
2/9/22 09:23:08,5,Good
2/9/22 09:23:45,4,Good
2/9/22 09:23:53,5,Good
2/9/22 09:50:15,4,Good
2/9/22 09:51:53,3,Good
2/9/22 09:53:36,2,Good
2/9/22 09:56:42,1,Good
2/9/22 10:05:14,0,Good
2/9/22 10:05:22,1,Good
2/9/22 10:05:27,0,Good
2/9/22 10:05:32,1,Good
2/9/22 10:05:37,0,Good
2/9/22 10:07:13,-1,Good
2/9/22 10:10:44,-2,Good
2/9/22 10:10:59,-1,Good
2/9/22 10:11:36,-2,Good
2/9/22 10:13:42,-3,Good
2/9/22 10:30:29,-4,Good
2/9/22 10:30:51,-3,Good
2/9/22 10:30:59,-4,Good
2/9/22 10:31:02,-3,Good
2/9/22 10:31:06,-4,Good
2/9/22 10:31:32,-3,Good
2/9/22 10:31:37,-4,Good
2/9/22 10:32:02,-3,Good
2/9/22 10:32:07,-4,Good
2/9/22 10:32:52,-3,Good
2/9/22 10:32:57,-4,Good
2/9/22 10:33:02,-3,Good
2/9/22 10:33:12,-4,Good
2/9/22 10:33:17,-3,Good
2/9/22 10:33:22,-4,Good
2/9/22 10:33:27,-3,Good
2/9/22 10:33:37,-4,Good
2/9/22 10:33:42,-3,Good
2/9/22 10:33:52,-4,Good
2/9/22 10:33:58,-3,Good
2/9/22 10:34:00,-4,Good
2/9/22 10:34:07,-3,Good
2/9/22 10:34:17,-4,Good
2/9/22 10:34:53,-3,Good
2/9/22 10:34:58,-4,Good
2/9/22 10:35:08,-3,Good
2/9/22 10:35:45,-4,Good
2/9/22 10:35:58,-3,Good
2/9/22 10:36:16,-4,Good
2/9/22 10:36:23,-3,Good
2/9/22 10:36:46,-4,Good
2/9/22 10:36:53,-3,Good
2/9/22 10:36:58,-4,Good
2/9/22 10:37:01,-3,Good
2/9/22 10:37:13,-4,Good
2/9/22 10:37:21,-3,Good
2/9/22 10:44:08,-2,Good
2/9/22 10:44:15,-3,Good
2/9/22 10:44:53,-2,Good
2/9/22 10:44:58,-3,Good
2/9/22 10:46:36,-2,Good
2/9/22 10:46:46,-3,Good
2/9/22 10:47:06,-2,Good
2/9/22 10:47:13,-3,Good
2/9/22 10:47:31,-2,Good
2/9/22 10:47:36,-3,Good
2/9/22 10:47:46,-2,Good
2/9/22 10:48:06,-3,Good
2/9/22 10:48:13,-2,Good
2/9/22 10:48:21,-3,Good
2/9/22 10:48:31,-2,Good
2/9/22 10:48:36,-3,Good
2/9/22 10:48:44,-2,Good
2/9/22 10:48:46,-3,Good
2/9/22 10:49:44,-2,Good
2/9/22 10:50:07,-3,Good
2/9/22 10:50:17,-2,Good
2/9/22 10:50:27,-3,Good
2/9/22 10:53:23,-2,Good
2/9/22 10:53:38,-3,Good
2/9/22 10:53:43,-2,Good
2/9/22 10:56:31,-1,Good
2/9/22 10:56:36,-2,Good
2/9/22 10:56:59,-1,Good
2/9/22 11:01:22,0,Good
2/9/22 11:02:15,1,Good
2/9/22 11:03:08,2,Good
2/9/22 11:04:16,3,Good
2/9/22 11:04:23,2,Good
2/9/22 11:04:28,3,Good
2/9/22 11:06:32,4,Good
2/9/22 11:06:37,3,Good
2/9/22 11:06:59,4,Good
2/9/22 11:12:00,5,Good
2/9/22 11:12:08,4,Good
2/9/22 11:14:29,5,Good
2/9/22 11:17:14,6,Good
2/9/22 11:17:17,5,Good
2/9/22 11:17:22,6,Good
2/9/22 11:17:27,5,Good
2/9/22 11:17:32,6,Good
2/9/22 11:17:47,5,Good
2/9/22 11:17:52,6,Good
2/9/22 11:23:06,7,Good
2/9/22 11:31:46,8,Good
2/9/22 11:31:51,7,Good
2/9/22 11:31:58,8,Good
2/9/22 11:32:06,7,Good
2/9/22 11:32:14,8,Good
2/9/22 11:33:51,7,Good
2/9/22 11:34:14,8,Good
2/9/22 11:34:16,7,Good
2/9/22 11:35:47,8,Good
2/9/22 11:35:52,7,Good
2/9/22 11:36:02,8,Good
2/9/22 11:36:07,7,Good
2/9/22 11:36:12,8,Good
2/9/22 11:41:23,9,Good
2/9/22 11:52:32,10,Good
2/9/22 12:28:22,11,Good
2/9/22 12:28:39,10,Good
2/9/22 12:28:52,11,Good
2/9/22 12:28:55,10,Good
2/9/22 12:29:02,11,Good
2/9/22 12:48:18,10,Good
2/9/22 13:05:25,11,Good
2/9/22 13:10:01,12,Good
2/9/22 13:10:26,11,Good
2/9/22 13:14:17,12,Good
2/9/22 13:15:40,13,Good
2/9/22 13:16:25,12,Good
2/9/22 13:21:12,13,Good
2/9/22 13:25:08,12,Good
2/9/22 13:25:10,13,Good
2/9/22 13:26:46,12,Good
2/9/22 13:26:53,13,Good
2/9/22 13:33:53,14,Good
2/9/22 13:34:45,13,Good
2/9/22 13:34:53,14,Good
2/9/22 13:34:55,13,Good
2/9/22 13:35:31,14,Good
2/9/22 13:37:56,13,Good
2/9/22 13:41:02,14,Good
2/9/22 13:50:40,15,Good
2/9/22 13:51:02,32767,Good
2/9/22 14:51:06,32767,Good
2/9/22 15:51:08,32767,Good
