SoUp (deg c),,
Timestamp,Value,Quality
2/7/22 00:04:55,22,Good
2/7/22 00:05:00,21,Good
2/7/22 00:05:08,22,Good
2/7/22 00:05:10,21,Good
2/7/22 00:06:01,22,Good
2/7/22 00:06:08,21,Good
2/7/22 00:06:16,22,Good
2/7/22 00:06:23,21,Good
2/7/22 00:07:26,22,Good
2/7/22 00:07:31,21,Good
2/7/22 00:07:54,22,Good
2/7/22 00:08:01,21,Good
2/7/22 00:08:09,22,Good
2/7/22 00:08:11,21,Good
2/7/22 00:08:16,22,Good
2/7/22 00:08:22,21,Good
2/7/22 00:18:47,22,Good
2/7/22 00:18:52,21,Good
2/7/22 00:18:54,22,Good
2/7/22 00:19:02,21,Good
2/7/22 00:19:47,22,Good
2/7/22 00:19:52,21,Good
2/7/22 00:21:55,21,Good
2/7/22 00:22:00,-41,Good
2/7/22 00:22:08,-53,Good
2/7/22 00:22:10,-55,Good
2/7/22 00:22:18,-57,Good
2/7/22 00:22:23,-39,Good
2/7/22 00:22:25,-32,Good
2/7/22 00:22:33,-18,Good
2/7/22 00:22:38,-11,Good
2/7/22 00:22:40,-8,Good
2/7/22 00:22:46,-3,Good
2/7/22 00:22:53,1,Good
2/7/22 00:22:56,2,Good
2/7/22 00:23:08,3,Good
2/7/22 00:23:10,4,Good
2/7/22 00:23:15,6,Good
2/7/22 00:23:23,8,Good
2/7/22 00:23:25,9,Good
2/7/22 00:23:30,10,Good
2/7/22 00:23:38,11,Good
2/7/22 00:23:53,12,Good
2/7/22 00:24:08,13,Good
2/7/22 00:24:46,14,Good
2/7/22 00:25:24,15,Good
2/7/22 00:26:41,16,Good
2/7/22 00:26:56,17,Good
2/7/22 00:27:01,16,Good
2/7/22 00:27:12,17,Good
2/7/22 00:28:37,18,Good
2/7/22 00:29:07,19,Good
2/7/22 00:29:55,20,Good
2/7/22 00:30:02,19,Good
2/7/22 00:30:18,20,Good
2/7/22 00:30:33,19,Good
2/7/22 00:30:38,20,Good
2/7/22 00:32:38,21,Good
2/7/22 00:32:41,20,Good
2/7/22 00:32:46,21,Good
2/7/22 00:41:56,22,Good
2/7/22 00:42:01,21,Good
2/7/22 00:44:01,22,Good
2/7/22 00:44:06,21,Good
2/7/22 00:54:32,20,Good
2/7/22 00:54:37,21,Good
2/7/22 01:23:22,20,Good
2/7/22 01:23:25,21,Good
2/7/22 01:37:54,20,Good
2/7/22 01:37:56,21,Good
2/7/22 01:38:42,20,Good
2/7/22 01:38:47,21,Good
2/7/22 02:17:32,22,Good
2/7/22 02:17:38,21,Good
2/7/22 02:21:38,22,Good
2/7/22 02:21:41,21,Good
2/7/22 02:52:52,22,Good
2/7/22 02:52:55,21,Good
2/7/22 02:54:55,22,Good
2/7/22 02:55:03,21,Good
2/7/22 02:55:33,22,Good
2/7/22 02:55:38,21,Good
2/7/22 02:56:56,22,Good
2/7/22 02:57:01,21,Good
2/7/22 03:13:48,20,Good
2/7/22 03:13:53,21,Good
2/7/22 03:14:46,20,Good
2/7/22 03:14:53,21,Good
2/7/22 03:22:40,20,Good
2/7/22 03:22:46,21,Good
2/7/22 03:30:40,20,Good
2/7/22 03:30:48,21,Good
2/7/22 03:36:42,20,Good
2/7/22 03:36:47,21,Good
2/7/22 03:39:48,20,Good
2/7/22 03:39:53,21,Good
2/7/22 03:41:56,20,Good
2/7/22 03:42:01,21,Good
2/7/22 03:46:42,20,Good
2/7/22 03:46:47,21,Good
2/7/22 03:48:25,20,Good
2/7/22 03:48:33,21,Good
2/7/22 03:49:18,20,Good
2/7/22 03:49:23,21,Good
2/7/22 03:52:46,20,Good
2/7/22 03:52:54,21,Good
2/7/22 03:55:27,20,Good
2/7/22 03:55:32,21,Good
2/7/22 03:56:25,20,Good
2/7/22 03:56:32,21,Good
2/7/22 03:57:10,20,Good
2/7/22 03:57:18,21,Good
2/7/22 04:01:42,20,Good
2/7/22 04:01:47,21,Good
2/7/22 04:09:46,20,Good
2/7/22 04:09:54,21,Good
2/7/22 04:12:07,20,Good
2/7/22 04:12:12,21,Good
2/7/22 04:13:07,20,Good
2/7/22 04:13:12,21,Good
2/7/22 04:13:37,20,Good
2/7/22 04:13:42,21,Good
2/7/22 04:16:38,20,Good
2/7/22 04:16:41,21,Good
2/7/22 04:17:11,20,Good
2/7/22 04:17:16,21,Good
2/7/22 04:18:16,20,Good
2/7/22 04:18:24,21,Good
2/7/22 04:18:41,20,Good
2/7/22 04:18:46,21,Good
2/7/22 04:20:02,20,Good
2/7/22 04:20:09,21,Good
2/7/22 04:20:17,20,Good
2/7/22 04:20:22,21,Good
2/7/22 04:21:37,20,Good
2/7/22 04:21:42,21,Good
2/7/22 04:21:47,20,Good
2/7/22 04:21:52,21,Good
2/7/22 04:23:10,20,Good
2/7/22 04:23:17,21,Good
2/7/22 04:23:23,20,Good
2/7/22 04:23:25,21,Good
2/7/22 04:25:56,20,Good
2/7/22 04:26:01,21,Good
2/7/22 04:27:24,20,Good
2/7/22 04:27:26,21,Good
2/7/22 04:27:39,20,Good
2/7/22 04:27:41,21,Good
2/7/22 04:29:17,20,Good
2/7/22 04:29:22,21,Good
2/7/22 04:29:37,20,Good
2/7/22 04:29:42,21,Good
2/7/22 04:29:47,20,Good
2/7/22 04:29:54,21,Good
2/7/22 04:30:02,20,Good
2/7/22 04:30:12,21,Good
2/7/22 04:30:22,20,Good
2/7/22 04:30:27,21,Good
2/7/22 04:30:47,20,Good
2/7/22 04:30:52,21,Good
2/7/22 04:31:32,20,Good
2/7/22 04:31:40,21,Good
2/7/22 04:32:03,20,Good
2/7/22 04:32:10,21,Good
2/7/22 04:33:23,20,Good
2/7/22 04:33:25,21,Good
2/7/22 04:33:33,20,Good
2/7/22 04:33:41,21,Good
2/7/22 04:34:26,20,Good
2/7/22 04:34:38,21,Good
2/7/22 04:35:01,20,Good
2/7/22 04:35:11,21,Good
2/7/22 04:35:24,20,Good
2/7/22 04:35:26,21,Good
2/7/22 04:35:46,20,Good
2/7/22 04:35:53,21,Good
2/7/22 04:36:26,20,Good
2/7/22 04:36:31,21,Good
2/7/22 04:36:41,20,Good
2/7/22 04:36:54,21,Good
2/7/22 04:36:56,20,Good
2/7/22 04:37:09,21,Good
2/7/22 04:37:27,20,Good
2/7/22 04:37:32,21,Good
2/7/22 04:37:39,20,Good
2/7/22 04:37:46,21,Good
2/7/22 04:37:54,20,Good
2/7/22 04:38:02,21,Good
2/7/22 04:38:24,20,Good
2/7/22 04:38:27,21,Good
2/7/22 04:38:47,20,Good
2/7/22 04:38:52,21,Good
2/7/22 04:39:07,20,Good
2/7/22 04:39:17,21,Good
2/7/22 04:39:27,20,Good
2/7/22 04:39:32,21,Good
2/7/22 04:39:52,20,Good
2/7/22 04:39:57,21,Good
2/7/22 04:40:03,20,Good
2/7/22 04:40:08,21,Good
2/7/22 04:40:17,20,Good
2/7/22 04:40:22,21,Good
2/7/22 04:40:47,20,Good
2/7/22 04:40:55,21,Good
2/7/22 04:41:02,20,Good
2/7/22 04:41:07,21,Good
2/7/22 04:41:18,20,Good
2/7/22 04:41:23,21,Good
2/7/22 04:41:33,20,Good
2/7/22 04:41:38,21,Good
2/7/22 04:41:48,20,Good
2/7/22 04:41:53,21,Good
2/7/22 04:42:08,20,Good
2/7/22 04:42:10,21,Good
2/7/22 04:42:23,20,Good
2/7/22 04:42:33,21,Good
2/7/22 04:43:08,20,Good
2/7/22 04:43:18,21,Good
2/7/22 04:43:26,20,Good
2/7/22 04:43:31,21,Good
2/7/22 04:43:46,20,Good
2/7/22 04:44:01,21,Good
2/7/22 04:44:31,20,Good
2/7/22 04:44:39,21,Good
2/7/22 04:44:56,20,Good
2/7/22 04:45:01,21,Good
2/7/22 04:45:31,20,Good
2/7/22 04:45:39,21,Good
2/7/22 04:45:54,20,Good
2/7/22 04:45:57,21,Good
2/7/22 04:46:17,20,Good
2/7/22 04:46:24,21,Good
2/7/22 04:46:39,20,Good
2/7/22 04:46:42,21,Good
2/7/22 04:46:57,20,Good
2/7/22 04:47:02,21,Good
2/7/22 04:47:12,20,Good
2/7/22 04:47:17,21,Good
2/7/22 04:47:42,20,Good
2/7/22 04:47:47,21,Good
2/7/22 04:48:02,20,Good
2/7/22 04:48:07,21,Good
2/7/22 04:48:17,20,Good
2/7/22 04:48:27,21,Good
2/7/22 04:49:17,20,Good
2/7/22 04:49:55,21,Good
2/7/22 04:50:18,20,Good
2/7/22 04:50:25,21,Good
2/7/22 04:50:40,20,Good
2/7/22 04:50:48,21,Good
2/7/22 04:51:03,20,Good
2/7/22 04:51:08,21,Good
2/7/22 04:51:23,20,Good
2/7/22 04:51:26,21,Good
2/7/22 04:51:48,20,Good
2/7/22 04:51:53,21,Good
2/7/22 04:52:03,20,Good
2/7/22 04:52:08,21,Good
2/7/22 04:52:38,20,Good
2/7/22 04:52:41,21,Good
2/7/22 04:52:56,20,Good
2/7/22 04:53:03,21,Good
2/7/22 04:53:16,20,Good
2/7/22 04:53:23,21,Good
2/7/22 04:53:31,20,Good
2/7/22 04:53:38,21,Good
2/7/22 04:54:09,20,Good
2/7/22 04:54:11,21,Good
2/7/22 04:54:39,20,Good
2/7/22 04:54:47,21,Good
2/7/22 04:54:54,20,Good
2/7/22 04:54:57,21,Good
2/7/22 04:55:09,20,Good
2/7/22 04:55:16,21,Good
2/7/22 04:55:24,20,Good
2/7/22 04:55:31,21,Good
2/7/22 04:55:42,20,Good
2/7/22 04:55:47,21,Good
2/7/22 04:56:27,20,Good
2/7/22 04:56:32,21,Good
2/7/22 04:57:02,20,Good
2/7/22 04:57:12,21,Good
2/7/22 04:57:17,20,Good
2/7/22 04:57:22,21,Good
2/7/22 04:57:52,20,Good
2/7/22 04:57:57,21,Good
2/7/22 04:58:02,20,Good
2/7/22 04:58:07,21,Good
2/7/22 04:58:12,20,Good
2/7/22 04:58:17,21,Good
2/7/22 04:59:07,20,Good
2/7/22 04:59:10,21,Good
2/7/22 04:59:38,20,Good
2/7/22 04:59:40,21,Good
2/7/22 04:59:55,20,Good
2/7/22 05:00:03,21,Good
2/7/22 05:00:38,20,Good
2/7/22 05:00:48,21,Good
2/7/22 05:01:11,20,Good
2/7/22 05:01:18,21,Good
2/7/22 05:02:11,20,Good
2/7/22 05:02:16,21,Good
2/7/22 05:03:26,20,Good
2/7/22 05:03:31,21,Good
2/7/22 05:03:39,20,Good
2/7/22 05:03:41,21,Good
2/7/22 05:03:46,20,Good
2/7/22 05:03:54,21,Good
2/7/22 05:03:56,20,Good
2/7/22 05:04:09,21,Good
2/7/22 05:04:16,20,Good
2/7/22 05:04:26,21,Good
2/7/22 05:04:32,20,Good
2/7/22 05:04:39,21,Good
2/7/22 05:04:57,20,Good
2/7/22 05:05:09,21,Good
2/7/22 05:05:17,20,Good
2/7/22 05:05:24,21,Good
2/7/22 05:05:47,20,Good
2/7/22 05:05:57,21,Good
2/7/22 05:06:12,20,Good
2/7/22 05:06:17,21,Good
2/7/22 05:06:27,20,Good
2/7/22 05:06:32,21,Good
2/7/22 05:06:52,20,Good
2/7/22 05:07:07,21,Good
2/7/22 05:07:12,20,Good
2/7/22 05:07:22,21,Good
2/7/22 05:07:32,20,Good
2/7/22 05:07:37,21,Good
2/7/22 05:08:18,20,Good
2/7/22 05:08:23,21,Good
2/7/22 05:08:33,20,Good
2/7/22 05:08:38,21,Good
2/7/22 05:10:11,20,Good
2/7/22 05:10:18,21,Good
2/7/22 05:10:38,20,Good
2/7/22 05:10:41,21,Good
2/7/22 05:11:26,20,Good
2/7/22 05:11:31,21,Good
2/7/22 05:13:42,20,Good
2/7/22 05:13:47,21,Good
2/7/22 05:14:02,20,Good
2/7/22 05:14:07,21,Good
2/7/22 05:15:12,20,Good
2/7/22 05:15:17,21,Good
2/7/22 05:15:52,20,Good
2/7/22 05:15:57,21,Good
2/7/22 05:17:10,20,Good
2/7/22 05:17:17,21,Good
2/7/22 05:17:25,20,Good
2/7/22 05:17:33,21,Good
2/7/22 05:17:40,20,Good
2/7/22 05:17:48,21,Good
2/7/22 05:18:18,20,Good
2/7/22 05:18:33,21,Good
2/7/22 05:19:03,20,Good
2/7/22 05:19:08,21,Good
2/7/22 05:20:39,20,Good
2/7/22 05:20:46,21,Good
2/7/22 05:22:24,20,Good
2/7/22 05:22:26,21,Good
2/7/22 05:23:22,20,Good
2/7/22 05:23:27,21,Good
2/7/22 05:23:42,20,Good
2/7/22 05:23:52,21,Good
2/7/22 05:24:22,20,Good
2/7/22 05:24:27,21,Good
2/7/22 05:25:22,20,Good
2/7/22 05:25:27,21,Good
2/7/22 05:25:32,20,Good
2/7/22 05:25:37,21,Good
2/7/22 05:26:03,20,Good
2/7/22 05:26:07,21,Good
2/7/22 05:27:18,20,Good
2/7/22 05:27:23,21,Good
2/7/22 05:27:33,20,Good
2/7/22 05:27:38,21,Good
2/7/22 05:28:23,20,Good
2/7/22 05:28:26,21,Good
2/7/22 05:28:53,20,Good
2/7/22 05:28:56,21,Good
2/7/22 05:29:11,20,Good
2/7/22 05:29:23,21,Good
2/7/22 05:30:26,20,Good
2/7/22 05:30:31,21,Good
2/7/22 05:31:01,20,Good
2/7/22 05:31:09,21,Good
2/7/22 05:31:17,20,Good
2/7/22 05:31:24,21,Good
2/7/22 05:32:24,20,Good
2/7/22 05:32:27,21,Good
2/7/22 05:33:47,20,Good
2/7/22 05:33:52,21,Good
2/7/22 05:35:40,20,Good
2/7/22 05:35:48,21,Good
2/7/22 05:35:53,20,Good
2/7/22 05:35:55,21,Good
2/7/22 05:36:03,20,Good
2/7/22 05:36:08,21,Good
2/7/22 05:37:03,20,Good
2/7/22 05:37:08,21,Good
2/7/22 05:37:41,20,Good
2/7/22 05:37:48,21,Good
2/7/22 05:38:54,20,Good
2/7/22 05:38:56,21,Good
2/7/22 05:39:12,20,Good
2/7/22 05:39:24,21,Good
2/7/22 05:39:46,20,Good
2/7/22 05:39:56,21,Good
2/7/22 05:40:01,20,Good
2/7/22 05:40:09,21,Good
2/7/22 05:40:32,20,Good
2/7/22 05:40:39,21,Good
2/7/22 05:41:12,20,Good
2/7/22 05:41:17,21,Good
2/7/22 05:41:52,20,Good
2/7/22 05:41:57,21,Good
2/7/22 05:42:12,20,Good
2/7/22 05:42:32,21,Good
2/7/22 05:42:52,20,Good
2/7/22 05:43:02,21,Good
2/7/22 05:43:07,20,Good
2/7/22 05:43:17,21,Good
2/7/22 05:43:25,20,Good
2/7/22 05:43:38,21,Good
2/7/22 05:43:42,20,Good
2/7/22 05:43:47,21,Good
2/7/22 05:43:52,20,Good
2/7/22 05:44:10,21,Good
2/7/22 05:44:23,20,Good
2/7/22 05:44:40,21,Good
2/7/22 05:44:48,20,Good
2/7/22 05:44:55,21,Good
2/7/22 05:45:18,20,Good
2/7/22 05:45:38,21,Good
2/7/22 05:45:48,20,Good
2/7/22 05:45:56,21,Good
2/7/22 05:46:10,20,Good
2/7/22 05:46:18,21,Good
2/7/22 05:46:23,20,Good
2/7/22 05:46:33,21,Good
2/7/22 05:46:38,20,Good
2/7/22 05:46:53,21,Good
2/7/22 05:47:08,20,Good
2/7/22 05:47:18,21,Good
2/7/22 05:47:23,20,Good
2/7/22 05:47:26,21,Good
2/7/22 05:47:39,20,Good
2/7/22 05:48:09,21,Good
2/7/22 05:48:11,20,Good
2/7/22 05:48:41,21,Good
2/7/22 05:48:46,20,Good
2/7/22 05:49:09,21,Good
2/7/22 05:49:11,20,Good
2/7/22 05:49:27,21,Good
2/7/22 05:49:32,20,Good
2/7/22 05:50:02,21,Good
2/7/22 05:50:12,20,Good
2/7/22 05:51:12,21,Good
2/7/22 05:51:17,20,Good
2/7/22 05:51:37,21,Good
2/7/22 05:51:47,20,Good
2/7/22 05:52:53,21,Good
2/7/22 05:52:55,20,Good
2/7/22 05:53:23,21,Good
2/7/22 05:53:25,20,Good
2/7/22 05:53:38,21,Good
2/7/22 05:53:40,20,Good
2/7/22 05:54:25,21,Good
2/7/22 05:54:33,20,Good
2/7/22 05:56:11,21,Good
2/7/22 05:56:16,20,Good
2/7/22 05:56:24,21,Good
2/7/22 05:56:26,20,Good
2/7/22 06:01:32,21,Good
2/7/22 06:01:37,20,Good
2/7/22 06:03:03,21,Good
2/7/22 06:03:10,20,Good
2/7/22 06:03:38,21,Good
2/7/22 06:03:41,20,Good
2/7/22 06:05:46,21,Good
2/7/22 06:05:54,20,Good
2/7/22 06:06:31,21,Good
2/7/22 06:06:39,20,Good
2/7/22 06:10:12,21,Good
2/7/22 06:10:17,20,Good
2/7/22 06:10:47,21,Good
2/7/22 06:10:53,20,Good
2/7/22 06:10:55,21,Good
2/7/22 06:11:08,20,Good
2/7/22 06:11:10,21,Good
2/7/22 06:11:25,20,Good
2/7/22 06:11:33,21,Good
2/7/22 06:12:03,20,Good
2/7/22 06:12:08,21,Good
2/7/22 06:12:48,20,Good
2/7/22 06:12:56,21,Good
2/7/22 06:13:08,20,Good
2/7/22 06:13:48,21,Good
2/7/22 06:13:54,20,Good
2/7/22 06:14:01,21,Good
2/7/22 06:14:09,20,Good
2/7/22 06:14:11,21,Good
2/7/22 06:14:16,20,Good
2/7/22 06:14:31,21,Good
2/7/22 06:14:38,20,Good
2/7/22 06:16:12,21,Good
2/7/22 06:16:17,20,Good
2/7/22 06:16:39,21,Good
2/7/22 06:16:42,20,Good
2/7/22 06:16:47,21,Good
2/7/22 06:16:54,20,Good
2/7/22 06:17:24,21,Good
2/7/22 06:17:32,20,Good
2/7/22 06:17:37,21,Good
2/7/22 06:17:42,20,Good
2/7/22 06:18:07,21,Good
2/7/22 06:18:17,20,Good
2/7/22 06:18:52,21,Good
2/7/22 06:18:55,20,Good
2/7/22 06:19:02,21,Good
2/7/22 06:19:25,20,Good
2/7/22 06:19:40,21,Good
2/7/22 06:19:53,20,Good
2/7/22 06:19:55,21,Good
2/7/22 06:20:03,20,Good
2/7/22 06:21:11,21,Good
2/7/22 06:21:18,20,Good
2/7/22 06:21:38,21,Good
2/7/22 06:21:48,20,Good
2/7/22 06:22:08,21,Good
2/7/22 06:22:18,20,Good
2/7/22 06:22:41,21,Good
2/7/22 06:23:01,20,Good
2/7/22 06:23:11,21,Good
2/7/22 06:23:18,20,Good
2/7/22 06:23:33,21,Good
2/7/22 06:24:01,20,Good
2/7/22 06:24:11,21,Good
2/7/22 06:29:55,22,Good
2/7/22 06:30:03,21,Good
2/7/22 07:30:07,21,Good
2/7/22 08:08:40,22,Good
2/7/22 08:08:48,21,Good
2/7/22 08:09:18,22,Good
2/7/22 08:09:23,21,Good
2/7/22 08:09:33,22,Good
2/7/22 08:09:38,21,Good
2/7/22 08:10:11,22,Good
2/7/22 08:10:18,21,Good
2/7/22 08:13:57,22,Good
2/7/22 08:14:02,21,Good
2/7/22 08:14:27,22,Good
2/7/22 08:14:32,21,Good
2/7/22 08:14:37,22,Good
2/7/22 08:14:47,21,Good
2/7/22 08:15:02,22,Good
2/7/22 09:15:06,22,Good
2/7/22 09:57:48,21,Good
2/7/22 09:59:56,20,Good
2/7/22 10:03:35,19,Good
2/7/22 10:14:33,18,Good
2/7/22 10:15:03,19,Good
2/7/22 10:15:18,18,Good
2/7/22 10:36:27,17,Good
2/7/22 10:36:32,18,Good
2/7/22 10:36:42,17,Good
2/7/22 10:36:57,18,Good
2/7/22 10:37:07,17,Good
2/7/22 10:37:22,18,Good
2/7/22 10:37:27,17,Good
2/7/22 10:52:26,16,Good
2/7/22 10:52:34,17,Good
2/7/22 10:52:56,16,Good
2/7/22 10:53:04,17,Good
2/7/22 10:53:06,16,Good
2/7/22 10:56:27,17,Good
2/7/22 10:56:43,16,Good
2/7/22 10:56:48,17,Good
2/7/22 10:56:50,16,Good
2/7/22 10:56:58,17,Good
2/7/22 10:58:48,16,Good
2/7/22 10:58:56,17,Good
2/7/22 10:59:05,16,Good
2/7/22 11:18:41,17,Good
2/7/22 11:18:48,16,Good
2/7/22 11:22:57,17,Good
2/7/22 11:23:02,16,Good
2/7/22 11:26:03,17,Good
2/7/22 11:26:05,16,Good
2/7/22 11:26:11,17,Good
2/7/22 11:26:18,16,Good
2/7/22 11:26:26,17,Good
2/7/22 11:26:33,16,Good
2/7/22 11:26:36,17,Good
2/7/22 11:26:51,16,Good
2/7/22 11:27:41,17,Good
2/7/22 11:27:51,16,Good
2/7/22 11:28:34,17,Good
2/7/22 11:28:36,16,Good
2/7/22 11:29:16,17,Good
2/7/22 11:29:21,16,Good
2/7/22 11:29:37,17,Good
2/7/22 11:29:47,16,Good
2/7/22 11:29:56,17,Good
2/7/22 11:30:01,16,Good
2/7/22 11:30:06,17,Good
2/7/22 11:30:12,16,Good
2/7/22 11:30:17,17,Good
2/7/22 11:30:37,16,Good
2/7/22 11:30:47,17,Good
2/7/22 11:31:02,16,Good
2/7/22 11:31:07,17,Good
2/7/22 12:09:18,18,Good
2/7/22 12:09:20,17,Good
2/7/22 12:09:28,18,Good
2/7/22 12:40:49,19,Good
2/7/22 12:40:51,18,Good
2/7/22 12:41:01,19,Good
2/7/22 12:41:06,18,Good
2/7/22 12:41:12,19,Good
2/7/22 13:20:43,20,Good
2/7/22 13:20:48,19,Good
2/7/22 13:21:28,20,Good
2/7/22 13:22:51,19,Good
2/7/22 13:22:56,20,Good
2/7/22 13:38:18,21,Good
2/7/22 13:38:27,20,Good
2/7/22 13:39:28,21,Good
2/7/22 13:39:48,20,Good
2/7/22 13:39:50,21,Good
2/7/22 13:39:58,20,Good
2/7/22 13:40:06,21,Good
2/7/22 13:40:13,20,Good
2/7/22 13:40:28,21,Good
2/7/22 13:40:43,20,Good
2/7/22 13:40:48,21,Good
2/7/22 13:40:51,20,Good
2/7/22 13:41:11,21,Good
2/7/22 13:41:21,20,Good
2/7/22 13:41:26,21,Good
2/7/22 13:41:33,20,Good
2/7/22 13:41:36,21,Good
2/7/22 13:41:56,20,Good
2/7/22 13:42:11,21,Good
2/7/22 13:42:21,20,Good
2/7/22 13:56:12,21,Good
2/7/22 13:56:17,20,Good
2/7/22 13:56:27,21,Good
2/7/22 13:56:33,20,Good
2/7/22 13:56:35,21,Good
2/7/22 13:56:43,20,Good
2/7/22 13:56:47,21,Good
2/7/22 13:56:50,20,Good
2/7/22 13:56:58,21,Good
2/7/22 14:06:18,20,Good
2/7/22 14:06:20,21,Good
2/7/22 14:06:48,20,Good
2/7/22 14:06:51,21,Good
2/7/22 14:06:58,20,Good
2/7/22 14:07:13,21,Good
2/7/22 14:07:18,20,Good
2/7/22 14:12:17,21,Good
2/7/22 14:12:22,20,Good
2/7/22 14:12:32,21,Good
2/7/22 14:12:37,20,Good
2/7/22 14:12:42,21,Good
2/7/22 14:12:57,20,Good
2/7/22 14:13:02,21,Good
2/7/22 14:13:27,20,Good
2/7/22 14:13:32,21,Good
2/7/22 14:14:13,20,Good
2/7/22 14:14:18,21,Good
2/7/22 14:39:52,22,Good
2/7/22 14:39:57,21,Good
2/7/22 14:40:27,22,Good
2/7/22 14:40:32,21,Good
2/7/22 14:50:20,22,Good
2/7/22 14:50:28,21,Good
2/7/22 14:50:35,22,Good
2/7/22 14:50:58,21,Good
2/7/22 14:51:03,22,Good
2/7/22 14:51:35,21,Good
2/7/22 14:51:43,22,Good
2/7/22 15:30:51,23,Good
2/7/22 15:30:56,22,Good
2/7/22 15:32:27,23,Good
2/7/22 15:32:32,22,Good
2/7/22 15:33:02,23,Good
2/7/22 15:33:07,22,Good
2/7/22 15:33:12,23,Good
2/7/22 15:33:22,22,Good
2/7/22 15:33:27,23,Good
2/7/22 15:33:37,22,Good
2/7/22 15:33:42,23,Good
2/7/22 15:33:47,22,Good
2/7/22 15:33:57,23,Good
2/7/22 15:56:51,22,Good
2/7/22 16:01:58,21,Good
2/7/22 16:12:05,20,Good
2/7/22 16:13:48,19,Good
2/7/22 16:13:51,20,Good
2/7/22 16:14:04,19,Good
2/7/22 16:14:21,18,Good
2/7/22 16:14:41,17,Good
2/7/22 16:14:56,16,Good
2/7/22 16:15:11,15,Good
2/7/22 16:15:21,14,Good
2/7/22 16:15:36,13,Good
2/7/22 16:15:49,12,Good
2/7/22 16:16:06,11,Good
2/7/22 16:16:12,10,Good
2/7/22 16:16:26,9,Good
2/7/22 16:16:42,8,Good
2/7/22 16:16:52,7,Good
2/7/22 16:17:12,6,Good
2/7/22 16:17:27,5,Good
2/7/22 16:17:49,4,Good
2/7/22 16:18:17,3,Good
2/7/22 16:18:42,2,Good
2/7/22 16:19:17,1,Good
2/7/22 16:19:58,0,Good
2/7/22 16:20:35,-1,Good
2/7/22 16:20:50,0,Good
2/7/22 16:20:58,-1,Good
2/7/22 16:21:28,-2,Good
2/7/22 16:21:51,-3,Good
2/7/22 16:22:13,-4,Good
2/7/22 16:22:34,-5,Good
2/7/22 16:22:51,-6,Good
2/7/22 16:23:13,-7,Good
2/7/22 16:23:41,-8,Good
2/7/22 16:24:04,-9,Good
2/7/22 16:24:34,-10,Good
2/7/22 16:25:11,-11,Good
2/7/22 16:25:42,-12,Good
2/7/22 16:26:12,-13,Good
2/7/22 16:26:49,-14,Good
2/7/22 16:27:17,-15,Good
2/7/22 16:27:47,-16,Good
2/7/22 16:28:27,-17,Good
2/7/22 16:29:18,-18,Good
2/7/22 16:30:28,-19,Good
2/7/22 16:31:58,-20,Good
2/7/22 16:34:34,-21,Good
2/7/22 16:37:58,-22,Good
2/7/22 16:44:07,-23,Good
2/7/22 16:44:22,-22,Good
2/7/22 16:44:27,-23,Good
2/7/22 16:45:37,-22,Good
2/7/22 16:48:05,-23,Good
2/7/22 17:07:28,-24,Good
2/7/22 17:08:34,-25,Good
2/7/22 17:09:19,-26,Good
2/7/22 17:09:51,-27,Good
2/7/22 17:10:27,-28,Good
2/7/22 17:10:52,-29,Good
2/7/22 17:11:22,-30,Good
2/7/22 17:11:49,-31,Good
2/7/22 17:12:12,-32,Good
2/7/22 17:12:37,-33,Good
2/7/22 17:13:02,-34,Good
2/7/22 17:13:30,-35,Good
2/7/22 17:14:03,-36,Good
2/7/22 17:14:33,-37,Good
2/7/22 17:15:06,-38,Good
2/7/22 17:15:43,-39,Good
2/7/22 17:16:21,-40,Good
2/7/22 17:17:16,-41,Good
2/7/22 17:18:11,-42,Good
2/7/22 17:19:12,-43,Good
2/7/22 17:20:22,-44,Good
2/7/22 17:21:57,-45,Good
2/7/22 17:24:00,-46,Good
2/7/22 17:27:04,-47,Good
2/7/22 17:29:12,-48,Good
2/7/22 17:29:27,-47,Good
2/7/22 17:29:37,-48,Good
2/7/22 17:34:34,-49,Good
2/7/22 17:34:36,-48,Good
2/7/22 17:34:43,-49,Good
2/7/22 17:40:02,-50,Good
2/7/22 17:45:21,-51,Good
2/7/22 17:45:26,-50,Good
2/7/22 17:45:34,-51,Good
2/7/22 17:50:28,-52,Good
2/7/22 17:55:52,-53,Good
2/7/22 17:55:57,-52,Good
2/7/22 17:56:07,-53,Good
2/7/22 18:00:58,-54,Good
2/7/22 18:06:42,-55,Good
2/7/22 18:07:08,-54,Good
2/7/22 18:07:12,-55,Good
2/7/22 18:13:19,-56,Good
2/7/22 18:20:19,-57,Good
2/7/22 18:20:21,-56,Good
2/7/22 18:20:26,-57,Good
2/7/22 18:20:41,-56,Good
2/7/22 18:20:49,-57,Good
2/7/22 18:28:06,-58,Good
2/7/22 18:28:46,-57,Good
2/7/22 18:28:51,-58,Good
2/7/22 18:36:28,-59,Good
2/7/22 18:36:31,-58,Good
2/7/22 18:36:36,-59,Good
2/7/22 18:43:08,-60,Good
2/7/22 18:43:15,-59,Good
2/7/22 18:43:23,-60,Good
2/7/22 18:52:08,-61,Good
2/7/22 18:52:13,-60,Good
2/7/22 18:52:15,-61,Good
2/7/22 19:00:42,-62,Good
2/7/22 19:01:00,-61,Good
2/7/22 19:01:08,-62,Good
2/7/22 19:01:12,-61,Good
2/7/22 19:01:15,-62,Good
2/7/22 19:08:27,-63,Good
2/7/22 19:08:30,-62,Good
2/7/22 19:08:37,-63,Good
2/7/22 19:15:57,-64,Good
2/7/22 19:15:59,-63,Good
2/7/22 19:16:07,-64,Good
2/7/22 19:27:00,-65,Good
2/7/22 19:34:29,-66,Good
2/7/22 19:34:42,-65,Good
2/7/22 19:35:00,-66,Good
2/7/22 19:35:07,-65,Good
2/7/22 19:35:12,-66,Good
2/7/22 19:35:15,-65,Good
2/7/22 19:35:22,-66,Good
2/7/22 19:43:42,-67,Good
2/7/22 19:43:45,-66,Good
2/7/22 19:43:59,-67,Good
2/7/22 19:44:22,-66,Good
2/7/22 19:44:27,-67,Good
2/7/22 19:44:52,-66,Good
2/7/22 19:45:07,-67,Good
2/7/22 19:56:23,-68,Good
2/7/22 20:04:30,-69,Good
2/7/22 20:04:43,-68,Good
2/7/22 20:05:01,-69,Good
2/7/22 20:05:08,-68,Good
2/7/22 20:05:16,-69,Good
2/7/22 20:05:21,-68,Good
2/7/22 20:05:28,-69,Good
2/7/22 20:05:43,-68,Good
2/7/22 20:06:46,-67,Good
2/7/22 20:07:59,-66,Good
2/7/22 20:09:27,-65,Good
2/7/22 20:12:42,-64,Good
2/7/22 20:58:08,-65,Good
2/7/22 20:58:13,-64,Good
2/7/22 20:58:28,-65,Good
2/7/22 21:35:28,-66,Good
2/7/22 21:35:31,-65,Good
2/7/22 21:36:01,-66,Good
2/7/22 21:36:06,-65,Good
2/7/22 21:36:21,-66,Good
2/7/22 21:36:43,-65,Good
2/7/22 21:37:06,-66,Good
2/7/22 21:37:13,-65,Good
2/7/22 21:37:16,-66,Good
2/7/22 21:37:21,-65,Good
2/7/22 21:38:11,-66,Good
2/7/22 21:38:26,-65,Good
2/7/22 21:38:31,-66,Good
2/7/22 21:38:37,-65,Good
2/7/22 21:38:41,-66,Good
2/7/22 21:39:07,-65,Good
2/7/22 21:39:22,-66,Good
2/7/22 21:39:32,-65,Good
2/7/22 21:39:37,-66,Good
2/7/22 21:39:42,-65,Good
2/7/22 21:39:47,-66,Good
2/7/22 21:40:07,-65,Good
2/7/22 21:40:30,-66,Good
2/7/22 21:40:52,-65,Good
2/7/22 21:41:07,-66,Good
2/7/22 21:41:14,-65,Good
2/7/22 21:41:37,-66,Good
2/7/22 21:41:42,-65,Good
2/7/22 21:41:52,-66,Good
2/7/22 21:42:00,-65,Good
2/7/22 21:42:08,-66,Good
2/7/22 21:42:23,-65,Good
2/7/22 21:42:28,-66,Good
2/7/22 22:12:51,-67,Good
2/7/22 22:12:59,-66,Good
2/7/22 22:13:14,-67,Good
2/7/22 22:13:16,-66,Good
2/7/22 22:13:21,-67,Good
2/7/22 22:14:01,-66,Good
2/7/22 22:14:07,-67,Good
2/7/22 22:14:29,-66,Good
2/7/22 22:14:37,-67,Good
2/7/22 22:17:42,-66,Good
2/7/22 22:17:45,-67,Good
2/7/22 22:18:00,-66,Good
2/7/22 22:18:07,-67,Good
2/7/22 22:51:22,-68,Good
2/7/22 22:51:27,-67,Good
2/7/22 22:53:45,-68,Good
2/7/22 22:53:53,-67,Good
2/7/22 22:54:53,-68,Good
2/7/22 22:54:58,-67,Good
2/7/22 22:57:29,-68,Good
2/7/22 22:57:31,-67,Good
2/7/22 22:58:51,-66,Good
2/7/22 22:58:59,-67,Good
2/7/22 23:00:17,-68,Good
2/7/22 23:00:22,-67,Good
2/7/22 23:00:37,-68,Good
2/7/22 23:00:42,-67,Good
2/7/22 23:01:02,-68,Good
2/7/22 23:01:07,-67,Good
2/7/22 23:01:15,-68,Good
2/7/22 23:01:22,-67,Good
2/7/22 23:01:27,-68,Good
2/7/22 23:01:37,-67,Good
2/7/22 23:02:15,-68,Good
2/7/22 23:02:22,-67,Good
2/7/22 23:02:53,-68,Good
2/7/22 23:03:28,-67,Good
2/7/22 23:03:45,-68,Good
2/7/22 23:04:08,-67,Good
2/7/22 23:04:28,-68,Good
2/7/22 23:04:31,-67,Good
2/7/22 23:04:36,-68,Good
2/7/22 23:04:45,-67,Good
2/7/22 23:05:13,-68,Good
2/7/22 23:05:16,-67,Good
2/7/22 23:05:43,-68,Good
2/7/22 23:05:46,-67,Good
2/7/22 23:05:51,-68,Good
2/7/22 23:08:32,-67,Good
2/7/22 23:08:37,-68,Good
2/7/22 23:08:47,-67,Good
2/7/22 23:09:12,-68,Good
2/7/22 23:09:32,-67,Good
2/7/22 23:09:37,-68,Good
2/7/22 23:09:42,-67,Good
2/7/22 23:09:47,-68,Good
2/7/22 23:10:45,-67,Good
2/7/22 23:10:52,-68,Good
2/7/22 23:40:38,-69,Good
2/7/22 23:40:43,-68,Good
2/7/22 23:41:28,-69,Good
2/7/22 23:41:51,-68,Good
2/7/22 23:41:58,-69,Good
2/7/22 23:42:01,-68,Good
2/7/22 23:42:13,-69,Good
2/7/22 23:42:44,-68,Good
2/7/22 23:42:46,-69,Good
2/7/22 23:42:51,-68,Good
2/7/22 23:43:44,-69,Good
2/7/22 23:43:46,-68,Good
2/7/22 23:43:51,-69,Good
2/7/22 23:46:00,-68,Good
2/7/22 23:46:12,-69,Good
2/7/22 23:46:22,-68,Good
2/7/22 23:46:42,-69,Good
2/7/22 23:46:45,-68,Good
2/7/22 23:46:52,-69,Good
2/7/22 23:47:07,-68,Good
2/7/22 23:47:12,-69,Good
2/8/22 00:16:46,-70,Good
2/8/22 00:16:58,-69,Good
2/8/22 00:17:01,-70,Good
2/8/22 00:17:06,-69,Good
2/8/22 00:17:13,-70,Good
2/8/22 00:22:42,-69,Good
2/8/22 00:22:47,-70,Good
2/8/22 00:22:52,-69,Good
2/8/22 00:23:07,-70,Good
2/8/22 00:23:28,-69,Good
2/8/22 00:23:30,-70,Good
2/8/22 00:50:12,-71,Good
2/8/22 00:50:15,-70,Good
2/8/22 00:52:43,-71,Good
2/8/22 00:52:53,-70,Good
2/8/22 00:53:13,-71,Good
2/8/22 00:53:51,-70,Good
2/8/22 00:54:06,-71,Good
2/8/22 00:54:14,-70,Good
2/8/22 00:54:29,-71,Good
2/8/22 00:55:29,-70,Good
2/8/22 00:55:31,-71,Good
2/8/22 00:56:52,-70,Good
2/8/22 00:56:57,-71,Good
2/8/22 00:57:17,-70,Good
2/8/22 00:57:22,-71,Good
2/8/22 00:57:27,-70,Good
2/8/22 00:57:32,-71,Good
2/8/22 00:57:45,-70,Good
2/8/22 00:58:57,-71,Good
2/8/22 01:00:28,-70,Good
2/8/22 01:00:31,-71,Good
2/8/22 01:19:13,-72,Good
2/8/22 01:19:23,-71,Good
2/8/22 01:37:08,-72,Good
2/8/22 01:37:23,-71,Good
2/8/22 01:37:38,-72,Good
2/8/22 01:37:43,-71,Good
2/8/22 01:37:45,-72,Good
2/8/22 01:38:46,-71,Good
2/8/22 01:39:14,-72,Good
2/8/22 01:39:16,-71,Good
2/8/22 01:55:00,-72,Good
2/8/22 01:55:13,-71,Good
2/8/22 01:56:06,-72,Good
2/8/22 01:58:17,-71,Good
2/8/22 01:58:22,-72,Good
2/8/22 01:58:29,-71,Good
2/8/22 01:58:32,-72,Good
2/8/22 02:14:46,-71,Good
2/8/22 02:22:28,-70,Good
2/8/22 02:39:46,-71,Good
2/8/22 02:39:53,-70,Good
2/8/22 02:40:01,-71,Good
2/8/22 02:40:16,-70,Good
2/8/22 02:40:31,-71,Good
2/8/22 02:43:29,-70,Good
2/8/22 03:02:27,-71,Good
2/8/22 03:02:42,-70,Good
2/8/22 03:02:59,-71,Good
2/8/22 03:03:22,-70,Good
2/8/22 03:03:32,-71,Good
2/8/22 03:05:23,-70,Good
2/8/22 03:05:38,-71,Good
2/8/22 03:05:53,-70,Good
2/8/22 03:06:23,-71,Good
2/8/22 03:06:28,-70,Good
2/8/22 03:07:16,-71,Good
2/8/22 03:07:23,-70,Good
2/8/22 03:25:23,-71,Good
2/8/22 03:25:28,-70,Good
2/8/22 03:25:31,-71,Good
2/8/22 03:25:58,-70,Good
2/8/22 03:26:06,-71,Good
2/8/22 03:26:23,-70,Good
2/8/22 03:26:44,-71,Good
2/8/22 03:27:06,-70,Good
2/8/22 03:27:14,-71,Good
2/8/22 03:27:21,-70,Good
2/8/22 03:27:46,-71,Good
2/8/22 03:28:14,-70,Good
2/8/22 03:28:21,-71,Good
2/8/22 03:28:37,-70,Good
2/8/22 03:28:59,-71,Good
2/8/22 03:29:07,-70,Good
2/8/22 03:29:12,-71,Good
2/8/22 03:29:17,-70,Good
2/8/22 03:29:27,-71,Good
2/8/22 03:29:32,-70,Good
2/8/22 03:29:37,-71,Good
2/8/22 03:29:47,-70,Good
2/8/22 03:29:52,-71,Good
2/8/22 03:30:17,-70,Good
2/8/22 03:30:22,-71,Good
2/8/22 03:30:27,-70,Good
2/8/22 03:30:32,-71,Good
2/8/22 03:30:47,-70,Good
2/8/22 03:31:43,-71,Good
2/8/22 03:31:52,-70,Good
2/8/22 03:52:23,-71,Good
2/8/22 03:52:28,-70,Good
2/8/22 03:52:51,-71,Good
2/8/22 03:52:58,-70,Good
2/8/22 03:54:29,-71,Good
2/8/22 03:54:51,-70,Good
2/8/22 03:55:01,-71,Good
2/8/22 03:55:07,-70,Good
2/8/22 03:55:36,-71,Good
2/8/22 03:55:59,-70,Good
2/8/22 03:56:02,-71,Good
2/8/22 03:56:07,-70,Good
2/8/22 03:56:12,-71,Good
2/8/22 03:56:17,-70,Good
2/8/22 03:56:37,-71,Good
2/8/22 03:56:42,-70,Good
2/8/22 03:58:53,-71,Good
2/8/22 03:58:58,-70,Good
2/8/22 03:59:23,-71,Good
2/8/22 03:59:46,-70,Good
2/8/22 03:59:58,-71,Good
2/8/22 04:00:00,-70,Good
2/8/22 04:00:13,-71,Good
2/8/22 04:00:23,-70,Good
2/8/22 04:12:14,-69,Good
2/8/22 04:12:29,-70,Good
2/8/22 04:12:52,-69,Good
2/8/22 04:12:59,-70,Good
2/8/22 04:13:22,-69,Good
2/8/22 04:13:32,-70,Good
2/8/22 04:13:44,-69,Good
2/8/22 04:13:52,-70,Good
2/8/22 04:13:59,-69,Good
2/8/22 04:14:02,-70,Good
2/8/22 04:17:45,-69,Good
2/8/22 04:17:53,-70,Good
2/8/22 04:18:08,-69,Good
2/8/22 04:18:13,-70,Good
2/8/22 04:18:16,-69,Good
2/8/22 04:18:58,-70,Good
2/8/22 04:19:01,-69,Good
2/8/22 04:19:28,-70,Good
2/8/22 04:26:15,-69,Good
2/8/22 04:26:23,-70,Good
2/8/22 04:26:38,-69,Good
2/8/22 04:26:43,-70,Good
2/8/22 04:28:13,-69,Good
2/8/22 04:28:23,-70,Good
2/8/22 04:28:28,-69,Good
2/8/22 04:28:31,-70,Good
2/8/22 04:29:14,-69,Good
2/8/22 04:29:16,-70,Good
2/8/22 04:29:21,-69,Good
2/8/22 04:29:31,-70,Good
2/8/22 04:29:36,-69,Good
2/8/22 04:29:44,-70,Good
2/8/22 04:30:01,-69,Good
2/8/22 04:30:52,-70,Good
2/8/22 04:30:59,-69,Good
2/8/22 04:31:14,-70,Good
2/8/22 04:31:17,-69,Good
2/8/22 04:33:07,-70,Good
2/8/22 04:33:22,-69,Good
2/8/22 04:38:21,-70,Good
2/8/22 04:38:44,-69,Good
2/8/22 04:38:46,-70,Good
2/8/22 04:39:14,-69,Good
2/8/22 04:39:37,-70,Good
2/8/22 04:40:29,-69,Good
2/8/22 04:47:24,-70,Good
2/8/22 04:47:39,-69,Good
2/8/22 04:47:54,-70,Good
2/8/22 04:55:01,-69,Good
2/8/22 04:55:09,-70,Good
2/8/22 04:55:11,-69,Good
2/8/22 04:55:24,-70,Good
2/8/22 04:55:31,-69,Good
2/8/22 04:55:38,-70,Good
2/8/22 04:55:41,-69,Good
2/8/22 04:55:46,-70,Good
2/8/22 04:58:12,-69,Good
2/8/22 04:58:17,-70,Good
2/8/22 04:58:37,-69,Good
2/8/22 04:58:54,-70,Good
2/8/22 05:07:37,-69,Good
2/8/22 05:07:52,-70,Good
2/8/22 05:08:07,-69,Good
2/8/22 05:08:52,-70,Good
2/8/22 05:14:24,-69,Good
2/8/22 05:17:07,-70,Good
2/8/22 05:17:24,-69,Good
2/8/22 05:17:37,-70,Good
2/8/22 05:19:18,-71,Good
2/8/22 05:19:23,-70,Good
2/8/22 05:20:23,-71,Good
2/8/22 05:20:53,-70,Good
2/8/22 05:21:11,-71,Good
2/8/22 05:21:23,-70,Good
2/8/22 05:21:26,-71,Good
2/8/22 05:21:39,-70,Good
2/8/22 05:27:23,-71,Good
2/8/22 05:27:25,-70,Good
2/8/22 05:27:53,-71,Good
2/8/22 05:28:00,-70,Good
2/8/22 05:28:18,-71,Good
2/8/22 05:28:23,-70,Good
2/8/22 05:28:38,-71,Good
2/8/22 05:28:41,-70,Good
2/8/22 05:28:48,-71,Good
2/8/22 05:28:53,-70,Good
2/8/22 05:28:55,-71,Good
2/8/22 05:29:00,-70,Good
2/8/22 05:50:11,-71,Good
2/8/22 05:50:16,-70,Good
2/8/22 05:50:36,-71,Good
2/8/22 05:51:16,-70,Good
2/8/22 05:51:22,-71,Good
2/8/22 05:55:40,-70,Good
2/8/22 05:55:46,-71,Good
2/8/22 05:56:41,-70,Good
2/8/22 05:56:53,-71,Good
2/8/22 05:57:01,-70,Good
2/8/22 05:57:31,-71,Good
2/8/22 05:57:38,-70,Good
2/8/22 05:57:53,-71,Good
2/8/22 05:58:16,-70,Good
2/8/22 05:58:24,-71,Good
2/8/22 05:58:46,-70,Good
2/8/22 05:59:16,-71,Good
2/8/22 05:59:21,-70,Good
2/8/22 05:59:42,-71,Good
2/8/22 06:01:02,-70,Good
2/8/22 06:01:07,-71,Good
2/8/22 06:01:22,-70,Good
2/8/22 06:01:37,-71,Good
2/8/22 06:01:39,-70,Good
2/8/22 06:22:25,-71,Good
2/8/22 06:22:33,-70,Good
2/8/22 06:23:15,-71,Good
2/8/22 06:23:26,-70,Good
2/8/22 06:23:38,-71,Good
2/8/22 06:24:01,-70,Good
2/8/22 06:24:08,-71,Good
2/8/22 06:24:23,-70,Good
2/8/22 06:24:26,-71,Good
2/8/22 06:32:55,-70,Good
2/8/22 06:33:01,-71,Good
2/8/22 06:34:56,-70,Good
2/8/22 06:35:09,-71,Good
2/8/22 06:35:11,-70,Good
2/8/22 06:56:02,-71,Good
2/8/22 06:56:07,-70,Good
2/8/22 06:56:22,-71,Good
2/8/22 06:56:25,-70,Good
2/8/22 06:56:47,-71,Good
2/8/22 06:56:55,-70,Good
2/8/22 06:57:02,-71,Good
2/8/22 06:57:07,-70,Good
2/8/22 06:57:10,-71,Good
2/8/22 07:08:08,-70,Good
2/8/22 07:08:15,-71,Good
2/8/22 07:08:26,-70,Good
2/8/22 07:29:26,-71,Good
2/8/22 07:29:32,-70,Good
2/8/22 07:29:56,-71,Good
2/8/22 07:30:06,-70,Good
2/8/22 07:30:17,-71,Good
2/8/22 07:30:27,-70,Good
2/8/22 07:30:42,-71,Good
2/8/22 07:42:48,-70,Good
2/8/22 07:42:55,-71,Good
2/8/22 07:43:03,-70,Good
2/8/22 07:43:18,-71,Good
2/8/22 07:43:23,-70,Good
2/8/22 08:05:24,-71,Good
2/8/22 08:05:26,-70,Good
2/8/22 08:05:52,-71,Good
2/8/22 08:06:22,-70,Good
2/8/22 08:06:27,-71,Good
2/8/22 08:16:55,-70,Good
2/8/22 08:17:02,-71,Good
2/8/22 08:17:32,-70,Good
2/8/22 08:17:37,-71,Good
2/8/22 08:17:52,-70,Good
2/8/22 08:17:55,-71,Good
2/8/22 08:18:03,-70,Good
2/8/22 08:18:10,-71,Good
2/8/22 08:18:25,-70,Good
2/8/22 08:19:33,-71,Good
2/8/22 08:19:38,-70,Good
2/8/22 08:20:08,-71,Good
2/8/22 08:20:56,-70,Good
2/8/22 08:21:09,-71,Good
2/8/22 08:22:01,-70,Good
2/8/22 08:22:08,-71,Good
2/8/22 08:22:11,-70,Good
2/8/22 08:22:24,-71,Good
2/8/22 08:23:24,-70,Good
2/8/22 08:23:27,-71,Good
2/8/22 08:23:37,-70,Good
2/8/22 08:24:17,-71,Good
2/8/22 08:24:27,-70,Good
2/8/22 08:24:32,-71,Good
2/8/22 08:25:02,-70,Good
2/8/22 08:33:47,-71,Good
2/8/22 08:34:02,-70,Good
2/8/22 08:34:07,-71,Good
2/8/22 08:34:10,-70,Good
2/8/22 08:34:17,-71,Good
2/8/22 08:34:32,-70,Good
2/8/22 08:34:37,-71,Good
2/8/22 08:34:40,-70,Good
2/8/22 08:34:52,-71,Good
2/8/22 08:34:55,-70,Good
2/8/22 08:35:02,-71,Good
2/8/22 08:35:07,-70,Good
2/8/22 08:35:10,-71,Good
2/8/22 08:44:37,-70,Good
2/8/22 08:45:18,-71,Good
2/8/22 08:46:08,-70,Good
2/8/22 08:46:18,-71,Good
2/8/22 08:48:24,-70,Good
2/8/22 08:49:57,-71,Good
2/8/22 08:55:03,-70,Good
2/8/22 08:55:10,-71,Good
2/8/22 08:56:11,-70,Good
2/8/22 08:56:16,-71,Good
2/8/22 08:57:24,-72,Good
2/8/22 08:57:26,-71,Good
2/8/22 08:57:31,-72,Good
2/8/22 08:57:38,-71,Good
2/8/22 08:57:46,-72,Good
2/8/22 08:57:53,-71,Good
2/8/22 08:57:56,-72,Good
2/8/22 08:58:16,-71,Good
2/8/22 08:58:24,-72,Good
2/8/22 08:58:39,-71,Good
2/8/22 08:58:54,-72,Good
2/8/22 08:59:57,-71,Good
2/8/22 09:00:02,-72,Good
2/8/22 09:00:22,-71,Good
2/8/22 09:00:27,-72,Good
2/8/22 09:02:02,-71,Good
2/8/22 09:02:07,-72,Good
2/8/22 09:02:32,-71,Good
2/8/22 09:14:56,-72,Good
2/8/22 09:15:01,-71,Good
2/8/22 09:15:09,-72,Good
2/8/22 09:15:16,-71,Good
2/8/22 09:15:24,-72,Good
2/8/22 09:15:46,-71,Good
2/8/22 09:33:11,-72,Good
2/8/22 09:34:16,-71,Good
2/8/22 09:34:24,-72,Good
2/8/22 09:37:10,-71,Good
2/8/22 09:51:11,-70,Good
2/8/22 09:51:16,-71,Good
2/8/22 09:54:52,-72,Good
2/8/22 09:55:07,-71,Good
2/8/22 09:55:10,-72,Good
2/8/22 09:55:17,-71,Good
2/8/22 09:55:25,-72,Good
2/8/22 09:55:32,-71,Good
2/8/22 10:09:46,-72,Good
2/8/22 10:09:54,-71,Good
2/8/22 10:10:08,-72,Good
2/8/22 10:13:07,-71,Good
2/8/22 10:13:12,-72,Good
2/8/22 10:17:56,-71,Good
2/8/22 10:33:38,-72,Good
2/8/22 10:33:40,-71,Good
2/8/22 10:33:55,-72,Good
2/8/22 10:35:11,-71,Good
2/8/22 10:35:16,-72,Good
2/8/22 10:49:17,-71,Good
2/8/22 10:49:22,-72,Good
2/8/22 10:49:52,-71,Good
2/8/22 10:50:02,-72,Good
2/8/22 10:50:10,-71,Good
2/8/22 10:50:17,-72,Good
2/8/22 10:50:23,-71,Good
2/8/22 11:05:12,-72,Good
2/8/22 11:05:17,-71,Good
2/8/22 11:05:32,-72,Good
2/8/22 11:05:37,-71,Good
2/8/22 11:05:47,-72,Good
2/8/22 11:06:12,-71,Good
2/8/22 11:06:17,-72,Good
2/8/22 11:06:22,-71,Good
2/8/22 11:06:27,-72,Good
2/8/22 11:45:53,-71,Good
2/8/22 11:45:56,-72,Good
2/8/22 11:47:03,-71,Good
2/8/22 11:47:08,-72,Good
2/8/22 11:47:31,-71,Good
2/8/22 11:47:39,-72,Good
2/8/22 11:47:56,-71,Good
2/8/22 11:48:01,-72,Good
2/8/22 11:48:08,-71,Good
2/8/22 11:48:11,-72,Good
2/8/22 11:48:16,-71,Good
2/8/22 11:48:24,-72,Good
2/8/22 11:48:26,-71,Good
2/8/22 11:48:31,-72,Good
2/8/22 11:48:42,-71,Good
2/8/22 11:48:46,-72,Good
2/8/22 11:48:56,-71,Good
2/8/22 11:49:01,-72,Good
2/8/22 11:49:09,-71,Good
2/8/22 11:49:42,-72,Good
2/8/22 11:49:46,-71,Good
2/8/22 11:50:09,-72,Good
2/8/22 11:50:12,-71,Good
2/8/22 11:50:39,-72,Good
2/8/22 11:50:42,-71,Good
2/8/22 11:50:57,-72,Good
2/8/22 11:51:02,-71,Good
2/8/22 11:51:07,-72,Good
2/8/22 11:51:22,-71,Good
2/8/22 11:51:42,-72,Good
2/8/22 11:51:52,-71,Good
2/8/22 11:51:57,-72,Good
2/8/22 11:52:02,-71,Good
2/8/22 11:52:53,-72,Good
2/8/22 11:53:17,-71,Good
2/8/22 11:53:25,-72,Good
2/8/22 11:53:33,-71,Good
2/8/22 11:53:48,-72,Good
2/8/22 11:53:53,-71,Good
2/8/22 11:55:03,-72,Good
2/8/22 11:55:08,-71,Good
2/8/22 11:55:48,-72,Good
2/8/22 11:55:53,-71,Good
2/8/22 11:58:01,-72,Good
2/8/22 11:58:09,-71,Good
2/8/22 11:58:42,-72,Good
2/8/22 11:58:47,-71,Good
2/8/22 11:59:09,-72,Good
2/8/22 11:59:12,-71,Good
2/8/22 11:59:17,-72,Good
2/8/22 11:59:22,-71,Good
2/8/22 12:00:12,-72,Good
2/8/22 12:00:27,-71,Good
2/8/22 12:01:55,-72,Good
2/8/22 12:02:03,-71,Good
2/8/22 12:02:07,-72,Good
2/8/22 12:02:10,-71,Good
2/8/22 12:02:23,-72,Good
2/8/22 12:02:25,-71,Good
2/8/22 12:02:33,-72,Good
2/8/22 12:02:55,-71,Good
2/8/22 12:03:08,-72,Good
2/8/22 12:03:10,-71,Good
2/8/22 12:03:18,-72,Good
2/8/22 12:03:23,-71,Good
2/8/22 12:03:33,-72,Good
2/8/22 12:04:18,-71,Good
2/8/22 12:04:23,-72,Good
2/8/22 12:04:56,-71,Good
2/8/22 12:05:01,-72,Good
2/8/22 12:05:31,-71,Good
2/8/22 12:05:38,-72,Good
2/8/22 12:08:47,-71,Good
2/8/22 12:08:52,-72,Good
2/8/22 12:09:12,-71,Good
2/8/22 12:09:24,-72,Good
2/8/22 12:09:32,-71,Good
2/8/22 12:09:37,-72,Good
2/8/22 12:09:42,-71,Good
2/8/22 12:09:47,-72,Good
2/8/22 12:11:23,-71,Good
2/8/22 12:11:25,-72,Good
2/8/22 13:11:27,-72,Good
2/8/22 13:24:10,-73,Good
2/8/22 13:24:18,-72,Good
2/8/22 13:32:40,-73,Good
2/8/22 13:32:48,-72,Good
2/8/22 13:32:53,-73,Good
2/8/22 13:33:03,-72,Good
2/8/22 13:33:26,-73,Good
2/8/22 13:33:38,-72,Good
2/8/22 13:33:41,-73,Good
2/8/22 13:33:48,-72,Good
2/8/22 13:35:24,-73,Good
2/8/22 13:35:26,-72,Good
2/8/22 13:35:39,-73,Good
2/8/22 13:36:16,-72,Good
2/8/22 13:42:10,-73,Good
2/8/22 13:42:26,-72,Good
2/8/22 13:42:33,-73,Good
2/8/22 13:42:38,-72,Good
2/8/22 13:44:56,-73,Good
2/8/22 13:45:01,-72,Good
2/8/22 13:45:09,-73,Good
2/8/22 13:46:27,-72,Good
2/8/22 13:46:32,-73,Good
2/8/22 13:46:57,-72,Good
2/8/22 13:52:11,-73,Good
2/8/22 13:52:18,-72,Good
2/8/22 13:52:26,-73,Good
2/8/22 13:52:33,-72,Good
2/8/22 13:54:39,-73,Good
2/8/22 13:54:41,-72,Good
2/8/22 13:54:46,-73,Good
2/8/22 13:54:54,-72,Good
2/8/22 13:55:27,-73,Good
2/8/22 13:55:32,-72,Good
2/8/22 13:55:39,-73,Good
2/8/22 13:56:20,-72,Good
2/8/22 13:56:32,-73,Good
2/8/22 13:56:37,-72,Good
2/8/22 13:57:02,-73,Good
2/8/22 14:04:47,-72,Good
2/8/22 14:04:49,-73,Good
2/8/22 14:04:57,-72,Good
2/8/22 14:05:02,-73,Good
2/8/22 14:06:02,-72,Good
2/8/22 14:06:17,-73,Good
2/8/22 14:06:42,-72,Good
2/8/22 14:06:47,-73,Good
2/8/22 14:07:02,-72,Good
2/8/22 14:07:07,-73,Good
2/8/22 14:10:56,-72,Good
2/8/22 14:11:21,-73,Good
2/8/22 14:18:26,-72,Good
2/8/22 14:18:33,-73,Good
2/8/22 14:18:38,-72,Good
2/8/22 14:18:48,-73,Good
2/8/22 14:19:18,-72,Good
2/8/22 14:19:26,-73,Good
2/8/22 14:20:01,-72,Good
2/8/22 14:20:09,-73,Good
2/8/22 14:33:07,-72,Good
2/8/22 14:34:10,-73,Good
2/8/22 14:53:05,-72,Good
2/8/22 14:53:11,-73,Good
2/8/22 14:53:20,-72,Good
2/8/22 14:53:25,-73,Good
2/8/22 14:54:56,-72,Good
2/8/22 14:55:03,-73,Good
2/8/22 14:55:06,-72,Good
2/8/22 14:55:11,-73,Good
2/8/22 14:55:41,-72,Good
2/8/22 14:55:46,-73,Good
2/8/22 14:55:56,-72,Good
2/8/22 14:56:01,-73,Good
2/8/22 14:56:21,-72,Good
2/8/22 14:56:26,-73,Good
2/8/22 14:56:36,-72,Good
2/8/22 14:56:46,-73,Good
2/8/22 14:57:01,-72,Good
2/8/22 14:57:06,-73,Good
2/8/22 14:57:34,-72,Good
2/8/22 14:57:42,-73,Good
2/8/22 14:58:04,-72,Good
2/8/22 14:58:12,-73,Good
2/8/22 14:58:19,-72,Good
2/8/22 14:58:32,-73,Good
2/8/22 14:58:47,-72,Good
2/8/22 14:58:57,-73,Good
2/8/22 14:59:02,-72,Good
2/8/22 14:59:12,-73,Good
2/8/22 14:59:27,-72,Good
2/8/22 14:59:42,-73,Good
2/8/22 14:59:57,-72,Good
2/8/22 15:00:20,-73,Good
2/8/22 15:00:32,-72,Good
2/8/22 15:00:42,-73,Good
2/8/22 15:00:58,-72,Good
2/8/22 15:01:03,-73,Good
2/8/22 15:01:18,-72,Good
2/8/22 15:01:27,-73,Good
2/8/22 15:01:33,-72,Good
2/8/22 15:01:35,-73,Good
2/8/22 15:01:48,-72,Good
2/8/22 15:02:03,-73,Good
2/8/22 15:02:05,-72,Good
2/8/22 15:02:10,-73,Good
2/8/22 15:02:20,-72,Good
2/8/22 15:02:26,-73,Good
2/8/22 15:02:33,-72,Good
2/8/22 15:02:40,-73,Good
2/8/22 15:02:51,-72,Good
2/8/22 15:02:55,-73,Good
2/8/22 15:03:05,-72,Good
2/8/22 15:03:36,-73,Good
2/8/22 15:03:41,-72,Good
2/8/22 15:03:48,-73,Good
2/8/22 15:03:51,-72,Good
2/8/22 15:03:56,-73,Good
2/8/22 15:04:03,-72,Good
2/8/22 15:04:05,-73,Good
2/8/22 15:04:11,-72,Good
2/8/22 15:04:19,-73,Good
2/8/22 15:04:21,-72,Good
2/8/22 15:04:26,-73,Good
2/8/22 15:04:31,-72,Good
2/8/22 15:04:36,-73,Good
2/8/22 15:04:41,-72,Good
2/8/22 15:04:46,-73,Good
2/8/22 15:04:51,-72,Good
2/8/22 15:05:11,-73,Good
2/8/22 15:05:18,-72,Good
2/8/22 15:05:26,-73,Good
2/8/22 15:05:31,-72,Good
2/8/22 15:05:36,-73,Good
2/8/22 15:05:41,-72,Good
2/8/22 15:05:51,-73,Good
2/8/22 15:05:56,-72,Good
2/8/22 15:06:06,-73,Good
2/8/22 15:06:11,-72,Good
2/8/22 15:06:32,-73,Good
2/8/22 15:06:34,-72,Good
2/8/22 15:07:02,-73,Good
2/8/22 15:07:12,-72,Good
2/8/22 15:07:22,-73,Good
2/8/22 15:07:32,-72,Good
2/8/22 15:07:42,-73,Good
2/8/22 15:07:47,-72,Good
2/8/22 15:08:27,-73,Good
2/8/22 15:08:32,-72,Good
2/8/22 15:09:28,-73,Good
2/8/22 15:09:32,-72,Good
2/8/22 15:10:05,-73,Good
2/8/22 15:10:12,-72,Good
2/8/22 15:11:18,-73,Good
2/8/22 15:11:20,-72,Good
2/8/22 15:12:48,-73,Good
2/8/22 15:12:51,-72,Good
2/8/22 16:12:58,-72,Good
2/8/22 16:30:55,-73,Good
2/8/22 16:31:05,-72,Good
2/8/22 16:31:50,-73,Good
2/8/22 16:32:05,-72,Good
2/8/22 16:32:48,-73,Good
2/8/22 16:32:51,-72,Good
2/8/22 16:33:03,-73,Good
2/8/22 16:33:11,-72,Good
2/8/22 16:33:21,-73,Good
2/8/22 16:33:26,-72,Good
2/8/22 16:33:33,-73,Good
2/8/22 16:33:36,-72,Good
2/8/22 16:33:51,-73,Good
2/8/22 16:34:03,-72,Good
2/8/22 16:34:21,-73,Good
2/8/22 16:34:33,-72,Good
2/8/22 16:34:36,-73,Good
2/8/22 16:34:41,-72,Good
2/8/22 16:35:21,-73,Good
2/8/22 16:35:36,-72,Good
2/8/22 16:35:51,-73,Good
2/8/22 16:35:56,-72,Good
2/8/22 16:36:06,-73,Good
2/8/22 16:36:16,-72,Good
2/8/22 16:36:27,-73,Good
2/8/22 16:36:32,-72,Good
2/8/22 16:36:37,-73,Good
2/8/22 16:36:42,-72,Good
2/8/22 16:36:46,-73,Good
2/8/22 16:36:52,-72,Good
2/8/22 16:36:57,-73,Good
2/8/22 16:37:02,-72,Good
2/8/22 16:37:04,-73,Good
2/8/22 16:37:12,-72,Good
2/8/22 16:37:27,-73,Good
2/8/22 16:38:17,-72,Good
2/8/22 16:38:20,-73,Good
2/8/22 16:38:32,-72,Good
2/8/22 16:38:42,-73,Good
2/8/22 16:38:50,-72,Good
2/8/22 16:38:57,-73,Good
2/8/22 16:39:02,-72,Good
2/8/22 16:39:05,-73,Good
2/8/22 16:39:12,-72,Good
2/8/22 16:39:17,-73,Good
2/8/22 16:39:20,-72,Good
2/8/22 16:39:27,-73,Good
2/8/22 16:40:33,-72,Good
2/8/22 16:40:35,-73,Good
2/8/22 16:41:25,-72,Good
2/8/22 16:41:35,-73,Good
2/8/22 16:41:40,-72,Good
2/8/22 16:41:48,-73,Good
2/8/22 16:41:51,-72,Good
2/8/22 16:41:56,-73,Good
2/8/22 16:42:48,-72,Good
2/8/22 16:42:56,-73,Good
2/8/22 16:43:11,-72,Good
2/8/22 16:43:19,-73,Good
2/8/22 16:43:46,-72,Good
2/8/22 16:43:51,-73,Good
2/8/22 16:43:56,-72,Good
2/8/22 16:44:04,-73,Good
2/8/22 16:44:06,-72,Good
2/8/22 16:44:11,-73,Good
2/8/22 16:44:16,-72,Good
2/8/22 16:44:21,-73,Good
2/8/22 16:45:17,-72,Good
2/8/22 16:45:22,-73,Good
2/8/22 16:45:26,-72,Good
2/8/22 16:45:32,-73,Good
2/8/22 16:45:42,-72,Good
2/8/22 16:45:47,-73,Good
2/8/22 16:46:02,-72,Good
2/8/22 16:46:07,-73,Good
2/8/22 16:46:19,-72,Good
2/8/22 16:46:27,-73,Good
2/8/22 16:47:57,-72,Good
2/8/22 16:48:02,-73,Good
2/8/22 16:48:50,-72,Good
2/8/22 16:48:57,-73,Good
2/8/22 16:49:33,-72,Good
2/8/22 16:49:35,-73,Good
2/8/22 16:49:50,-72,Good
2/8/22 16:50:03,-73,Good
2/8/22 16:50:25,-72,Good
2/8/22 16:50:36,-73,Good
2/8/22 16:51:25,-72,Good
2/8/22 16:51:33,-73,Good
2/8/22 17:51:35,-73,Good
2/8/22 17:55:21,-74,Good
2/8/22 17:56:11,-73,Good
2/8/22 17:56:21,-74,Good
2/8/22 17:56:26,-73,Good
2/8/22 18:02:36,-74,Good
2/8/22 18:02:41,-73,Good
2/8/22 18:04:26,-74,Good
2/8/22 18:04:36,-73,Good
2/8/22 18:05:31,-72,Good
2/8/22 18:05:37,-73,Good
2/8/22 18:06:49,-72,Good
2/8/22 18:06:57,-73,Good
2/8/22 18:49:49,-74,Good
2/8/22 18:49:51,-73,Good
2/8/22 18:51:17,-74,Good
2/8/22 18:51:22,-73,Good
2/8/22 18:51:32,-74,Good
2/8/22 18:51:37,-73,Good
2/8/22 18:52:02,-74,Good
2/8/22 18:52:12,-73,Good
2/8/22 18:52:17,-74,Good
2/8/22 18:52:20,-73,Good
2/8/22 18:52:32,-74,Good
2/8/22 18:52:47,-73,Good
2/8/22 18:52:57,-74,Good
2/8/22 18:53:02,-73,Good
2/8/22 18:53:12,-74,Good
2/8/22 18:53:17,-73,Good
2/8/22 18:53:20,-74,Good
2/8/22 18:53:42,-73,Good
2/8/22 18:53:47,-74,Good
2/8/22 19:36:17,-73,Good
2/8/22 19:36:22,-74,Good
2/8/22 19:36:32,-73,Good
2/8/22 19:36:34,-74,Good
2/8/22 19:36:42,-73,Good
2/8/22 19:36:52,-74,Good
2/8/22 19:37:12,-73,Good
2/8/22 19:37:47,-74,Good
2/8/22 19:37:50,-73,Good
2/8/22 20:04:19,-74,Good
2/8/22 20:04:42,-73,Good
2/8/22 20:04:47,-74,Good
2/8/22 20:04:50,-73,Good
2/8/22 20:05:02,-74,Good
2/8/22 20:05:05,-73,Good
2/8/22 20:05:17,-74,Good
2/8/22 20:05:20,-73,Good
2/8/22 20:05:27,-74,Good
2/8/22 20:05:33,-73,Good
2/8/22 20:05:35,-74,Good
2/8/22 20:05:47,-73,Good
2/8/22 20:05:50,-74,Good
2/8/22 20:23:20,-75,Good
2/8/22 20:23:33,-74,Good
2/8/22 20:25:36,-75,Good
2/8/22 20:25:43,-74,Good
2/8/22 20:26:26,-73,Good
2/8/22 20:26:33,-74,Good
2/8/22 20:26:41,-75,Good
2/8/22 20:26:48,-74,Good
2/8/22 20:42:05,-73,Good
2/8/22 20:42:13,-74,Good
2/8/22 20:44:05,-73,Good
2/8/22 20:44:11,-74,Good
2/8/22 20:44:18,-73,Good
2/8/22 20:44:26,-74,Good
2/8/22 20:45:21,-73,Good
2/8/22 20:45:26,-74,Good
2/8/22 20:47:49,-75,Good
2/8/22 20:47:52,-74,Good
2/8/22 20:47:57,-75,Good
2/8/22 20:48:17,-74,Good
2/8/22 20:48:22,-75,Good
2/8/22 20:48:32,-74,Good
2/8/22 20:48:42,-75,Good
2/8/22 20:48:52,-74,Good
2/8/22 20:49:12,-75,Good
2/8/22 20:49:27,-74,Good
2/8/22 20:51:05,-75,Good
2/8/22 20:51:13,-74,Good
2/8/22 20:51:18,-75,Good
2/8/22 20:51:33,-74,Good
2/8/22 20:52:05,-75,Good
2/8/22 20:52:13,-74,Good
2/8/22 20:53:11,-75,Good
2/8/22 20:57:57,-74,Good
2/8/22 21:01:36,-75,Good
2/8/22 21:01:41,-74,Good
2/8/22 21:02:36,-75,Good
2/8/22 21:03:04,-74,Good
2/8/22 21:03:06,-75,Good
2/8/22 21:03:19,-74,Good
2/8/22 21:03:21,-75,Good
2/8/22 21:03:26,-74,Good
2/8/22 21:03:34,-75,Good
2/8/22 21:03:51,-74,Good
2/8/22 21:03:56,-75,Good
2/8/22 21:04:04,-74,Good
2/8/22 21:04:11,-75,Good
2/8/22 21:04:19,-74,Good
2/8/22 21:04:21,-75,Good
2/8/22 21:08:35,-74,Good
2/8/22 21:09:03,-75,Good
2/8/22 21:09:58,-74,Good
2/8/22 21:10:03,-75,Good
2/8/22 21:10:13,-74,Good
2/8/22 21:10:18,-75,Good
2/8/22 21:10:33,-74,Good
2/8/22 21:10:36,-75,Good
2/8/22 21:10:43,-74,Good
2/8/22 21:10:48,-75,Good
2/8/22 21:10:51,-74,Good
2/8/22 21:11:26,-75,Good
2/8/22 21:11:33,-74,Good
2/8/22 21:37:13,-75,Good
2/8/22 21:37:51,-74,Good
2/8/22 21:37:56,-75,Good
2/8/22 21:38:03,-74,Good
2/8/22 21:38:11,-75,Good
2/8/22 21:38:51,-74,Good
2/8/22 21:38:56,-75,Good
2/8/22 21:41:07,-74,Good
2/8/22 21:41:12,-75,Good
2/8/22 21:41:34,-74,Good
2/8/22 21:41:37,-75,Good
2/8/22 21:41:52,-74,Good
2/8/22 21:57:18,-73,Good
2/8/22 21:57:21,-74,Good
2/8/22 21:57:34,-73,Good
2/8/22 22:08:57,-72,Good
2/8/22 22:09:02,-73,Good
2/8/22 22:09:17,-72,Good
2/8/22 22:12:03,-71,Good
2/8/22 22:12:05,-72,Good
2/8/22 22:12:28,-71,Good
2/8/22 22:12:35,-72,Good
2/8/22 22:13:06,-71,Good
2/8/22 22:13:13,-72,Good
2/8/22 22:13:18,-71,Good
2/8/22 22:13:20,-72,Good
2/8/22 22:13:33,-71,Good
2/8/22 22:13:36,-72,Good
2/8/22 22:13:56,-71,Good
2/8/22 22:14:18,-72,Good
2/8/22 22:14:21,-71,Good
2/8/22 22:14:26,-72,Good
2/8/22 22:14:33,-71,Good
2/8/22 22:14:41,-72,Good
2/8/22 22:14:56,-71,Good
2/8/22 22:15:41,-72,Good
2/8/22 22:15:49,-71,Good
2/8/22 22:20:17,-70,Good
2/8/22 22:20:27,-71,Good
2/8/22 22:20:33,-70,Good
2/8/22 22:26:27,-69,Good
2/8/22 22:31:03,-68,Good
2/8/22 22:31:21,-69,Good
2/8/22 22:31:28,-68,Good
2/8/22 22:35:57,-67,Good
2/8/22 22:40:43,-66,Good
2/8/22 22:44:57,-65,Good
2/8/22 22:48:50,-64,Good
2/8/22 22:52:37,-63,Good
2/8/22 22:56:28,-62,Good
2/8/22 22:59:49,-61,Good
2/8/22 23:03:12,-60,Good
2/8/22 23:06:43,-59,Good
2/8/22 23:10:19,-58,Good
2/8/22 23:13:43,-57,Good
2/8/22 23:17:26,-56,Good
2/8/22 23:20:27,-55,Good
2/8/22 23:23:48,-54,Good
2/8/22 23:27:19,-53,Good
2/8/22 23:30:22,-52,Good
2/8/22 23:33:33,-51,Good
2/8/22 23:35:36,-52,Good
2/8/22 23:35:49,-51,Good
2/8/22 23:36:36,-50,Good
2/8/22 23:36:41,-51,Good
2/8/22 23:38:52,-50,Good
2/8/22 23:41:58,-49,Good
2/8/22 23:45:34,-48,Good
2/8/22 23:48:12,-47,Good
2/8/22 23:51:28,-46,Good
2/8/22 23:54:21,-45,Good
2/8/22 23:54:27,-46,Good
2/8/22 23:54:34,-45,Good
2/8/22 23:57:47,-44,Good
2/9/22 00:00:48,-43,Good
2/9/22 00:00:51,-44,Good
2/9/22 00:00:58,-43,Good
2/9/22 00:01:33,-42,Good
2/9/22 00:01:36,-43,Good
2/9/22 00:02:11,-42,Good
2/9/22 00:02:19,-43,Good
2/9/22 00:02:41,-42,Good
2/9/22 00:02:51,-43,Good
2/9/22 00:02:56,-42,Good
2/9/22 00:03:51,-43,Good
2/9/22 00:03:57,-42,Good
2/9/22 00:04:52,-41,Good
2/9/22 00:08:03,-40,Good
2/9/22 00:08:51,-41,Good
2/9/22 00:08:58,-40,Good
2/9/22 00:09:05,-41,Good
2/9/22 00:09:13,-40,Good
2/9/22 00:09:18,-41,Good
2/9/22 00:09:58,-40,Good
2/9/22 00:13:04,-39,Good
2/9/22 00:16:27,-38,Good
2/9/22 00:20:03,-37,Good
2/9/22 00:23:22,-36,Good
2/9/22 00:26:48,-35,Good
2/9/22 00:26:51,-36,Good
2/9/22 00:26:58,-35,Good
2/9/22 00:28:51,-34,Good
2/9/22 00:28:56,-35,Good
2/9/22 00:29:06,-34,Good
2/9/22 00:29:11,-35,Good
2/9/22 00:29:19,-34,Good
2/9/22 00:29:34,-35,Good
2/9/22 00:29:36,-34,Good
2/9/22 00:29:49,-35,Good
2/9/22 00:29:51,-34,Good
2/9/22 00:31:49,-33,Good
2/9/22 00:32:04,-34,Good
2/9/22 00:33:42,-33,Good
2/9/22 00:37:19,-32,Good
2/9/22 00:41:07,-31,Good
2/9/22 00:44:43,-30,Good
2/9/22 00:48:34,-29,Good
2/9/22 00:49:42,-28,Good
2/9/22 00:49:49,-29,Good
2/9/22 00:50:12,-28,Good
2/9/22 00:50:17,-29,Good
2/9/22 00:50:22,-28,Good
2/9/22 00:52:03,-29,Good
2/9/22 00:52:07,-28,Good
2/9/22 00:52:12,-29,Good
2/9/22 00:52:17,-28,Good
2/9/22 00:56:04,-27,Good
2/9/22 00:59:47,-26,Good
2/9/22 01:03:13,-25,Good
2/9/22 01:07:19,-24,Good
2/9/22 01:08:47,-23,Good
2/9/22 01:08:52,-24,Good
2/9/22 01:11:20,-23,Good
2/9/22 01:15:26,-22,Good
2/9/22 01:19:07,-21,Good
2/9/22 01:19:12,-22,Good
2/9/22 01:19:18,-21,Good
2/9/22 01:22:43,-20,Good
2/9/22 01:24:06,-19,Good
2/9/22 01:24:49,-20,Good
2/9/22 01:24:52,-19,Good
2/9/22 01:24:56,-20,Good
2/9/22 01:26:04,-19,Good
2/9/22 01:26:07,-20,Good
2/9/22 01:26:32,-19,Good
2/9/22 01:30:21,-18,Good
2/9/22 01:30:28,-19,Good
2/9/22 01:30:41,-18,Good
2/9/22 01:30:51,-19,Good
2/9/22 01:30:58,-18,Good
2/9/22 01:35:07,-17,Good
2/9/22 01:35:12,-18,Good
2/9/22 01:35:19,-17,Good
2/9/22 01:39:43,-16,Good
2/9/22 01:41:06,-15,Good
2/9/22 01:41:26,-16,Good
2/9/22 01:43:34,-15,Good
2/9/22 01:47:58,-14,Good
2/9/22 01:52:47,-13,Good
2/9/22 01:57:05,-12,Good
2/9/22 02:01:57,-11,Good
2/9/22 02:06:58,-10,Good
2/9/22 02:12:17,-9,Good
2/9/22 02:14:20,-8,Good
2/9/22 02:14:28,-9,Good
2/9/22 02:14:48,-8,Good
2/9/22 02:16:51,-9,Good
2/9/22 02:17:03,-8,Good
2/9/22 02:22:43,-7,Good
2/9/22 02:28:22,-6,Good
2/9/22 02:31:45,-5,Good
2/9/22 02:32:50,-6,Good
2/9/22 02:32:58,-5,Good
2/9/22 02:33:01,-6,Good
2/9/22 02:33:06,-5,Good
2/9/22 02:33:13,-6,Good
2/9/22 02:33:21,-5,Good
2/9/22 02:39:07,-4,Good
2/9/22 02:39:12,-5,Good
2/9/22 02:39:15,-4,Good
2/9/22 02:40:30,-5,Good
2/9/22 02:41:28,-6,Good
2/9/22 02:42:59,-7,Good
2/9/22 02:46:00,-8,Good
2/9/22 02:46:07,-7,Good
2/9/22 02:46:12,-8,Good
2/9/22 02:47:52,-7,Good
2/9/22 02:49:28,-8,Good
2/9/22 02:49:31,-7,Good
2/9/22 02:49:45,-8,Good
2/9/22 02:49:50,-7,Good
2/9/22 02:49:58,-8,Good
2/9/22 02:50:00,-7,Good
2/9/22 02:50:05,-8,Good
2/9/22 02:55:14,-9,Good
2/9/22 03:04:44,-8,Good
2/9/22 03:06:37,-9,Good
2/9/22 03:19:36,-10,Good
2/9/22 03:19:41,-9,Good
2/9/22 03:19:46,-10,Good
2/9/22 03:19:51,-9,Good
2/9/22 03:19:59,-10,Good
2/9/22 03:20:06,-9,Good
2/9/22 03:27:06,-10,Good
2/9/22 03:27:13,-9,Good
2/9/22 03:27:16,-10,Good
2/9/22 03:28:46,-9,Good
2/9/22 03:28:51,-10,Good
2/9/22 03:29:16,-9,Good
2/9/22 03:29:36,-10,Good
2/9/22 03:29:41,-9,Good
2/9/22 03:29:46,-10,Good
2/9/22 03:30:27,-9,Good
2/9/22 03:30:31,-10,Good
2/9/22 03:37:06,-9,Good
2/9/22 03:37:11,-10,Good
2/9/22 03:37:31,-9,Good
2/9/22 03:39:37,-10,Good
2/9/22 03:39:44,-9,Good
2/9/22 03:39:52,-10,Good
2/9/22 03:40:57,-9,Good
2/9/22 03:41:00,-10,Good
2/9/22 03:43:08,-9,Good
2/9/22 03:43:13,-10,Good
2/9/22 03:43:15,-9,Good
2/9/22 03:43:20,-10,Good
2/9/22 03:43:28,-9,Good
2/9/22 03:45:44,-10,Good
2/9/22 03:45:46,-9,Good
2/9/22 03:47:37,-10,Good
2/9/22 03:47:52,-9,Good
2/9/22 03:47:56,-10,Good
2/9/22 03:48:06,-9,Good
2/9/22 03:48:11,-10,Good
2/9/22 03:49:37,-9,Good
2/9/22 03:49:42,-10,Good
2/9/22 03:52:00,-9,Good
2/9/22 03:52:05,-10,Good
2/9/22 03:52:20,-9,Good
2/9/22 04:10:43,-8,Good
2/9/22 04:10:46,-9,Good
2/9/22 04:10:58,-8,Good
2/9/22 04:11:00,-9,Good
2/9/22 04:11:05,-8,Good
2/9/22 04:11:58,-9,Good
2/9/22 04:12:05,-8,Good
2/9/22 04:12:13,-9,Good
2/9/22 04:12:21,-8,Good
2/9/22 04:12:28,-9,Good
2/9/22 04:12:36,-8,Good
2/9/22 04:12:43,-9,Good
2/9/22 04:13:06,-8,Good
2/9/22 04:13:11,-9,Good
2/9/22 04:27:00,-8,Good
2/9/22 04:27:07,-9,Good
2/9/22 04:27:12,-8,Good
2/9/22 04:28:50,-9,Good
2/9/22 04:29:05,-8,Good
2/9/22 04:29:13,-9,Good
2/9/22 04:32:46,-8,Good
2/9/22 04:32:52,-9,Good
2/9/22 04:33:17,-8,Good
2/9/22 04:33:22,-9,Good
2/9/22 04:33:27,-8,Good
2/9/22 04:33:37,-9,Good
2/9/22 04:33:41,-8,Good
2/9/22 04:47:13,-7,Good
2/9/22 04:47:28,-8,Good
2/9/22 05:01:42,-7,Good
2/9/22 05:01:45,-8,Good
2/9/22 05:01:57,-7,Good
2/9/22 05:02:00,-8,Good
2/9/22 05:02:12,-7,Good
2/9/22 05:05:01,-8,Good
2/9/22 05:05:06,-7,Good
2/9/22 05:05:16,-8,Good
2/9/22 05:05:21,-7,Good
2/9/22 05:05:28,-8,Good
2/9/22 05:05:31,-7,Good
2/9/22 05:05:36,-8,Good
2/9/22 05:10:44,-7,Good
2/9/22 05:10:52,-8,Good
2/9/22 05:10:57,-7,Good
2/9/22 05:10:59,-8,Good
2/9/22 05:11:12,-7,Good
2/9/22 05:11:27,-8,Good
2/9/22 05:11:30,-7,Good
2/9/22 05:37:57,-6,Good
2/9/22 05:38:00,-7,Good
2/9/22 05:38:15,-6,Good
2/9/22 05:38:22,-7,Good
2/9/22 05:38:27,-6,Good
2/9/22 05:38:37,-7,Good
2/9/22 05:38:45,-6,Good
2/9/22 05:54:07,-5,Good
2/9/22 05:57:53,-4,Good
2/9/22 05:57:58,-5,Good
2/9/22 05:58:20,-4,Good
2/9/22 06:03:07,-3,Good
2/9/22 06:03:17,-4,Good
2/9/22 06:03:32,-3,Good
2/9/22 06:03:37,-4,Good
2/9/22 06:08:16,-3,Good
2/9/22 06:17:59,-2,Good
2/9/22 06:18:01,-3,Good
2/9/22 06:18:06,-2,Good
2/9/22 06:22:37,-1,Good
2/9/22 06:24:28,-2,Good
2/9/22 06:24:30,-1,Good
2/9/22 06:24:45,-2,Good
2/9/22 06:24:53,-1,Good
2/9/22 06:25:08,-2,Good
2/9/22 06:28:14,-1,Good
2/9/22 06:28:16,-2,Good
2/9/22 06:28:21,-1,Good
2/9/22 06:39:12,0,Good
2/9/22 06:43:16,1,Good
2/9/22 06:47:27,0,Good
2/9/22 06:47:42,1,Good
2/9/22 06:47:47,0,Good
2/9/22 06:49:45,1,Good
2/9/22 07:02:36,2,Good
2/9/22 07:02:59,1,Good
2/9/22 07:03:01,2,Good
2/9/22 07:08:45,3,Good
2/9/22 07:09:08,2,Good
2/9/22 07:09:13,3,Good
2/9/22 07:10:46,2,Good
2/9/22 07:10:50,3,Good
2/9/22 07:11:16,2,Good
2/9/22 07:16:22,3,Good
2/9/22 07:16:42,2,Good
2/9/22 07:16:45,3,Good
2/9/22 07:23:47,4,Good
2/9/22 07:23:52,3,Good
2/9/22 07:24:52,4,Good
2/9/22 07:25:00,3,Good
2/9/22 07:25:07,4,Good
2/9/22 07:45:30,5,Good
2/9/22 07:45:38,4,Good
2/9/22 07:45:43,5,Good
2/9/22 07:45:45,4,Good
2/9/22 07:46:00,5,Good
2/9/22 07:46:28,4,Good
2/9/22 07:46:30,5,Good
2/9/22 07:48:44,4,Good
2/9/22 08:34:59,5,Good
2/9/22 08:35:01,4,Good
2/9/22 08:35:06,5,Good
2/9/22 08:35:12,4,Good
2/9/22 08:35:17,5,Good
2/9/22 08:35:22,4,Good
2/9/22 08:43:21,5,Good
2/9/22 08:43:29,4,Good
2/9/22 08:43:36,5,Good
2/9/22 08:43:44,4,Good
2/9/22 08:43:47,5,Good
2/9/22 08:44:02,4,Good
2/9/22 08:44:07,5,Good
2/9/22 08:54:07,4,Good
2/9/22 08:54:12,5,Good
2/9/22 08:54:22,4,Good
2/9/22 08:54:27,5,Good
2/9/22 08:54:32,4,Good
2/9/22 09:02:44,5,Good
2/9/22 09:02:47,4,Good
2/9/22 09:03:02,5,Good
2/9/22 09:03:12,4,Good
2/9/22 09:03:17,5,Good
2/9/22 09:03:52,4,Good
2/9/22 09:03:57,5,Good
2/9/22 09:14:45,4,Good
2/9/22 09:14:53,5,Good
2/9/22 09:14:58,4,Good
2/9/22 09:15:00,5,Good
2/9/22 09:35:23,6,Good
2/9/22 09:35:31,5,Good
2/9/22 09:42:28,6,Good
2/9/22 09:42:30,5,Good
2/9/22 09:42:43,6,Good
2/9/22 09:49:22,5,Good
2/9/22 09:50:45,4,Good
2/9/22 09:53:29,3,Good
2/9/22 09:53:31,4,Good
2/9/22 09:53:36,3,Good
2/9/22 09:55:44,2,Good
2/9/22 09:59:45,1,Good
2/9/22 10:00:15,2,Good
2/9/22 10:00:23,1,Good
2/9/22 10:00:28,2,Good
2/9/22 10:00:43,1,Good
2/9/22 10:00:46,2,Good
2/9/22 10:04:22,1,Good
2/9/22 10:11:51,0,Good
2/9/22 10:26:08,1,Good
2/9/22 10:26:13,0,Good
2/9/22 10:26:45,1,Good
2/9/22 10:27:53,0,Good
2/9/22 10:30:06,1,Good
2/9/22 10:30:14,0,Good
2/9/22 10:30:16,1,Good
2/9/22 10:30:29,-1,Good
2/9/22 10:30:31,0,Good
2/9/22 10:30:36,-1,Good
2/9/22 10:30:44,0,Good
2/9/22 10:33:07,1,Good
2/9/22 10:33:12,0,Good
2/9/22 10:34:22,1,Good
2/9/22 10:34:27,0,Good
2/9/22 10:34:42,1,Good
2/9/22 10:34:45,0,Good
2/9/22 10:35:13,1,Good
2/9/22 10:35:15,0,Good
2/9/22 10:35:23,1,Good
2/9/22 10:35:28,0,Good
2/9/22 10:35:30,1,Good
2/9/22 10:35:38,0,Good
2/9/22 10:35:43,1,Good
2/9/22 10:35:53,0,Good
2/9/22 10:35:58,1,Good
2/9/22 10:36:08,0,Good
2/9/22 10:36:13,1,Good
2/9/22 10:36:38,0,Good
2/9/22 10:36:46,1,Good
2/9/22 10:37:31,2,Good
2/9/22 10:37:36,1,Good
2/9/22 10:37:46,2,Good
2/9/22 10:38:14,1,Good
2/9/22 10:38:16,2,Good
2/9/22 10:39:46,3,Good
2/9/22 10:39:52,2,Good
2/9/22 10:39:59,3,Good
2/9/22 10:40:17,2,Good
2/9/22 10:40:22,3,Good
2/9/22 10:40:37,4,Good
2/9/22 10:40:44,3,Good
2/9/22 10:41:02,4,Good
2/9/22 10:41:07,3,Good
2/9/22 10:41:14,4,Good
2/9/22 10:41:22,3,Good
2/9/22 10:41:27,4,Good
2/9/22 10:43:12,5,Good
2/9/22 10:43:17,4,Good
2/9/22 10:43:27,5,Good
2/9/22 10:45:38,6,Good
2/9/22 10:45:43,5,Good
2/9/22 10:45:46,6,Good
2/9/22 10:45:53,5,Good
2/9/22 10:45:58,6,Good
2/9/22 10:46:13,5,Good
2/9/22 10:46:23,6,Good
2/9/22 10:55:01,7,Good
2/9/22 10:55:08,6,Good
2/9/22 10:55:16,7,Good
2/9/22 10:57:31,8,Good
2/9/22 10:57:36,7,Good
2/9/22 10:57:44,8,Good
2/9/22 10:57:47,7,Good
2/9/22 10:57:59,8,Good
2/9/22 10:58:02,7,Good
2/9/22 10:58:17,8,Good
2/9/22 11:07:22,9,Good
2/9/22 11:12:08,8,Good
2/9/22 11:12:13,9,Good
2/9/22 11:12:15,8,Good
2/9/22 11:12:38,9,Good
2/9/22 11:12:43,8,Good
2/9/22 11:12:46,9,Good
2/9/22 11:12:58,8,Good
2/9/22 11:13:01,9,Good
2/9/22 11:17:22,10,Good
2/9/22 11:17:27,9,Good
2/9/22 11:17:37,10,Good
2/9/22 11:17:47,9,Good
2/9/22 11:17:52,10,Good
2/9/22 11:25:14,11,Good
2/9/22 11:25:17,10,Good
2/9/22 11:25:32,11,Good
2/9/22 11:33:51,10,Good
2/9/22 11:33:59,11,Good
2/9/22 11:38:30,12,Good
2/9/22 11:38:38,11,Good
2/9/22 11:38:43,12,Good
2/9/22 11:53:22,13,Good
2/9/22 11:53:32,12,Good
2/9/22 11:53:37,13,Good
2/9/22 12:00:29,12,Good
2/9/22 12:00:31,13,Good
2/9/22 12:00:52,12,Good
2/9/22 12:00:59,13,Good
2/9/22 12:01:07,12,Good
2/9/22 12:01:52,13,Good
2/9/22 12:02:02,12,Good
2/9/22 12:02:17,13,Good
2/9/22 12:15:23,12,Good
2/9/22 12:24:38,13,Good
2/9/22 12:25:59,12,Good
2/9/22 12:26:11,13,Good
2/9/22 12:26:16,12,Good
2/9/22 12:26:21,13,Good
2/9/22 12:26:36,12,Good
2/9/22 12:26:46,13,Good
2/9/22 12:26:52,12,Good
2/9/22 12:26:57,13,Good
2/9/22 12:27:01,12,Good
2/9/22 12:28:02,13,Good
2/9/22 12:28:07,12,Good
2/9/22 12:28:22,13,Good
2/9/22 12:28:37,12,Good
2/9/22 12:28:52,13,Good
2/9/22 12:28:55,12,Good
2/9/22 12:29:02,13,Good
2/9/22 12:55:37,12,Good
2/9/22 12:55:47,13,Good
2/9/22 12:55:52,12,Good
2/9/22 12:56:10,13,Good
2/9/22 12:56:17,12,Good
2/9/22 12:56:25,13,Good
2/9/22 12:56:52,12,Good
2/9/22 12:56:55,13,Good
2/9/22 12:59:38,12,Good
2/9/22 12:59:41,13,Good
2/9/22 12:59:56,12,Good
2/9/22 13:00:08,13,Good
2/9/22 13:00:16,12,Good
2/9/22 13:04:39,13,Good
2/9/22 13:15:17,14,Good
2/9/22 13:33:47,15,Good
2/9/22 13:49:02,16,Good
2/9/22 13:50:35,16,Good
2/9/22 13:50:40,32767,Good
2/9/22 14:50:42,32767,Good
2/9/22 15:50:46,32767,Good
