WestLo (deg c),,
Timestamp,Value,Quality
2/7/22 00:01:42,21,Good
2/7/22 00:01:47,32767,Good
2/7/22 00:02:02,21,Good
2/7/22 00:20:32,21,Good
2/7/22 00:20:37,-48,Good
2/7/22 00:20:40,-47,Good
2/7/22 00:20:47,-36,Good
2/7/22 00:20:52,-31,Good
2/7/22 00:20:55,-30,Good
2/7/22 00:21:03,-24,Good
2/7/22 00:21:08,-22,Good
2/7/22 00:21:10,-20,Good
2/7/22 00:21:17,-17,Good
2/7/22 00:21:22,-15,Good
2/7/22 00:21:25,-14,Good
2/7/22 00:21:33,-10,Good
2/7/22 00:21:38,-7,Good
2/7/22 00:21:40,-6,Good
2/7/22 00:21:48,-3,Good
2/7/22 00:21:53,-1,Good
2/7/22 00:21:55,0,Good
2/7/22 00:22:00,2,Good
2/7/22 00:22:08,3,Good
2/7/22 00:22:10,4,Good
2/7/22 00:22:18,6,Good
2/7/22 00:22:23,7,Good
2/7/22 00:22:33,8,Good
2/7/22 00:22:38,9,Good
2/7/22 00:22:46,10,Good
2/7/22 00:22:53,11,Good
2/7/22 00:23:00,12,Good
2/7/22 00:23:08,13,Good
2/7/22 00:23:15,14,Good
2/7/22 00:23:23,15,Good
2/7/22 00:23:30,16,Good
2/7/22 00:23:46,17,Good
2/7/22 00:23:56,18,Good
2/7/22 00:24:11,19,Good
2/7/22 00:24:41,20,Good
2/7/22 00:25:31,21,Good
2/7/22 01:25:38,21,Good
2/7/22 02:25:40,21,Good
2/7/22 03:25:42,21,Good
2/7/22 04:25:48,21,Good
2/7/22 04:35:24,20,Good
2/7/22 04:35:26,21,Good
2/7/22 04:36:46,20,Good
2/7/22 04:36:54,21,Good
2/7/22 04:43:26,20,Good
2/7/22 04:43:31,21,Good
2/7/22 04:45:54,20,Good
2/7/22 04:45:57,21,Good
2/7/22 04:46:17,20,Good
2/7/22 04:46:24,21,Good
2/7/22 04:59:55,20,Good
2/7/22 05:00:03,21,Good
2/7/22 05:25:37,22,Good
2/7/22 05:26:03,21,Good
2/7/22 05:26:07,22,Good
2/7/22 05:26:55,21,Good
2/7/22 05:27:03,22,Good
2/7/22 05:28:08,21,Good
2/7/22 05:28:10,22,Good
2/7/22 05:28:23,21,Good
2/7/22 05:28:26,22,Good
2/7/22 05:28:53,21,Good
2/7/22 05:28:56,22,Good
2/7/22 05:29:11,21,Good
2/7/22 06:03:18,22,Good
2/7/22 06:07:54,23,Good
2/7/22 06:08:37,22,Good
2/7/22 06:10:12,21,Good
2/7/22 06:59:09,22,Good
2/7/22 06:59:11,21,Good
2/7/22 06:59:26,22,Good
2/7/22 06:59:31,21,Good
2/7/22 06:59:39,22,Good
2/7/22 06:59:41,21,Good
2/7/22 06:59:56,22,Good
2/7/22 07:00:01,21,Good
2/7/22 07:00:24,22,Good
2/7/22 07:01:12,21,Good
2/7/22 07:01:24,22,Good
2/7/22 07:01:42,21,Good
2/7/22 07:01:47,22,Good
2/7/22 07:01:52,21,Good
2/7/22 07:02:09,22,Good
2/7/22 07:10:09,21,Good
2/7/22 07:10:12,22,Good
2/7/22 07:10:47,21,Good
2/7/22 07:10:57,22,Good
2/7/22 07:11:19,21,Good
2/7/22 07:11:27,22,Good
2/7/22 07:11:34,21,Good
2/7/22 07:12:12,22,Good
2/7/22 07:12:17,21,Good
2/7/22 07:12:37,22,Good
2/7/22 07:12:42,21,Good
2/7/22 07:12:57,22,Good
2/7/22 07:13:12,21,Good
2/7/22 07:13:18,22,Good
2/7/22 07:13:23,21,Good
2/7/22 07:13:33,22,Good
2/7/22 07:13:38,21,Good
2/7/22 07:13:40,22,Good
2/7/22 07:13:48,21,Good
2/7/22 07:13:55,22,Good
2/7/22 07:14:03,21,Good
2/7/22 07:14:55,22,Good
2/7/22 07:15:03,21,Good
2/7/22 07:15:08,22,Good
2/7/22 07:15:11,21,Good
2/7/22 07:15:18,22,Good
2/7/22 07:16:06,21,Good
2/7/22 07:16:11,22,Good
2/7/22 07:17:56,21,Good
2/7/22 07:18:01,22,Good
2/7/22 07:18:09,21,Good
2/7/22 07:18:11,22,Good
2/7/22 07:21:57,21,Good
2/7/22 07:22:03,22,Good
2/7/22 07:22:12,21,Good
2/7/22 07:22:17,22,Good
2/7/22 07:23:03,21,Good
2/7/22 07:23:05,22,Good
2/7/22 07:23:48,21,Good
2/7/22 07:23:51,22,Good
2/7/22 07:28:57,21,Good
2/7/22 07:29:02,22,Good
2/7/22 07:29:39,21,Good
2/7/22 07:29:52,22,Good
2/7/22 07:29:57,21,Good
2/7/22 07:31:32,22,Good
2/7/22 07:31:38,21,Good
2/7/22 07:31:52,22,Good
2/7/22 07:31:55,21,Good
2/7/22 07:32:08,22,Good
2/7/22 07:32:18,21,Good
2/7/22 07:32:38,22,Good
2/7/22 07:32:48,21,Good
2/7/22 07:33:33,22,Good
2/7/22 07:33:38,21,Good
2/7/22 07:33:41,22,Good
2/7/22 07:33:53,21,Good
2/7/22 07:33:56,22,Good
2/7/22 07:34:03,21,Good
2/7/22 07:36:31,22,Good
2/7/22 07:36:39,21,Good
2/7/22 07:36:41,22,Good
2/7/22 07:36:46,21,Good
2/7/22 07:37:57,22,Good
2/7/22 07:38:02,21,Good
2/7/22 07:38:12,22,Good
2/7/22 07:38:17,21,Good
2/7/22 07:41:55,22,Good
2/7/22 07:42:03,21,Good
2/7/22 07:45:41,22,Good
2/7/22 07:45:46,21,Good
2/7/22 07:50:18,22,Good
2/7/22 07:53:31,21,Good
2/7/22 07:53:46,22,Good
2/7/22 07:53:53,21,Good
2/7/22 07:54:01,22,Good
2/7/22 07:54:09,21,Good
2/7/22 07:54:16,22,Good
2/7/22 07:54:54,21,Good
2/7/22 08:09:18,22,Good
2/7/22 08:09:25,21,Good
2/7/22 08:09:33,22,Good
2/7/22 08:09:48,21,Good
2/7/22 08:09:53,22,Good
2/7/22 08:10:38,21,Good
2/7/22 08:10:41,22,Good
2/7/22 09:10:48,22,Good
2/7/22 09:19:20,23,Good
2/7/22 09:19:27,22,Good
2/7/22 09:20:18,23,Good
2/7/22 09:20:20,22,Good
2/7/22 09:20:36,23,Good
2/7/22 09:20:48,22,Good
2/7/22 09:21:51,23,Good
2/7/22 09:22:11,22,Good
2/7/22 09:22:21,23,Good
2/7/22 09:22:26,22,Good
2/7/22 09:22:31,23,Good
2/7/22 09:22:36,22,Good
2/7/22 09:22:41,23,Good
2/7/22 09:22:48,22,Good
2/7/22 09:28:18,23,Good
2/7/22 09:28:20,22,Good
2/7/22 09:28:28,23,Good
2/7/22 09:28:33,22,Good
2/7/22 09:29:21,23,Good
2/7/22 09:29:33,22,Good
2/7/22 09:29:51,23,Good
2/7/22 09:29:56,22,Good
2/7/22 09:30:21,23,Good
2/7/22 09:30:26,22,Good
2/7/22 09:39:48,23,Good
2/7/22 09:39:51,22,Good
2/7/22 09:40:06,23,Good
2/7/22 09:40:11,22,Good
2/7/22 09:40:33,23,Good
2/7/22 09:40:41,22,Good
2/7/22 09:41:21,23,Good
2/7/22 09:41:26,22,Good
2/7/22 09:41:42,23,Good
2/7/22 09:41:57,22,Good
2/7/22 09:42:02,23,Good
2/7/22 09:42:06,22,Good
2/7/22 09:42:12,23,Good
2/7/22 09:42:22,22,Good
2/7/22 09:42:34,23,Good
2/7/22 09:42:42,22,Good
2/7/22 09:42:47,23,Good
2/7/22 09:42:57,22,Good
2/7/22 09:43:07,23,Good
2/7/22 09:43:57,22,Good
2/7/22 09:44:02,23,Good
2/7/22 09:44:35,22,Good
2/7/22 09:44:47,23,Good
2/7/22 09:45:12,22,Good
2/7/22 09:45:20,23,Good
2/7/22 09:45:48,22,Good
2/7/22 09:45:50,23,Good
2/7/22 09:55:40,22,Good
2/7/22 09:58:11,21,Good
2/7/22 10:01:19,20,Good
2/7/22 10:07:04,19,Good
2/7/22 10:07:11,20,Good
2/7/22 10:07:49,19,Good
2/7/22 10:07:51,20,Good
2/7/22 10:08:22,19,Good
2/7/22 10:21:02,18,Good
2/7/22 10:21:05,19,Good
2/7/22 10:21:18,18,Good
2/7/22 10:22:13,19,Good
2/7/22 10:22:18,18,Good
2/7/22 10:47:17,17,Good
2/7/22 11:33:20,18,Good
2/7/22 11:33:32,17,Good
2/7/22 11:33:43,18,Good
2/7/22 11:33:50,17,Good
2/7/22 11:34:05,18,Good
2/7/22 11:34:13,17,Good
2/7/22 11:34:18,18,Good
2/7/22 12:18:48,19,Good
2/7/22 12:19:03,18,Good
2/7/22 12:19:06,19,Good
2/7/22 12:20:11,18,Good
2/7/22 12:20:18,19,Good
2/7/22 12:21:03,18,Good
2/7/22 12:21:06,19,Good
2/7/22 12:21:21,18,Good
2/7/22 12:21:26,19,Good
2/7/22 12:21:36,18,Good
2/7/22 12:21:41,19,Good
2/7/22 12:22:04,18,Good
2/7/22 12:22:06,19,Good
2/7/22 12:22:11,18,Good
2/7/22 12:22:19,19,Good
2/7/22 12:22:41,18,Good
2/7/22 12:23:01,19,Good
2/7/22 12:23:07,18,Good
2/7/22 12:23:11,19,Good
2/7/22 12:23:47,18,Good
2/7/22 12:23:52,19,Good
2/7/22 12:24:12,18,Good
2/7/22 12:24:22,19,Good
2/7/22 12:24:37,18,Good
2/7/22 12:24:42,19,Good
2/7/22 12:24:57,18,Good
2/7/22 12:25:02,19,Good
2/7/22 12:25:17,18,Good
2/7/22 12:25:27,19,Good
2/7/22 12:25:57,18,Good
2/7/22 12:26:05,19,Good
2/7/22 12:26:12,18,Good
2/7/22 12:26:17,19,Good
2/7/22 12:26:27,18,Good
2/7/22 12:26:32,19,Good
2/7/22 12:27:20,18,Good
2/7/22 12:27:33,19,Good
2/7/22 12:28:13,18,Good
2/7/22 12:28:18,19,Good
2/7/22 12:29:41,18,Good
2/7/22 12:29:48,19,Good
2/7/22 12:30:11,18,Good
2/7/22 12:30:18,19,Good
2/7/22 12:34:57,20,Good
2/7/22 12:35:02,19,Good
2/7/22 12:53:12,20,Good
2/7/22 12:53:17,19,Good
2/7/22 12:53:37,20,Good
2/7/22 13:22:33,21,Good
2/7/22 13:22:48,20,Good
2/7/22 13:22:56,21,Good
2/7/22 13:23:03,20,Good
2/7/22 13:23:06,21,Good
2/7/22 13:23:11,20,Good
2/7/22 13:37:12,21,Good
2/7/22 13:37:17,20,Good
2/7/22 13:37:27,21,Good
2/7/22 13:42:21,20,Good
2/7/22 13:42:26,21,Good
2/7/22 14:20:47,22,Good
2/7/22 14:20:57,21,Good
2/7/22 14:21:02,22,Good
2/7/22 14:21:07,21,Good
2/7/22 14:21:12,22,Good
2/7/22 14:21:37,21,Good
2/7/22 14:21:42,22,Good
2/7/22 14:49:42,23,Good
2/7/22 14:49:52,22,Good
2/7/22 14:50:20,23,Good
2/7/22 14:50:28,22,Good
2/7/22 14:50:35,23,Good
2/7/22 14:50:48,22,Good
2/7/22 14:50:50,23,Good
2/7/22 14:50:58,22,Good
2/7/22 14:51:03,23,Good
2/7/22 14:51:35,22,Good
2/7/22 14:51:43,23,Good
2/7/22 15:14:52,24,Good
2/7/22 15:15:02,23,Good
2/7/22 15:15:22,24,Good
2/7/22 15:15:27,23,Good
2/7/22 15:15:42,24,Good
2/7/22 15:15:47,23,Good
2/7/22 15:15:57,24,Good
2/7/22 15:16:07,23,Good
2/7/22 15:16:12,24,Good
2/7/22 15:16:17,23,Good
2/7/22 15:16:27,24,Good
2/7/22 15:16:42,23,Good
2/7/22 15:16:48,24,Good
2/7/22 15:16:57,23,Good
2/7/22 15:17:03,24,Good
2/7/22 15:17:18,23,Good
2/7/22 15:17:35,24,Good
2/7/22 15:17:43,23,Good
2/7/22 15:23:12,24,Good
2/7/22 15:23:19,23,Good
2/7/22 15:23:42,24,Good
2/7/22 15:23:47,23,Good
2/7/22 15:23:57,24,Good
2/7/22 15:24:22,23,Good
2/7/22 15:24:32,24,Good
2/7/22 15:24:37,23,Good
2/7/22 15:24:42,24,Good
2/7/22 15:25:07,23,Good
2/7/22 15:25:12,24,Good
2/7/22 16:00:32,23,Good
2/7/22 16:00:37,24,Good
2/7/22 16:00:42,23,Good
2/7/22 16:00:52,24,Good
2/7/22 16:00:57,23,Good
2/7/22 16:12:18,22,Good
2/7/22 16:14:21,21,Good
2/7/22 16:14:51,20,Good
2/7/22 16:15:06,19,Good
2/7/22 16:15:26,18,Good
2/7/22 16:15:49,17,Good
2/7/22 16:16:04,16,Good
2/7/22 16:16:22,15,Good
2/7/22 16:16:42,14,Good
2/7/22 16:17:04,13,Good
2/7/22 16:17:27,12,Good
2/7/22 16:17:57,11,Good
2/7/22 16:18:32,10,Good
2/7/22 16:19:13,9,Good
2/7/22 16:19:50,8,Good
2/7/22 16:20:35,7,Good
2/7/22 16:20:50,8,Good
2/7/22 16:20:58,7,Good
2/7/22 16:21:33,6,Good
2/7/22 16:22:06,5,Good
2/7/22 16:22:34,4,Good
2/7/22 16:23:03,3,Good
2/7/22 16:23:34,2,Good
2/7/22 16:24:11,1,Good
2/7/22 16:24:49,0,Good
2/7/22 16:25:27,-1,Good
2/7/22 16:26:04,-2,Good
2/7/22 16:26:42,-3,Good
2/7/22 16:27:17,-4,Good
2/7/22 16:27:58,-5,Good
2/7/22 16:28:43,-6,Good
2/7/22 16:29:43,-7,Good
2/7/22 16:31:03,-8,Good
2/7/22 16:33:04,-9,Good
2/7/22 16:35:52,-10,Good
2/7/22 16:39:43,-11,Good
2/7/22 16:48:28,-12,Good
2/7/22 17:05:50,-13,Good
2/7/22 17:06:03,-12,Good
2/7/22 17:06:06,-13,Good
2/7/22 17:08:26,-14,Good
2/7/22 17:09:34,-15,Good
2/7/22 17:10:22,-16,Good
2/7/22 17:11:07,-17,Good
2/7/22 17:11:57,-18,Good
2/7/22 17:12:42,-19,Good
2/7/22 17:13:35,-20,Good
2/7/22 17:14:33,-21,Good
2/7/22 17:15:33,-22,Good
2/7/22 17:16:36,-23,Good
2/7/22 17:17:56,-24,Good
2/7/22 17:19:22,-25,Good
2/7/22 17:21:07,-26,Good
2/7/22 17:23:20,-27,Good
2/7/22 17:25:28,-28,Good
2/7/22 17:27:27,-29,Good
2/7/22 17:30:12,-30,Good
2/7/22 17:30:17,-29,Good
2/7/22 17:30:22,-30,Good
2/7/22 17:33:36,-31,Good
2/7/22 17:37:34,-32,Good
2/7/22 17:37:37,-31,Good
2/7/22 17:37:42,-32,Good
2/7/22 17:41:33,-33,Good
2/7/22 17:46:42,-34,Good
2/7/22 17:50:13,-35,Good
2/7/22 17:55:12,-36,Good
2/7/22 17:59:58,-37,Good
2/7/22 18:00:03,-36,Good
2/7/22 18:00:06,-37,Good
2/7/22 18:04:34,-38,Good
2/7/22 18:10:58,-39,Good
2/7/22 18:17:03,-40,Good
2/7/22 18:17:05,-39,Good
2/7/22 18:17:28,-40,Good
2/7/22 18:22:52,-41,Good
2/7/22 18:29:31,-42,Good
2/7/22 18:29:52,-41,Good
2/7/22 18:29:56,-42,Good
2/7/22 18:35:58,-43,Good
2/7/22 18:36:01,-42,Good
2/7/22 18:36:13,-43,Good
2/7/22 18:42:42,-44,Good
2/7/22 18:48:47,-45,Good
2/7/22 18:48:51,-44,Good
2/7/22 18:49:07,-45,Good
2/7/22 18:56:51,-46,Good
2/7/22 19:03:43,-47,Good
2/7/22 19:04:06,-46,Good
2/7/22 19:04:13,-47,Good
2/7/22 19:11:00,-48,Good
2/7/22 19:11:35,-47,Good
2/7/22 19:11:46,-48,Good
2/7/22 19:12:06,-47,Good
2/7/22 19:12:13,-48,Good
2/7/22 19:18:22,-49,Good
2/7/22 19:18:28,-48,Good
2/7/22 19:18:43,-49,Good
2/7/22 19:26:42,-50,Good
2/7/22 19:34:44,-51,Good
2/7/22 19:43:42,-52,Good
2/7/22 19:51:07,-53,Good
2/7/22 19:52:27,-52,Good
2/7/22 19:52:29,-53,Good
2/7/22 19:52:52,-52,Good
2/7/22 19:52:57,-53,Good
2/7/22 20:00:57,-54,Good
2/7/22 20:06:13,-53,Good
2/7/22 20:06:36,-52,Good
2/7/22 20:06:58,-51,Good
2/7/22 20:07:14,-50,Good
2/7/22 20:07:36,-49,Good
2/7/22 20:07:59,-48,Good
2/7/22 20:08:21,-47,Good
2/7/22 20:08:47,-46,Good
2/7/22 20:09:17,-45,Good
2/7/22 20:10:02,-44,Good
2/7/22 20:10:52,-43,Good
2/7/22 20:12:22,-42,Good
2/7/22 20:16:36,-41,Good
2/7/22 20:16:46,-42,Good
2/7/22 20:16:57,-41,Good
2/7/22 20:18:52,-42,Good
2/7/22 20:20:22,-41,Good
2/7/22 20:20:28,-42,Good
2/7/22 20:20:30,-41,Good
2/7/22 20:24:16,-42,Good
2/7/22 20:24:28,-41,Good
2/7/22 20:24:31,-42,Good
2/7/22 20:24:36,-41,Good
2/7/22 20:24:51,-42,Good
2/7/22 20:25:13,-41,Good
2/7/22 20:25:29,-42,Good
2/7/22 20:25:44,-41,Good
2/7/22 20:25:59,-42,Good
2/7/22 20:26:21,-41,Good
2/7/22 20:32:30,-42,Good
2/7/22 20:32:36,-41,Good
2/7/22 20:33:16,-42,Good
2/7/22 20:33:28,-41,Good
2/7/22 20:39:22,-42,Good
2/7/22 20:39:27,-41,Good
2/7/22 20:39:53,-42,Good
2/7/22 20:40:08,-41,Good
2/7/22 20:40:35,-42,Good
2/7/22 20:40:43,-41,Good
2/7/22 20:41:00,-42,Good
2/7/22 20:41:05,-41,Good
2/7/22 20:41:15,-42,Good
2/7/22 20:41:31,-41,Good
2/7/22 20:41:35,-42,Good
2/7/22 20:41:43,-41,Good
2/7/22 20:41:46,-42,Good
2/7/22 20:58:08,-43,Good
2/7/22 20:58:13,-42,Good
2/7/22 20:58:38,-43,Good
2/7/22 20:58:43,-42,Good
2/7/22 20:58:45,-43,Good
2/7/22 20:58:50,-42,Good
2/7/22 20:59:00,-43,Good
2/7/22 20:59:51,-42,Good
2/7/22 20:59:58,-43,Good
2/7/22 21:00:06,-42,Good
2/7/22 21:00:43,-43,Good
2/7/22 21:00:59,-42,Good
2/7/22 21:01:06,-43,Good
2/7/22 21:01:21,-42,Good
2/7/22 21:01:31,-43,Good
2/7/22 21:05:00,-42,Good
2/7/22 21:05:07,-43,Good
2/7/22 21:07:38,-42,Good
2/7/22 21:07:43,-43,Good
2/7/22 21:09:43,-42,Good
2/7/22 21:09:46,-43,Good
2/7/22 21:11:51,-42,Good
2/7/22 21:11:57,-43,Good
2/7/22 21:16:35,-44,Good
2/7/22 21:16:43,-43,Good
2/7/22 21:20:57,-44,Good
2/7/22 21:21:02,-43,Good
2/7/22 21:22:44,-44,Good
2/7/22 21:22:52,-43,Good
2/7/22 21:22:57,-44,Good
2/7/22 21:22:59,-43,Good
2/7/22 21:23:07,-44,Good
2/7/22 21:23:15,-43,Good
2/7/22 21:23:29,-44,Good
2/7/22 21:23:52,-43,Good
2/7/22 21:24:28,-44,Good
2/7/22 21:24:30,-43,Good
2/7/22 21:24:38,-44,Good
2/7/22 21:24:43,-43,Good
2/7/22 21:26:00,-44,Good
2/7/22 21:26:05,-43,Good
2/7/22 21:26:36,-44,Good
2/7/22 21:26:43,-43,Good
2/7/22 21:26:51,-44,Good
2/7/22 21:26:58,-43,Good
2/7/22 21:27:01,-44,Good
2/7/22 21:38:11,-45,Good
2/7/22 21:38:37,-44,Good
2/7/22 21:38:46,-45,Good
2/7/22 21:38:52,-44,Good
2/7/22 21:43:08,-45,Good
2/7/22 21:43:53,-44,Good
2/7/22 21:43:58,-45,Good
2/7/22 21:44:58,-44,Good
2/7/22 21:45:06,-45,Good
2/7/22 21:45:59,-44,Good
2/7/22 21:46:16,-45,Good
2/7/22 21:46:31,-44,Good
2/7/22 21:46:46,-45,Good
2/7/22 21:46:56,-44,Good
2/7/22 21:47:14,-45,Good
2/7/22 22:04:59,-46,Good
2/7/22 22:05:02,-45,Good
2/7/22 22:05:07,-46,Good
2/7/22 22:05:14,-45,Good
2/7/22 22:05:22,-46,Good
2/7/22 22:05:26,-45,Good
2/7/22 22:05:37,-46,Good
2/7/22 22:05:44,-45,Good
2/7/22 22:05:52,-46,Good
2/7/22 22:06:02,-45,Good
2/7/22 22:06:07,-46,Good
2/7/22 22:06:12,-45,Good
2/7/22 22:06:27,-46,Good
2/7/22 22:19:23,-47,Good
2/7/22 22:19:28,-46,Good
2/7/22 22:21:29,-47,Good
2/7/22 22:21:43,-46,Good
2/7/22 22:21:46,-47,Good
2/7/22 22:21:51,-46,Good
2/7/22 22:21:59,-47,Good
2/7/22 22:22:06,-46,Good
2/7/22 22:22:46,-47,Good
2/7/22 22:22:51,-46,Good
2/7/22 22:22:59,-47,Good
2/7/22 22:23:06,-46,Good
2/7/22 22:23:26,-47,Good
2/7/22 22:23:37,-46,Good
2/7/22 22:24:07,-47,Good
2/7/22 22:24:12,-46,Good
2/7/22 22:24:17,-47,Good
2/7/22 22:24:22,-46,Good
2/7/22 22:24:32,-47,Good
2/7/22 22:24:52,-46,Good
2/7/22 22:25:00,-47,Good
2/7/22 22:26:58,-46,Good
2/7/22 22:27:13,-47,Good
2/7/22 22:27:23,-46,Good
2/7/22 22:29:21,-47,Good
2/7/22 22:30:43,-46,Good
2/7/22 22:30:46,-47,Good
2/7/22 22:33:59,-46,Good
2/7/22 22:34:07,-47,Good
2/7/22 22:38:51,-46,Good
2/7/22 22:39:01,-47,Good
2/7/22 23:06:59,-48,Good
2/7/22 23:07:01,-47,Good
2/7/22 23:08:12,-48,Good
2/7/22 23:08:17,-47,Good
2/7/22 23:11:00,-48,Good
2/7/22 23:31:58,-49,Good
2/7/22 23:32:01,-48,Good
2/7/22 23:32:06,-49,Good
2/7/22 23:51:13,-50,Good
2/7/22 23:51:29,-49,Good
2/7/22 23:51:43,-50,Good
2/7/22 23:58:13,-49,Good
2/7/22 23:58:15,-50,Good
2/8/22 00:17:44,-51,Good
2/8/22 00:17:46,-50,Good
2/8/22 00:18:06,-51,Good
2/8/22 00:18:21,-50,Good
2/8/22 00:18:44,-51,Good
2/8/22 00:19:36,-50,Good
2/8/22 00:19:44,-51,Good
2/8/22 00:19:51,-50,Good
2/8/22 00:21:02,-51,Good
2/8/22 00:21:07,-50,Good
2/8/22 00:21:12,-51,Good
2/8/22 00:21:22,-50,Good
2/8/22 00:21:37,-51,Good
2/8/22 00:21:52,-50,Good
2/8/22 00:22:07,-51,Good
2/8/22 00:22:37,-50,Good
2/8/22 00:22:42,-51,Good
2/8/22 00:22:47,-50,Good
2/8/22 00:22:57,-51,Good
2/8/22 00:23:00,-50,Good
2/8/22 00:23:22,-51,Good
2/8/22 00:24:08,-50,Good
2/8/22 00:24:12,-51,Good
2/8/22 00:24:28,-50,Good
2/8/22 00:24:30,-51,Good
2/8/22 00:43:23,-52,Good
2/8/22 00:43:28,-51,Good
2/8/22 00:43:53,-52,Good
2/8/22 00:44:01,-51,Good
2/8/22 00:44:13,-52,Good
2/8/22 00:45:28,-51,Good
2/8/22 00:45:44,-52,Good
2/8/22 00:45:59,-51,Good
2/8/22 00:46:14,-52,Good
2/8/22 01:04:47,-53,Good
2/8/22 01:05:01,-52,Good
2/8/22 01:05:42,-53,Good
2/8/22 01:05:52,-52,Good
2/8/22 01:05:59,-53,Good
2/8/22 01:06:02,-52,Good
2/8/22 01:06:17,-53,Good
2/8/22 01:06:27,-52,Good
2/8/22 01:07:27,-53,Good
2/8/22 01:07:37,-52,Good
2/8/22 01:07:42,-53,Good
2/8/22 01:20:21,-52,Good
2/8/22 01:20:31,-53,Good
2/8/22 01:20:43,-52,Good
2/8/22 01:20:46,-53,Good
2/8/22 01:20:53,-52,Good
2/8/22 01:21:46,-53,Good
2/8/22 01:21:51,-52,Good
2/8/22 01:37:08,-53,Good
2/8/22 01:37:23,-52,Good
2/8/22 01:37:45,-53,Good
2/8/22 01:37:53,-52,Good
2/8/22 01:38:01,-53,Good
2/8/22 01:38:46,-52,Good
2/8/22 01:38:51,-53,Good
2/8/22 01:38:59,-52,Good
2/8/22 01:39:14,-53,Good
2/8/22 01:39:36,-52,Good
2/8/22 01:39:44,-53,Good
2/8/22 01:40:46,-52,Good
2/8/22 01:40:52,-53,Good
2/8/22 01:40:59,-52,Good
2/8/22 01:41:02,-53,Good
2/8/22 01:41:32,-52,Good
2/8/22 01:41:42,-53,Good
2/8/22 01:42:02,-52,Good
2/8/22 01:42:07,-53,Good
2/8/22 01:42:12,-52,Good
2/8/22 01:42:17,-53,Good
2/8/22 01:42:27,-52,Good
2/8/22 01:42:32,-53,Good
2/8/22 01:42:37,-52,Good
2/8/22 01:42:42,-53,Good
2/8/22 02:08:07,-54,Good
2/8/22 02:08:12,-53,Good
2/8/22 02:13:23,-54,Good
2/8/22 02:13:43,-53,Good
2/8/22 02:13:53,-52,Good
2/8/22 02:14:01,-51,Good
2/8/22 02:14:08,-50,Good
2/8/22 02:14:13,-49,Good
2/8/22 02:14:23,-48,Good
2/8/22 02:14:31,-47,Good
2/8/22 02:14:44,-46,Good
2/8/22 02:14:53,-45,Good
2/8/22 02:14:59,-44,Good
2/8/22 02:15:06,-43,Good
2/8/22 02:15:21,-42,Good
2/8/22 02:15:31,-41,Good
2/8/22 02:15:44,-40,Good
2/8/22 02:15:59,-39,Good
2/8/22 02:16:17,-38,Good
2/8/22 02:16:31,-37,Good
2/8/22 02:16:59,-36,Good
2/8/22 02:17:29,-35,Good
2/8/22 02:18:02,-34,Good
2/8/22 02:18:37,-33,Good
2/8/22 02:18:47,-34,Good
2/8/22 02:18:57,-33,Good
2/8/22 02:20:08,-32,Good
2/8/22 02:20:13,-33,Good
2/8/22 02:20:23,-32,Good
2/8/22 02:22:01,-31,Good
2/8/22 02:22:08,-32,Good
2/8/22 02:22:16,-31,Good
2/8/22 02:22:28,-32,Good
2/8/22 02:22:31,-31,Good
2/8/22 02:24:44,-30,Good
2/8/22 02:24:52,-31,Good
2/8/22 02:25:14,-30,Good
2/8/22 02:25:22,-31,Good
2/8/22 02:26:37,-30,Good
2/8/22 02:36:27,-29,Good
2/8/22 02:36:32,-30,Good
2/8/22 02:39:58,-29,Good
2/8/22 02:40:01,-30,Good
2/8/22 02:43:32,-29,Good
2/8/22 02:43:59,-30,Good
2/8/22 02:44:07,-29,Good
2/8/22 02:44:22,-30,Good
2/8/22 02:44:47,-29,Good
2/8/22 02:47:30,-30,Good
2/8/22 02:48:23,-29,Good
2/8/22 02:48:38,-30,Good
2/8/22 02:49:53,-29,Good
2/8/22 02:50:08,-30,Good
2/8/22 02:50:13,-29,Good
2/8/22 02:58:08,-30,Good
2/8/22 02:58:23,-29,Good
2/8/22 02:58:28,-30,Good
2/8/22 02:58:46,-29,Good
2/8/22 02:59:01,-30,Good
2/8/22 02:59:21,-29,Good
2/8/22 02:59:36,-30,Good
2/8/22 03:00:21,-29,Good
2/8/22 03:03:22,-30,Good
2/8/22 03:03:27,-29,Good
2/8/22 03:03:52,-30,Good
2/8/22 03:04:00,-29,Good
2/8/22 03:05:28,-30,Good
2/8/22 03:05:45,-29,Good
2/8/22 03:05:58,-30,Good
2/8/22 03:06:00,-29,Good
2/8/22 03:06:23,-30,Good
2/8/22 03:06:31,-29,Good
2/8/22 03:07:16,-30,Good
2/8/22 03:07:23,-29,Good
2/8/22 03:12:27,-30,Good
2/8/22 03:12:42,-29,Good
2/8/22 03:13:07,-30,Good
2/8/22 03:13:12,-29,Good
2/8/22 03:39:07,-28,Good
2/8/22 03:39:27,-29,Good
2/8/22 03:39:37,-28,Good
2/8/22 03:40:30,-29,Good
2/8/22 03:40:43,-28,Good
2/8/22 03:41:00,-29,Good
2/8/22 03:41:23,-28,Good
2/8/22 03:41:28,-29,Good
2/8/22 03:42:01,-28,Good
2/8/22 03:42:08,-29,Good
2/8/22 03:42:53,-28,Good
2/8/22 03:43:54,-29,Good
2/8/22 03:44:06,-28,Good
2/8/22 03:44:14,-29,Good
2/8/22 03:47:57,-28,Good
2/8/22 03:48:02,-29,Good
2/8/22 03:48:22,-28,Good
2/8/22 03:48:37,-29,Good
2/8/22 03:48:53,-28,Good
2/8/22 03:49:07,-29,Good
2/8/22 03:49:22,-28,Good
2/8/22 03:49:32,-29,Good
2/8/22 03:59:46,-28,Good
2/8/22 03:59:53,-29,Good
2/8/22 04:00:00,-28,Good
2/8/22 04:00:08,-29,Good
2/8/22 04:02:36,-28,Good
2/8/22 04:02:58,-29,Good
2/8/22 04:03:01,-28,Good
2/8/22 04:07:07,-27,Good
2/8/22 04:07:13,-28,Good
2/8/22 04:07:28,-27,Good
2/8/22 04:07:43,-28,Good
2/8/22 04:07:53,-27,Good
2/8/22 04:08:15,-28,Good
2/8/22 04:08:23,-27,Good
2/8/22 04:12:36,-26,Good
2/8/22 04:12:44,-27,Good
2/8/22 04:13:07,-26,Good
2/8/22 04:13:14,-27,Good
2/8/22 05:13:16,-27,Good
2/8/22 05:21:53,-28,Good
2/8/22 05:22:24,-27,Good
2/8/22 05:22:26,-28,Good
2/8/22 05:22:31,-27,Good
2/8/22 05:25:52,-28,Good
2/8/22 05:25:55,-27,Good
2/8/22 05:28:25,-26,Good
2/8/22 05:28:33,-27,Good
2/8/22 05:38:38,-28,Good
2/8/22 05:38:53,-27,Good
2/8/22 05:39:26,-28,Good
2/8/22 05:39:31,-27,Good
2/8/22 05:41:36,-28,Good
2/8/22 05:41:42,-27,Good
2/8/22 05:45:40,-28,Good
2/8/22 05:46:00,-27,Good
2/8/22 05:46:08,-28,Good
2/8/22 05:46:10,-27,Good
2/8/22 05:46:18,-28,Good
2/8/22 05:46:25,-27,Good
2/8/22 05:50:24,-28,Good
2/8/22 05:50:26,-27,Good
2/8/22 05:50:36,-28,Good
2/8/22 05:50:46,-27,Good
2/8/22 05:50:51,-28,Good
2/8/22 05:51:16,-27,Good
2/8/22 05:51:22,-28,Good
2/8/22 05:52:17,-27,Good
2/8/22 05:52:24,-28,Good
2/8/22 05:54:33,-27,Good
2/8/22 05:54:37,-28,Good
2/8/22 06:01:02,-27,Good
2/8/22 06:01:07,-28,Good
2/8/22 06:02:32,-27,Good
2/8/22 06:02:52,-28,Good
2/8/22 06:03:02,-27,Good
2/8/22 06:03:22,-28,Good
2/8/22 06:03:37,-27,Good
2/8/22 06:03:53,-28,Good
2/8/22 06:08:16,-27,Good
2/8/22 06:08:24,-28,Good
2/8/22 06:08:54,-27,Good
2/8/22 06:09:01,-28,Good
2/8/22 06:10:17,-27,Good
2/8/22 06:10:47,-28,Good
2/8/22 06:14:31,-27,Good
2/8/22 06:14:40,-28,Good
2/8/22 06:15:08,-27,Good
2/8/22 06:15:16,-28,Good
2/8/22 06:16:01,-27,Good
2/8/22 06:16:26,-28,Good
2/8/22 06:16:41,-27,Good
2/8/22 06:17:01,-28,Good
2/8/22 06:17:41,-27,Good
2/8/22 06:18:12,-28,Good
2/8/22 06:18:27,-27,Good
2/8/22 06:18:36,-28,Good
2/8/22 06:19:32,-27,Good
2/8/22 06:19:47,-28,Good
2/8/22 06:38:02,-27,Good
2/8/22 06:38:17,-28,Good
2/8/22 06:38:22,-27,Good
2/8/22 06:44:11,-26,Good
2/8/22 06:48:02,-27,Good
2/8/22 06:48:18,-26,Good
2/8/22 06:48:25,-27,Good
2/8/22 06:48:52,-26,Good
2/8/22 06:49:02,-27,Good
2/8/22 06:49:18,-26,Good
2/8/22 06:49:33,-27,Good
2/8/22 06:50:00,-26,Good
2/8/22 06:50:08,-27,Good
2/8/22 06:51:23,-26,Good
2/8/22 06:51:26,-27,Good
2/8/22 06:51:31,-26,Good
2/8/22 06:52:08,-27,Good
2/8/22 06:52:16,-26,Good
2/8/22 06:53:16,-27,Good
2/8/22 06:53:36,-26,Good
2/8/22 06:53:47,-27,Good
2/8/22 06:54:12,-26,Good
2/8/22 06:54:17,-27,Good
2/8/22 06:54:42,-26,Good
2/8/22 06:55:02,-27,Good
2/8/22 06:55:17,-26,Good
2/8/22 06:56:02,-27,Good
2/8/22 06:56:07,-26,Good
2/8/22 06:56:22,-27,Good
2/8/22 06:56:25,-26,Good
2/8/22 06:56:47,-27,Good
2/8/22 06:56:55,-26,Good
2/8/22 06:57:02,-27,Good
2/8/22 06:57:07,-26,Good
2/8/22 06:57:10,-27,Good
2/8/22 06:57:17,-26,Good
2/8/22 06:57:22,-27,Good
2/8/22 06:59:10,-26,Good
2/8/22 06:59:16,-27,Good
2/8/22 06:59:23,-26,Good
2/8/22 06:59:31,-27,Good
2/8/22 06:59:38,-26,Good
2/8/22 06:59:40,-27,Good
2/8/22 06:59:46,-26,Good
2/8/22 06:59:53,-27,Good
2/8/22 06:59:56,-26,Good
2/8/22 07:00:01,-27,Good
2/8/22 07:00:11,-26,Good
2/8/22 07:00:16,-27,Good
2/8/22 07:00:38,-26,Good
2/8/22 07:00:46,-27,Good
2/8/22 07:00:53,-26,Good
2/8/22 07:01:31,-27,Good
2/8/22 07:05:24,-26,Good
2/8/22 07:05:32,-27,Good
2/8/22 07:05:37,-26,Good
2/8/22 07:05:40,-27,Good
2/8/22 07:06:33,-26,Good
2/8/22 07:06:37,-27,Good
2/8/22 07:08:08,-26,Good
2/8/22 07:08:15,-27,Good
2/8/22 07:08:26,-26,Good
2/8/22 07:08:56,-27,Good
2/8/22 07:09:23,-26,Good
2/8/22 07:09:56,-27,Good
2/8/22 07:10:09,-26,Good
2/8/22 07:11:09,-27,Good
2/8/22 07:11:56,-26,Good
2/8/22 07:12:12,-27,Good
2/8/22 07:12:37,-26,Good
2/8/22 07:12:52,-27,Good
2/8/22 07:13:02,-26,Good
2/8/22 07:13:22,-27,Good
2/8/22 07:13:37,-26,Good
2/8/22 07:14:02,-27,Good
2/8/22 07:14:17,-26,Good
2/8/22 07:14:37,-27,Good
2/8/22 07:14:47,-26,Good
2/8/22 07:16:53,-27,Good
2/8/22 07:17:15,-26,Good
2/8/22 07:17:23,-27,Good
2/8/22 07:17:38,-26,Good
2/8/22 07:18:08,-27,Good
2/8/22 07:20:42,-26,Good
2/8/22 07:21:07,-27,Good
2/8/22 07:21:17,-26,Good
2/8/22 07:23:25,-27,Good
2/8/22 07:25:18,-26,Good
2/8/22 07:26:15,-27,Good
2/8/22 07:26:38,-26,Good
2/8/22 07:26:53,-27,Good
2/8/22 07:27:16,-26,Good
2/8/22 07:27:26,-27,Good
2/8/22 07:29:47,-26,Good
2/8/22 07:29:52,-27,Good
2/8/22 07:32:55,-28,Good
2/8/22 07:33:02,-27,Good
2/8/22 07:34:08,-28,Good
2/8/22 07:34:23,-27,Good
2/8/22 07:42:48,-26,Good
2/8/22 07:42:55,-27,Good
2/8/22 08:01:48,-26,Good
2/8/22 08:01:53,-27,Good
2/8/22 08:07:47,-28,Good
2/8/22 08:07:52,-27,Good
2/8/22 08:07:55,-28,Good
2/8/22 08:08:02,-27,Good
2/8/22 08:08:22,-28,Good
2/8/22 08:08:25,-27,Good
2/8/22 08:09:38,-28,Good
2/8/22 08:10:25,-27,Good
2/8/22 08:10:31,-28,Good
2/8/22 08:11:15,-27,Good
2/8/22 08:11:26,-28,Good
2/8/22 08:12:31,-27,Good
2/8/22 08:12:38,-28,Good
2/8/22 08:13:46,-27,Good
2/8/22 08:13:54,-28,Good
2/8/22 08:14:37,-27,Good
2/8/22 08:14:42,-28,Good
2/8/22 08:15:02,-27,Good
2/8/22 08:15:07,-28,Good
2/8/22 08:16:55,-27,Good
2/8/22 08:17:02,-28,Good
2/8/22 08:17:32,-27,Good
2/8/22 08:17:37,-28,Good
2/8/22 08:17:52,-27,Good
2/8/22 08:18:03,-28,Good
2/8/22 08:18:08,-27,Good
2/8/22 08:18:10,-28,Good
2/8/22 08:18:17,-27,Good
2/8/22 08:21:38,-28,Good
2/8/22 08:21:41,-27,Good
2/8/22 08:29:31,-28,Good
2/8/22 08:29:53,-27,Good
2/8/22 08:29:56,-28,Good
2/8/22 08:33:07,-27,Good
2/8/22 08:33:32,-28,Good
2/8/22 08:33:52,-27,Good
2/8/22 08:34:02,-28,Good
2/8/22 08:34:27,-27,Good
2/8/22 08:34:40,-28,Good
2/8/22 08:35:52,-27,Good
2/8/22 08:35:55,-28,Good
2/8/22 08:43:52,-27,Good
2/8/22 08:44:25,-28,Good
2/8/22 08:44:32,-27,Good
2/8/22 08:45:33,-28,Good
2/8/22 08:45:40,-27,Good
2/8/22 08:46:03,-28,Good
2/8/22 08:48:11,-27,Good
2/8/22 08:48:24,-28,Good
2/8/22 08:50:37,-27,Good
2/8/22 08:50:42,-28,Good
2/8/22 08:51:02,-27,Good
2/8/22 08:51:27,-28,Good
2/8/22 08:56:31,-27,Good
2/8/22 08:57:16,-28,Good
2/8/22 08:57:38,-27,Good
2/8/22 08:57:46,-28,Good
2/8/22 09:15:24,-29,Good
2/8/22 09:15:26,-28,Good
2/8/22 09:15:46,-29,Good
2/8/22 09:16:09,-28,Good
2/8/22 09:16:11,-29,Good
2/8/22 09:16:39,-28,Good
2/8/22 09:19:17,-29,Good
2/8/22 09:19:22,-28,Good
2/8/22 09:21:33,-29,Good
2/8/22 09:21:38,-28,Good
2/8/22 09:22:08,-29,Good
2/8/22 09:22:18,-28,Good
2/8/22 09:23:16,-29,Good
2/8/22 09:23:31,-28,Good
2/8/22 09:23:41,-29,Good
2/8/22 09:24:41,-28,Good
2/8/22 09:24:54,-29,Good
2/8/22 09:25:09,-28,Good
2/8/22 09:30:33,-27,Good
2/8/22 09:37:37,-26,Good
2/8/22 09:37:47,-27,Good
2/8/22 09:38:07,-26,Good
2/8/22 09:38:17,-27,Good
2/8/22 09:38:38,-26,Good
2/8/22 09:38:52,-27,Good
2/8/22 09:39:48,-26,Good
2/8/22 09:39:53,-27,Good
2/8/22 09:39:55,-26,Good
2/8/22 09:40:08,-27,Good
2/8/22 09:44:26,-26,Good
2/8/22 09:44:37,-27,Good
2/8/22 10:10:16,-28,Good
2/8/22 10:10:46,-27,Good
2/8/22 10:10:54,-28,Good
2/8/22 10:10:56,-27,Good
2/8/22 10:11:01,-28,Good
2/8/22 10:11:06,-27,Good
2/8/22 10:12:12,-28,Good
2/8/22 10:13:32,-27,Good
2/8/22 10:14:48,-28,Good
2/8/22 10:15:02,-27,Good
2/8/22 10:15:17,-28,Good
2/8/22 10:16:26,-27,Good
2/8/22 10:16:33,-28,Good
2/8/22 10:16:56,-27,Good
2/8/22 10:17:00,-28,Good
2/8/22 10:17:23,-27,Good
2/8/22 10:25:53,-28,Good
2/8/22 10:25:56,-27,Good
2/8/22 10:26:31,-28,Good
2/8/22 10:26:46,-27,Good
2/8/22 10:27:09,-28,Good
2/8/22 10:27:41,-27,Good
2/8/22 10:27:46,-28,Good
2/8/22 10:27:54,-27,Good
2/8/22 10:29:02,-28,Good
2/8/22 10:29:24,-27,Good
2/8/22 10:34:56,-28,Good
2/8/22 10:35:03,-27,Good
2/8/22 10:36:01,-28,Good
2/8/22 10:36:16,-27,Good
2/8/22 10:36:38,-28,Good
2/8/22 10:36:54,-27,Good
2/8/22 10:37:11,-28,Good
2/8/22 10:38:24,-27,Good
2/8/22 10:38:27,-28,Good
2/8/22 10:40:47,-27,Good
2/8/22 10:41:25,-28,Good
2/8/22 10:41:47,-27,Good
2/8/22 10:42:40,-28,Good
2/8/22 10:49:17,-27,Good
2/8/22 10:49:25,-28,Good
2/8/22 10:49:52,-27,Good
2/8/22 10:50:02,-28,Good
2/8/22 10:50:32,-27,Good
2/8/22 10:50:37,-28,Good
2/8/22 10:50:40,-27,Good
2/8/22 10:50:52,-28,Good
2/8/22 10:51:10,-27,Good
2/8/22 10:51:18,-28,Good
2/8/22 10:51:25,-27,Good
2/8/22 10:51:33,-28,Good
2/8/22 10:51:38,-27,Good
2/8/22 10:52:38,-28,Good
2/8/22 10:52:48,-27,Good
2/8/22 10:53:18,-28,Good
2/8/22 10:53:31,-27,Good
2/8/22 10:53:46,-28,Good
2/8/22 10:54:24,-27,Good
2/8/22 10:55:09,-28,Good
2/8/22 11:01:03,-27,Good
2/8/22 11:01:10,-28,Good
2/8/22 11:01:15,-27,Good
2/8/22 11:01:23,-28,Good
2/8/22 11:05:47,-29,Good
2/8/22 11:06:12,-28,Good
2/8/22 11:06:17,-29,Good
2/8/22 11:06:22,-28,Good
2/8/22 11:06:27,-29,Good
2/8/22 11:07:07,-28,Good
2/8/22 11:07:17,-29,Good
2/8/22 11:07:32,-28,Good
2/8/22 11:19:23,-29,Good
2/8/22 11:19:26,-28,Good
2/8/22 11:19:31,-29,Good
2/8/22 11:19:48,-28,Good
2/8/22 11:31:39,-29,Good
2/8/22 11:31:46,-28,Good
2/8/22 11:33:37,-29,Good
2/8/22 11:33:57,-28,Good
2/8/22 11:34:02,-29,Good
2/8/22 11:35:08,-28,Good
2/8/22 11:35:10,-29,Good
2/8/22 11:35:33,-28,Good
2/8/22 11:43:23,-29,Good
2/8/22 11:43:47,-28,Good
2/8/22 11:43:52,-29,Good
2/8/22 11:44:25,-28,Good
2/8/22 11:44:33,-29,Good
2/8/22 11:45:53,-28,Good
2/8/22 11:45:56,-29,Good
2/8/22 11:47:03,-28,Good
2/8/22 11:47:08,-29,Good
2/8/22 11:47:31,-28,Good
2/8/22 11:47:39,-29,Good
2/8/22 11:47:41,-28,Good
2/8/22 11:47:46,-29,Good
2/8/22 11:47:56,-28,Good
2/8/22 11:48:01,-29,Good
2/8/22 11:48:08,-28,Good
2/8/22 11:48:11,-29,Good
2/8/22 11:48:16,-28,Good
2/8/22 11:48:31,-29,Good
2/8/22 11:48:42,-28,Good
2/8/22 11:49:01,-29,Good
2/8/22 11:49:09,-28,Good
2/8/22 11:49:42,-29,Good
2/8/22 11:49:46,-28,Good
2/8/22 11:50:39,-29,Good
2/8/22 11:50:42,-28,Good
2/8/22 11:50:54,-29,Good
2/8/22 11:51:02,-28,Good
2/8/22 11:51:07,-29,Good
2/8/22 11:51:12,-28,Good
2/8/22 11:51:17,-29,Good
2/8/22 11:51:22,-28,Good
2/8/22 11:51:27,-29,Good
2/8/22 11:51:42,-28,Good
2/8/22 11:51:57,-29,Good
2/8/22 11:52:02,-28,Good
2/8/22 11:52:22,-29,Good
2/8/22 11:52:37,-28,Good
2/8/22 11:53:48,-29,Good
2/8/22 11:53:53,-28,Good
2/8/22 11:54:56,-29,Good
2/8/22 11:55:08,-28,Good
2/8/22 11:55:18,-29,Good
2/8/22 11:55:33,-28,Good
2/8/22 11:55:48,-29,Good
2/8/22 11:55:53,-28,Good
2/8/22 11:56:01,-29,Good
2/8/22 11:56:11,-28,Good
2/8/22 11:56:23,-29,Good
2/8/22 11:58:24,-28,Good
2/8/22 11:58:54,-29,Good
2/8/22 11:59:02,-28,Good
2/8/22 11:59:09,-29,Good
2/8/22 11:59:12,-28,Good
2/8/22 11:59:57,-29,Good
2/8/22 12:00:02,-28,Good
2/8/22 12:00:32,-29,Good
2/8/22 12:00:47,-28,Good
2/8/22 12:00:52,-29,Good
2/8/22 12:01:22,-28,Good
2/8/22 12:06:09,-27,Good
2/8/22 12:07:09,-28,Good
2/8/22 12:07:24,-27,Good
2/8/22 12:07:32,-28,Good
2/8/22 12:08:24,-27,Good
2/8/22 12:08:27,-28,Good
2/8/22 12:08:32,-27,Good
2/8/22 12:08:37,-28,Good
2/8/22 12:08:57,-27,Good
2/8/22 12:09:02,-28,Good
2/8/22 12:09:09,-27,Good
2/8/22 12:09:37,-28,Good
2/8/22 12:09:42,-27,Good
2/8/22 12:09:47,-28,Good
2/8/22 12:10:07,-27,Good
2/8/22 12:16:47,-28,Good
2/8/22 12:16:54,-27,Good
2/8/22 12:18:12,-28,Good
2/8/22 12:19:10,-27,Good
2/8/22 12:19:23,-28,Good
2/8/22 12:19:38,-27,Good
2/8/22 12:21:11,-28,Good
2/8/22 12:21:33,-27,Good
2/8/22 12:21:48,-28,Good
2/8/22 12:21:53,-27,Good
2/8/22 12:21:56,-28,Good
2/8/22 12:22:03,-27,Good
2/8/22 12:22:23,-28,Good
2/8/22 12:22:39,-27,Good
2/8/22 12:22:54,-28,Good
2/8/22 12:23:23,-27,Good
2/8/22 12:23:33,-28,Good
2/8/22 12:25:11,-27,Good
2/8/22 12:25:17,-28,Good
2/8/22 12:26:02,-27,Good
2/8/22 12:26:12,-28,Good
2/8/22 12:26:17,-27,Good
2/8/22 12:26:24,-28,Good
2/8/22 12:26:32,-27,Good
2/8/22 12:26:42,-28,Good
2/8/22 12:27:22,-27,Good
2/8/22 12:27:27,-26,Good
2/8/22 12:27:32,-25,Good
2/8/22 12:27:37,-24,Good
2/8/22 12:27:42,-23,Good
2/8/22 12:27:47,-22,Good
2/8/22 12:27:52,-21,Good
2/8/22 12:27:57,-20,Good
2/8/22 12:28:02,-19,Good
2/8/22 12:28:10,-18,Good
2/8/22 12:28:17,-17,Good
2/8/22 12:28:22,-16,Good
2/8/22 12:28:33,-15,Good
2/8/22 12:28:37,-14,Good
2/8/22 12:28:47,-13,Good
2/8/22 12:28:55,-12,Good
2/8/22 12:29:08,-11,Good
2/8/22 12:29:18,-10,Good
2/8/22 12:29:33,-9,Good
2/8/22 12:29:40,-8,Good
2/8/22 12:30:03,-7,Good
2/8/22 12:30:18,-6,Good
2/8/22 12:30:38,-5,Good
2/8/22 12:31:18,-4,Good
2/8/22 12:31:56,-3,Good
2/8/22 12:32:39,-2,Good
2/8/22 12:34:54,-1,Good
2/8/22 12:35:52,-2,Good
2/8/22 12:35:57,-1,Good
2/8/22 12:38:33,0,Good
2/8/22 12:38:40,-1,Good
2/8/22 12:39:33,0,Good
2/8/22 12:39:53,-1,Good
2/8/22 12:40:38,0,Good
2/8/22 12:44:09,-1,Good
2/8/22 12:44:27,0,Good
2/8/22 12:44:32,-1,Good
2/8/22 12:44:37,0,Good
2/8/22 12:53:09,1,Good
2/8/22 12:53:42,0,Good
2/8/22 13:00:01,1,Good
2/8/22 13:00:11,0,Good
2/8/22 13:00:31,1,Good
2/8/22 13:01:09,0,Good
2/8/22 13:01:24,1,Good
2/8/22 13:01:27,0,Good
2/8/22 13:02:02,1,Good
2/8/22 13:05:38,0,Good
2/8/22 13:05:40,1,Good
2/8/22 13:05:55,0,Good
2/8/22 13:06:03,1,Good
2/8/22 13:20:32,0,Good
2/8/22 13:20:39,1,Good
2/8/22 13:24:25,2,Good
2/8/22 13:24:48,1,Good
2/8/22 13:24:56,2,Good
2/8/22 13:25:08,1,Good
2/8/22 13:32:53,2,Good
2/8/22 13:33:03,1,Good
2/8/22 13:33:18,2,Good
2/8/22 13:34:48,1,Good
2/8/22 13:34:53,2,Good
2/8/22 13:39:17,1,Good
2/8/22 13:39:22,2,Good
2/8/22 13:40:07,1,Good
2/8/22 13:40:40,2,Good
2/8/22 13:41:38,1,Good
2/8/22 13:43:11,0,Good
2/8/22 13:43:18,1,Good
2/8/22 13:50:08,2,Good
2/8/22 13:50:20,1,Good
2/8/22 13:50:33,2,Good
2/8/22 13:52:18,1,Good
2/8/22 13:52:41,2,Good
2/8/22 13:52:48,1,Good
2/8/22 13:53:26,2,Good
2/8/22 13:53:33,1,Good
2/8/22 13:54:11,2,Good
2/8/22 13:54:31,1,Good
2/8/22 13:57:02,2,Good
2/8/22 13:57:17,1,Good
2/8/22 13:57:47,2,Good
2/8/22 14:05:47,1,Good
2/8/22 14:06:37,2,Good
2/8/22 14:07:50,1,Good
2/8/22 14:07:55,2,Good
2/8/22 14:08:03,1,Good
2/8/22 14:08:08,2,Good
2/8/22 14:15:42,1,Good
2/8/22 14:15:47,2,Good
2/8/22 14:16:28,1,Good
2/8/22 14:16:33,2,Good
2/8/22 14:16:50,1,Good
2/8/22 14:16:55,2,Good
2/8/22 14:17:08,1,Good
2/8/22 14:17:25,2,Good
2/8/22 14:17:33,1,Good
2/8/22 14:24:32,2,Good
2/8/22 14:24:35,1,Good
2/8/22 14:24:50,2,Good
2/8/22 14:24:55,1,Good
2/8/22 14:25:25,2,Good
2/8/22 14:25:33,1,Good
2/8/22 14:25:48,2,Good
2/8/22 14:25:55,1,Good
2/8/22 14:27:08,2,Good
2/8/22 14:28:03,1,Good
2/8/22 14:28:18,2,Good
2/8/22 14:29:01,1,Good
2/8/22 14:29:11,2,Good
2/8/22 14:29:21,1,Good
2/8/22 14:29:26,2,Good
2/8/22 14:29:31,1,Good
2/8/22 14:29:39,2,Good
2/8/22 14:29:46,1,Good
2/8/22 14:29:51,2,Good
2/8/22 14:30:01,1,Good
2/8/22 14:30:06,2,Good
2/8/22 14:30:12,1,Good
2/8/22 14:30:36,2,Good
2/8/22 14:30:42,1,Good
2/8/22 14:30:51,2,Good
2/8/22 14:31:12,1,Good
2/8/22 14:32:32,2,Good
2/8/22 14:39:57,3,Good
2/8/22 14:40:17,2,Good
2/8/22 14:40:32,3,Good
2/8/22 14:40:34,2,Good
2/8/22 14:41:02,3,Good
2/8/22 14:53:05,4,Good
2/8/22 14:53:11,3,Good
2/8/22 14:57:26,4,Good
2/8/22 14:57:32,3,Good
2/8/22 14:57:34,4,Good
2/8/22 14:57:42,3,Good
2/8/22 14:58:04,4,Good
2/8/22 14:58:12,3,Good
2/8/22 14:58:19,4,Good
2/8/22 14:58:32,3,Good
2/8/22 14:58:47,4,Good
2/8/22 14:58:57,3,Good
2/8/22 14:59:02,4,Good
2/8/22 14:59:12,3,Good
2/8/22 14:59:27,4,Good
2/8/22 14:59:42,3,Good
2/8/22 15:02:05,4,Good
2/8/22 15:02:10,3,Good
2/8/22 15:02:18,4,Good
2/8/22 15:02:26,3,Good
2/8/22 15:02:51,4,Good
2/8/22 15:02:55,3,Good
2/8/22 15:03:05,4,Good
2/8/22 15:03:36,3,Good
2/8/22 15:03:41,4,Good
2/8/22 15:04:19,3,Good
2/8/22 15:04:21,4,Good
2/8/22 15:04:26,3,Good
2/8/22 15:04:31,4,Good
2/8/22 15:04:36,3,Good
2/8/22 15:04:41,4,Good
2/8/22 15:04:46,3,Good
2/8/22 15:04:51,4,Good
2/8/22 15:05:11,3,Good
2/8/22 15:05:18,4,Good
2/8/22 15:05:26,3,Good
2/8/22 15:05:31,4,Good
2/8/22 15:05:51,3,Good
2/8/22 15:06:01,4,Good
2/8/22 15:06:06,3,Good
2/8/22 15:06:11,4,Good
2/8/22 15:06:16,3,Good
2/8/22 15:06:22,4,Good
2/8/22 15:06:32,3,Good
2/8/22 15:06:34,4,Good
2/8/22 15:07:02,3,Good
2/8/22 15:07:12,4,Good
2/8/22 15:07:17,3,Good
2/8/22 15:07:32,4,Good
2/8/22 15:09:13,3,Good
2/8/22 15:09:17,4,Good
2/8/22 15:09:28,3,Good
2/8/22 15:09:42,4,Good
2/8/22 15:10:05,3,Good
2/8/22 15:10:20,4,Good
2/8/22 15:10:28,3,Good
2/8/22 15:10:35,4,Good
2/8/22 15:10:40,3,Good
2/8/22 15:10:48,4,Good
2/8/22 15:11:18,3,Good
2/8/22 15:11:20,4,Good
2/8/22 15:12:41,3,Good
2/8/22 15:12:56,4,Good
2/8/22 15:13:03,3,Good
2/8/22 15:13:06,4,Good
2/8/22 15:15:57,3,Good
2/8/22 15:16:02,4,Good
2/8/22 15:18:47,3,Good
2/8/22 15:20:05,4,Good
2/8/22 15:20:56,3,Good
2/8/22 15:21:03,4,Good
2/8/22 15:21:26,3,Good
2/8/22 15:21:33,4,Good
2/8/22 15:22:26,3,Good
2/8/22 15:22:33,4,Good
2/8/22 15:23:46,3,Good
2/8/22 15:23:51,4,Good
2/8/22 15:24:21,3,Good
2/8/22 15:24:26,4,Good
2/8/22 15:24:37,3,Good
2/8/22 15:25:17,4,Good
2/8/22 15:25:27,3,Good
2/8/22 15:26:12,4,Good
2/8/22 15:26:17,3,Good
2/8/22 15:26:20,4,Good
2/8/22 15:26:35,3,Good
2/8/22 15:29:33,4,Good
2/8/22 15:29:35,3,Good
2/8/22 15:29:40,4,Good
2/8/22 15:29:48,3,Good
2/8/22 15:30:11,4,Good
2/8/22 15:30:18,3,Good
2/8/22 15:30:25,4,Good
2/8/22 15:32:01,3,Good
2/8/22 15:32:11,4,Good
2/8/22 15:32:16,3,Good
2/8/22 15:32:52,4,Good
2/8/22 15:33:19,3,Good
2/8/22 15:33:27,4,Good
2/8/22 15:33:32,3,Good
2/8/22 15:33:42,4,Good
2/8/22 15:34:02,3,Good
2/8/22 15:45:32,4,Good
2/8/22 15:45:35,3,Good
2/8/22 15:45:43,4,Good
2/8/22 15:46:05,3,Good
2/8/22 15:48:41,4,Good
2/8/22 15:48:48,3,Good
2/8/22 15:48:56,4,Good
2/8/22 15:49:04,3,Good
2/8/22 16:11:27,2,Good
2/8/22 16:11:35,3,Good
2/8/22 16:11:57,2,Good
2/8/22 16:12:12,3,Good
2/8/22 16:12:32,2,Good
2/8/22 16:12:35,3,Good
2/8/22 16:25:18,2,Good
2/8/22 16:25:26,3,Good
2/8/22 16:27:11,2,Good
2/8/22 16:27:16,3,Good
2/8/22 16:27:32,2,Good
2/8/22 16:27:42,3,Good
2/8/22 16:28:27,2,Good
2/8/22 16:29:12,3,Good
2/8/22 16:29:17,2,Good
2/8/22 16:30:35,3,Good
2/8/22 16:30:55,2,Good
2/8/22 16:31:05,3,Good
2/8/22 16:31:10,2,Good
2/8/22 16:31:18,3,Good
2/8/22 16:32:03,2,Good
2/8/22 16:32:05,3,Good
2/8/22 16:32:48,2,Good
2/8/22 16:32:51,3,Good
2/8/22 16:33:03,2,Good
2/8/22 16:33:11,3,Good
2/8/22 16:33:21,2,Good
2/8/22 16:33:26,3,Good
2/8/22 16:33:51,2,Good
2/8/22 16:34:03,3,Good
2/8/22 16:34:06,2,Good
2/8/22 16:34:11,3,Good
2/8/22 16:34:21,2,Good
2/8/22 16:34:33,3,Good
2/8/22 16:34:36,2,Good
2/8/22 16:34:41,3,Good
2/8/22 16:36:37,2,Good
2/8/22 16:36:42,3,Good
2/8/22 16:36:46,2,Good
2/8/22 16:36:52,3,Good
2/8/22 16:36:57,2,Good
2/8/22 16:37:02,3,Good
2/8/22 16:37:04,2,Good
2/8/22 16:37:12,3,Good
2/8/22 16:37:22,2,Good
2/8/22 16:38:17,3,Good
2/8/22 16:38:20,2,Good
2/8/22 16:38:32,3,Good
2/8/22 16:38:42,2,Good
2/8/22 16:38:50,3,Good
2/8/22 16:39:17,2,Good
2/8/22 16:39:20,3,Good
2/8/22 16:39:27,2,Good
2/8/22 16:40:33,3,Good
2/8/22 16:40:35,2,Good
2/8/22 16:42:48,3,Good
2/8/22 16:42:56,2,Good
2/8/22 16:43:11,3,Good
2/8/22 16:43:19,2,Good
2/8/22 16:43:46,3,Good
2/8/22 16:43:51,2,Good
2/8/22 16:43:56,3,Good
2/8/22 16:44:04,2,Good
2/8/22 16:44:06,3,Good
2/8/22 16:44:11,2,Good
2/8/22 16:44:16,3,Good
2/8/22 16:44:26,2,Good
2/8/22 16:44:56,3,Good
2/8/22 16:45:12,2,Good
2/8/22 16:45:17,3,Good
2/8/22 16:45:22,2,Good
2/8/22 16:45:26,3,Good
2/8/22 16:45:32,2,Good
2/8/22 16:45:42,3,Good
2/8/22 16:45:47,2,Good
2/8/22 16:45:57,3,Good
2/8/22 16:47:57,4,Good
2/8/22 16:48:02,3,Good
2/8/22 16:48:27,4,Good
2/8/22 16:48:32,3,Good
2/8/22 16:48:35,4,Good
2/8/22 16:49:28,3,Good
2/8/22 16:49:50,4,Good
2/8/22 16:50:03,3,Good
2/8/22 16:50:25,4,Good
2/8/22 16:50:36,3,Good
2/8/22 16:51:21,4,Good
2/8/22 16:58:33,3,Good
2/8/22 16:58:48,4,Good
2/8/22 16:58:55,3,Good
2/8/22 17:01:06,4,Good
2/8/22 17:01:11,3,Good
2/8/22 17:02:06,4,Good
2/8/22 17:02:16,3,Good
2/8/22 17:22:02,2,Good
2/8/22 17:22:12,3,Good
2/8/22 17:22:27,2,Good
2/8/22 17:22:42,3,Good
2/8/22 17:22:57,2,Good
2/8/22 17:23:02,3,Good
2/8/22 17:23:05,2,Good
2/8/22 17:23:12,3,Good
2/8/22 17:23:35,2,Good
2/8/22 17:23:42,3,Good
2/8/22 17:23:47,2,Good
2/8/22 17:23:50,3,Good
2/8/22 17:23:57,2,Good
2/8/22 17:24:02,3,Good
2/8/22 17:24:47,2,Good
2/8/22 17:24:57,3,Good
2/8/22 17:30:07,2,Good
2/8/22 17:30:11,3,Good
2/8/22 17:30:22,2,Good
2/8/22 17:30:27,3,Good
2/8/22 17:30:37,2,Good
2/8/22 17:30:42,3,Good
2/8/22 17:44:48,2,Good
2/8/22 17:44:51,3,Good
2/8/22 17:44:56,2,Good
2/8/22 17:47:04,3,Good
2/8/22 17:47:16,2,Good
2/8/22 17:47:57,3,Good
2/8/22 17:48:07,2,Good
2/8/22 17:52:18,3,Good
2/8/22 17:53:11,2,Good
2/8/22 17:53:18,3,Good
2/8/22 17:54:11,2,Good
2/8/22 17:54:21,3,Good
2/8/22 17:54:36,2,Good
2/8/22 17:54:41,3,Good
2/8/22 18:01:18,4,Good
2/8/22 18:01:33,3,Good
2/8/22 18:01:40,4,Good
2/8/22 18:02:03,3,Good
2/8/22 18:02:06,4,Good
2/8/22 18:02:18,3,Good
2/8/22 18:02:48,4,Good
2/8/22 18:03:03,3,Good
2/8/22 18:04:06,4,Good
2/8/22 18:04:18,3,Good
2/8/22 18:04:41,4,Good
2/8/22 18:04:51,3,Good
2/8/22 18:05:11,4,Good
2/8/22 18:05:19,3,Good
2/8/22 18:05:22,4,Good
2/8/22 18:05:26,3,Good
2/8/22 18:05:31,4,Good
2/8/22 18:05:56,3,Good
2/8/22 18:06:42,4,Good
2/8/22 18:07:02,3,Good
2/8/22 18:07:12,4,Good
2/8/22 18:07:27,3,Good
2/8/22 18:07:32,4,Good
2/8/22 18:07:34,3,Good
2/8/22 18:08:17,4,Good
2/8/22 18:09:48,3,Good
2/8/22 18:09:58,4,Good
2/8/22 18:10:03,3,Good
2/8/22 18:10:28,4,Good
2/8/22 18:13:36,3,Good
2/8/22 18:13:51,4,Good
2/8/22 18:13:56,3,Good
2/8/22 18:14:04,4,Good
2/8/22 18:17:32,3,Good
2/8/22 18:17:42,4,Good
2/8/22 18:18:13,3,Good
2/8/22 18:20:48,4,Good
2/8/22 18:20:51,3,Good
2/8/22 18:22:31,4,Good
2/8/22 18:22:36,3,Good
2/8/22 18:24:52,4,Good
2/8/22 18:24:57,3,Good
2/8/22 18:25:12,4,Good
2/8/22 18:27:58,3,Good
2/8/22 18:28:48,4,Good
2/8/22 18:29:05,3,Good
2/8/22 18:29:11,4,Good
2/8/22 18:29:18,3,Good
2/8/22 18:33:57,4,Good
2/8/22 18:34:12,3,Good
2/8/22 18:34:32,4,Good
2/8/22 18:34:35,3,Good
2/8/22 18:35:12,4,Good
2/8/22 18:37:02,3,Good
2/8/22 18:37:20,4,Good
2/8/22 18:37:50,3,Good
2/8/22 18:56:26,2,Good
2/8/22 18:56:48,3,Good
2/8/22 18:56:51,2,Good
2/8/22 18:56:56,3,Good
2/8/22 18:57:11,2,Good
2/8/22 18:57:21,3,Good
2/8/22 18:57:33,2,Good
2/8/22 18:57:41,3,Good
2/8/22 19:00:42,2,Good
2/8/22 19:00:47,3,Good
2/8/22 19:01:17,2,Good
2/8/22 19:01:32,3,Good
2/8/22 19:01:34,2,Good
2/8/22 19:01:42,3,Good
2/8/22 19:01:47,2,Good
2/8/22 19:01:57,3,Good
2/8/22 19:02:02,2,Good
2/8/22 19:02:12,3,Good
2/8/22 19:02:27,2,Good
2/8/22 19:03:13,3,Good
2/8/22 19:05:03,2,Good
2/8/22 19:05:05,3,Good
2/8/22 19:06:03,2,Good
2/8/22 19:06:06,3,Good
2/8/22 19:06:21,2,Good
2/8/22 19:06:41,3,Good
2/8/22 19:11:05,2,Good
2/8/22 19:11:12,3,Good
2/8/22 19:11:27,2,Good
2/8/22 19:12:50,3,Good
2/8/22 19:12:58,2,Good
2/8/22 19:13:03,3,Good
2/8/22 19:13:05,2,Good
2/8/22 19:13:36,3,Good
2/8/22 19:13:41,2,Good
2/8/22 19:14:36,3,Good
2/8/22 19:14:56,2,Good
2/8/22 19:15:03,3,Good
2/8/22 19:15:06,2,Good
2/8/22 19:15:11,3,Good
2/8/22 19:15:33,2,Good
2/8/22 19:15:49,3,Good
2/8/22 19:15:51,2,Good
2/8/22 19:16:51,3,Good
2/8/22 19:16:56,2,Good
2/8/22 19:17:01,3,Good
2/8/22 19:17:06,2,Good
2/8/22 19:17:42,3,Good
2/8/22 19:18:17,2,Good
2/8/22 19:19:42,3,Good
2/8/22 19:19:47,2,Good
2/8/22 19:19:57,3,Good
2/8/22 19:21:28,2,Good
2/8/22 19:37:12,3,Good
2/8/22 19:37:17,2,Good
2/8/22 19:37:22,3,Good
2/8/22 19:37:27,2,Good
2/8/22 19:37:32,3,Good
2/8/22 19:37:47,2,Good
2/8/22 19:37:50,3,Good
2/8/22 19:38:12,2,Good
2/8/22 19:39:28,3,Good
2/8/22 19:40:05,2,Good
2/8/22 19:44:37,3,Good
2/8/22 19:44:41,2,Good
2/8/22 19:46:12,3,Good
2/8/22 19:46:17,2,Good
2/8/22 19:54:42,3,Good
2/8/22 19:56:12,2,Good
2/8/22 19:57:18,3,Good
2/8/22 19:57:28,2,Good
2/8/22 19:57:33,3,Good
2/8/22 19:57:40,2,Good
2/8/22 19:57:50,3,Good
2/8/22 19:58:03,2,Good
2/8/22 19:59:51,3,Good
2/8/22 19:59:56,2,Good
2/8/22 20:00:19,3,Good
2/8/22 20:00:41,2,Good
2/8/22 20:00:56,3,Good
2/8/22 20:01:06,2,Good
2/8/22 20:01:11,3,Good
2/8/22 20:01:19,2,Good
2/8/22 20:01:21,3,Good
2/8/22 20:01:34,2,Good
2/8/22 20:01:41,3,Good
2/8/22 20:01:57,2,Good
2/8/22 20:02:06,3,Good
2/8/22 20:02:22,2,Good
2/8/22 20:02:26,3,Good
2/8/22 20:02:52,2,Good
2/8/22 20:02:57,3,Good
2/8/22 20:03:02,2,Good
2/8/22 20:03:12,3,Good
2/8/22 20:03:17,2,Good
2/8/22 20:05:57,1,Good
2/8/22 20:06:43,2,Good
2/8/22 20:12:42,1,Good
2/8/22 20:12:50,2,Good
2/8/22 20:12:57,1,Good
2/8/22 20:13:02,2,Good
2/8/22 20:13:17,1,Good
2/8/22 20:14:12,2,Good
2/8/22 20:15:28,1,Good
2/8/22 20:15:58,2,Good
2/8/22 20:18:41,1,Good
2/8/22 20:19:06,2,Good
2/8/22 20:19:11,1,Good
2/8/22 20:19:19,2,Good
2/8/22 20:19:26,1,Good
2/8/22 20:19:34,2,Good
2/8/22 20:24:28,1,Good
2/8/22 20:25:13,2,Good
2/8/22 20:25:36,1,Good
2/8/22 20:25:43,2,Good
2/8/22 20:25:48,1,Good
2/8/22 20:25:56,2,Good
2/8/22 20:26:03,1,Good
2/8/22 20:26:26,2,Good
2/8/22 20:26:33,1,Good
2/8/22 20:26:36,2,Good
2/8/22 20:26:41,1,Good
2/8/22 20:26:48,2,Good
2/8/22 20:31:17,1,Good
2/8/22 20:31:27,2,Good
2/8/22 20:37:11,1,Good
2/8/22 20:37:19,2,Good
2/8/22 20:37:21,1,Good
2/8/22 20:37:26,2,Good
2/8/22 20:37:34,1,Good
2/8/22 20:37:36,2,Good
2/8/22 20:41:33,1,Good
2/8/22 20:41:35,2,Good
2/8/22 20:47:49,1,Good
2/8/22 20:47:52,2,Good
2/8/22 20:47:57,1,Good
2/8/22 20:48:17,2,Good
2/8/22 20:48:27,1,Good
2/8/22 20:48:32,2,Good
2/8/22 20:48:42,1,Good
2/8/22 20:48:52,2,Good
2/8/22 20:49:02,1,Good
2/8/22 20:49:17,2,Good
2/8/22 20:49:42,1,Good
2/8/22 20:50:43,2,Good
2/8/22 20:50:47,1,Good
2/8/22 20:56:07,2,Good
2/8/22 20:56:47,1,Good
2/8/22 20:58:32,2,Good
2/8/22 20:58:42,1,Good
2/8/22 20:58:57,2,Good
2/8/22 20:59:05,1,Good
2/8/22 20:59:12,2,Good
2/8/22 20:59:58,1,Good
2/8/22 21:09:58,2,Good
2/8/22 21:10:03,1,Good
2/8/22 21:10:13,2,Good
2/8/22 21:10:18,1,Good
2/8/22 21:10:33,2,Good
2/8/22 21:10:36,1,Good
2/8/22 21:10:43,2,Good
2/8/22 21:10:48,1,Good
2/8/22 21:10:51,2,Good
2/8/22 21:11:06,1,Good
2/8/22 21:11:19,2,Good
2/8/22 21:11:26,1,Good
2/8/22 21:11:33,2,Good
2/8/22 21:12:06,1,Good
2/8/22 21:12:11,2,Good
2/8/22 21:12:26,1,Good
2/8/22 21:12:34,2,Good
2/8/22 21:12:56,1,Good
2/8/22 21:13:34,2,Good
2/8/22 21:13:42,1,Good
2/8/22 21:14:27,2,Good
2/8/22 21:14:34,1,Good
2/8/22 21:16:12,2,Good
2/8/22 21:20:49,1,Good
2/8/22 21:21:06,2,Good
2/8/22 21:21:26,1,Good
2/8/22 21:22:04,2,Good
2/8/22 21:22:49,1,Good
2/8/22 21:23:27,2,Good
2/8/22 21:23:32,1,Good
2/8/22 21:23:37,2,Good
2/8/22 21:23:42,1,Good
2/8/22 21:27:51,2,Good
2/8/22 21:28:05,1,Good
2/8/22 21:29:34,2,Good
2/8/22 21:29:36,1,Good
2/8/22 21:30:56,2,Good
2/8/22 21:31:06,1,Good
2/8/22 21:37:13,0,Good
2/8/22 21:37:51,1,Good
2/8/22 21:37:56,0,Good
2/8/22 21:38:06,1,Good
2/8/22 21:38:11,0,Good
2/8/22 21:44:27,-1,Good
2/8/22 21:44:32,0,Good
2/8/22 21:45:20,-1,Good
2/8/22 21:45:28,0,Good
2/8/22 21:45:43,-1,Good
2/8/22 21:47:56,0,Good
2/8/22 21:48:04,-1,Good
2/8/22 21:51:02,-2,Good
2/8/22 21:51:32,-1,Good
2/8/22 21:53:12,0,Good
2/8/22 21:53:28,-1,Good
2/8/22 21:53:50,0,Good
2/8/22 21:54:20,-1,Good
2/8/22 21:54:33,0,Good
2/8/22 21:54:58,-1,Good
2/8/22 21:58:56,-2,Good
2/8/22 21:59:04,-1,Good
2/8/22 21:59:47,-2,Good
2/8/22 22:00:22,-1,Good
2/8/22 22:01:17,-2,Good
2/8/22 22:01:42,-1,Good
2/8/22 22:01:47,-2,Good
2/8/22 22:03:13,-1,Good
2/8/22 22:03:18,-2,Good
2/8/22 22:03:58,-1,Good
2/8/22 22:04:05,-2,Good
2/8/22 22:04:21,-1,Good
2/8/22 22:08:22,0,Good
2/8/22 22:08:32,-1,Good
2/8/22 22:08:37,0,Good
2/8/22 22:08:42,-1,Good
2/8/22 22:10:17,0,Good
2/8/22 22:10:27,-1,Good
2/8/22 22:10:42,0,Good
2/8/22 22:10:47,-1,Good
2/8/22 22:11:32,0,Good
2/8/22 22:11:35,-1,Good
2/8/22 22:11:58,0,Good
2/8/22 22:12:05,-1,Good
2/8/22 22:12:20,0,Good
2/8/22 22:12:33,-1,Good
2/8/22 22:14:33,0,Good
2/8/22 22:14:41,-1,Good
2/8/22 22:14:49,0,Good
2/8/22 22:20:27,-1,Good
2/8/22 22:20:33,0,Good
2/8/22 22:21:21,-1,Good
2/8/22 22:21:28,0,Good
2/8/22 22:21:43,-1,Good
2/8/22 22:21:51,0,Good
2/8/22 22:22:50,1,Good
2/8/22 22:23:03,0,Good
2/8/22 22:24:03,1,Good
2/8/22 22:27:32,2,Good
2/8/22 22:27:37,1,Good
2/8/22 22:29:48,0,Good
2/8/22 22:29:58,1,Good
2/8/22 22:31:05,0,Good
2/8/22 22:31:18,1,Good
2/8/22 22:31:21,0,Good
2/8/22 22:31:28,1,Good
2/8/22 22:31:36,0,Good
2/8/22 22:31:41,1,Good
2/8/22 22:34:04,2,Good
2/8/22 22:37:02,3,Good
2/8/22 22:37:07,2,Good
2/8/22 22:37:12,3,Good
2/8/22 22:37:20,2,Good
2/8/22 22:37:27,3,Good
2/8/22 22:44:37,4,Good
2/8/22 22:47:03,5,Good
2/8/22 22:47:12,4,Good
2/8/22 22:48:58,5,Good
2/8/22 22:49:03,4,Good
2/8/22 22:50:03,5,Good
2/8/22 22:52:34,6,Good
2/8/22 22:52:42,5,Good
2/8/22 22:52:49,6,Good
2/8/22 22:53:04,5,Good
2/8/22 22:53:52,6,Good
2/8/22 22:54:02,5,Good
2/8/22 22:54:07,6,Good
2/8/22 22:54:12,5,Good
2/8/22 22:54:27,6,Good
2/8/22 22:55:02,5,Good
2/8/22 22:56:18,6,Good
2/8/22 22:59:06,7,Good
2/8/22 23:00:56,6,Good
2/8/22 23:01:04,7,Good
2/8/22 23:01:26,6,Good
2/8/22 23:01:49,7,Good
2/8/22 23:05:28,8,Good
2/8/22 23:05:43,7,Good
2/8/22 23:05:48,8,Good
2/8/22 23:09:26,9,Good
2/8/22 23:15:13,10,Good
2/8/22 23:16:33,9,Good
2/8/22 23:17:19,10,Good
2/8/22 23:17:26,9,Good
2/8/22 23:19:57,10,Good
2/8/22 23:20:12,9,Good
2/8/22 23:20:19,10,Good
2/8/22 23:20:22,9,Good
2/8/22 23:20:42,10,Good
2/8/22 23:22:17,11,Good
2/8/22 23:22:20,10,Good
2/8/22 23:22:35,11,Good
2/8/22 23:22:42,10,Good
2/8/22 23:22:48,11,Good
2/8/22 23:22:58,10,Good
2/8/22 23:23:02,11,Good
2/8/22 23:23:13,10,Good
2/8/22 23:23:43,11,Good
2/8/22 23:25:13,10,Good
2/8/22 23:25:18,11,Good
2/8/22 23:28:12,12,Good
2/8/22 23:28:19,11,Good
2/8/22 23:32:18,12,Good
2/8/22 23:32:33,11,Good
2/8/22 23:32:43,12,Good
2/8/22 23:38:47,13,Good
2/8/22 23:38:52,12,Good
2/8/22 23:38:57,13,Good
2/8/22 23:42:13,14,Good
2/8/22 23:42:28,13,Good
2/8/22 23:42:33,14,Good
2/8/22 23:42:43,13,Good
2/8/22 23:42:58,14,Good
2/8/22 23:43:03,13,Good
2/8/22 23:43:06,14,Good
2/8/22 23:46:49,15,Good
2/8/22 23:46:52,14,Good
2/8/22 23:47:04,15,Good
2/8/22 23:52:43,16,Good
2/8/22 23:56:19,17,Good
2/8/22 23:56:27,16,Good
2/8/22 23:56:32,17,Good
2/8/22 23:56:37,16,Good
2/8/22 23:56:47,17,Good
2/9/22 00:01:21,18,Good
2/9/22 00:01:28,17,Good
2/9/22 00:01:33,18,Good
2/9/22 00:01:36,17,Good
2/9/22 00:01:41,18,Good
2/9/22 00:02:03,17,Good
2/9/22 00:02:11,18,Good
2/9/22 00:02:19,17,Good
2/9/22 00:02:41,18,Good
2/9/22 00:02:51,17,Good
2/9/22 00:02:56,18,Good
2/9/22 00:07:05,19,Good
2/9/22 00:12:06,20,Good
2/9/22 00:18:48,21,Good
2/9/22 00:24:43,22,Good
2/9/22 00:25:13,21,Good
2/9/22 00:25:18,22,Good
2/9/22 00:29:41,23,Good
2/9/22 00:29:49,22,Good
2/9/22 00:29:51,23,Good
2/9/22 00:37:26,24,Good
2/9/22 00:37:33,23,Good
2/9/22 00:37:43,24,Good
2/9/22 00:38:11,23,Good
2/9/22 00:38:18,24,Good
2/9/22 00:38:21,23,Good
2/9/22 00:38:26,24,Good
2/9/22 00:43:58,25,Good
2/9/22 00:49:34,26,Good
2/9/22 00:49:37,25,Good
2/9/22 00:49:42,26,Good
2/9/22 00:49:49,25,Good
2/9/22 00:50:12,26,Good
2/9/22 00:50:17,25,Good
2/9/22 00:50:22,26,Good
2/9/22 00:57:04,27,Good
2/9/22 01:04:33,28,Good
2/9/22 01:04:36,27,Good
2/9/22 01:04:48,28,Good
2/9/22 01:08:34,29,Good
2/9/22 01:08:37,28,Good
2/9/22 01:08:47,29,Good
2/9/22 01:08:52,28,Good
2/9/22 01:09:37,29,Good
2/9/22 01:15:49,30,Good
2/9/22 01:22:33,31,Good
2/9/22 01:28:48,32,Good
2/9/22 01:28:50,31,Good
2/9/22 01:28:58,32,Good
2/9/22 01:35:19,33,Good
2/9/22 01:35:57,32,Good
2/9/22 01:36:02,33,Good
2/9/22 01:40:18,34,Good
2/9/22 01:40:21,33,Good
2/9/22 01:40:26,34,Good
2/9/22 01:40:36,33,Good
2/9/22 01:40:41,34,Good
2/9/22 01:41:26,33,Good
2/9/22 01:41:56,34,Good
2/9/22 01:48:33,35,Good
2/9/22 01:55:22,36,Good
2/9/22 02:02:12,37,Good
2/9/22 02:09:11,38,Good
2/9/22 02:09:19,37,Good
2/9/22 02:09:21,38,Good
2/9/22 02:14:48,39,Good
2/9/22 02:16:41,38,Good
2/9/22 02:16:49,39,Good
2/9/22 02:23:43,40,Good
2/9/22 02:31:45,41,Good
2/9/22 02:39:53,42,Good
2/9/22 02:40:20,41,Good
2/9/22 02:40:28,38,Good
2/9/22 02:40:35,36,Good
2/9/22 02:40:43,34,Good
2/9/22 02:40:45,33,Good
2/9/22 02:40:50,32,Good
2/9/22 02:40:58,30,Good
2/9/22 02:41:00,29,Good
2/9/22 02:41:06,28,Good
2/9/22 02:41:13,26,Good
2/9/22 02:41:20,25,Good
2/9/22 02:41:28,23,Good
2/9/22 02:41:36,22,Good
2/9/22 02:41:43,21,Good
2/9/22 02:41:51,20,Good
2/9/22 02:41:58,19,Good
2/9/22 02:42:01,18,Good
2/9/22 02:42:13,17,Good
2/9/22 02:42:16,16,Good
2/9/22 02:42:28,15,Good
2/9/22 02:42:36,14,Good
2/9/22 02:42:46,13,Good
2/9/22 02:42:59,12,Good
2/9/22 02:43:14,11,Good
2/9/22 02:43:29,10,Good
2/9/22 02:43:44,9,Good
2/9/22 02:44:01,8,Good
2/9/22 02:44:26,7,Good
2/9/22 02:44:56,6,Good
2/9/22 02:45:32,5,Good
2/9/22 02:46:22,4,Good
2/9/22 02:47:37,3,Good
2/9/22 02:47:52,4,Good
2/9/22 02:48:12,3,Good
2/9/22 02:50:05,2,Good
2/9/22 02:53:31,1,Good
2/9/22 02:53:46,2,Good
2/9/22 02:53:52,1,Good
2/9/22 02:58:20,0,Good
2/9/22 02:58:35,1,Good
2/9/22 02:58:45,0,Good
2/9/22 03:03:29,-1,Good
2/9/22 03:03:42,0,Good
2/9/22 03:03:44,-1,Good
2/9/22 03:03:57,0,Good
2/9/22 03:04:12,-1,Good
2/9/22 03:04:29,0,Good
2/9/22 03:04:37,-1,Good
2/9/22 03:04:44,0,Good
2/9/22 03:04:57,-1,Good
2/9/22 03:05:00,0,Good
2/9/22 03:05:45,-1,Good
2/9/22 03:05:52,0,Good
2/9/22 03:05:57,-1,Good
2/9/22 03:06:07,0,Good
2/9/22 03:06:12,-1,Good
2/9/22 03:06:22,0,Good
2/9/22 03:06:27,-1,Good
2/9/22 03:06:30,0,Good
2/9/22 03:06:37,-1,Good
2/9/22 03:10:36,-2,Good
2/9/22 03:10:41,-1,Good
2/9/22 03:10:51,-2,Good
2/9/22 03:10:56,-1,Good
2/9/22 03:11:37,-2,Good
2/9/22 03:22:12,-3,Good
2/9/22 03:22:14,-2,Good
2/9/22 03:22:52,-3,Good
2/9/22 03:22:57,-2,Good
2/9/22 03:23:12,-3,Good
2/9/22 03:40:52,-4,Good
2/9/22 03:41:00,-3,Good
2/9/22 03:41:07,-4,Good
2/9/22 04:21:28,-5,Good
2/9/22 04:21:31,-4,Good
2/9/22 04:23:31,-5,Good
2/9/22 04:23:36,-4,Good
2/9/22 04:24:37,-5,Good
2/9/22 04:24:42,-4,Good
2/9/22 04:24:57,-5,Good
2/9/22 04:24:59,-4,Good
2/9/22 04:25:07,-5,Good
2/9/22 04:25:12,-4,Good
2/9/22 04:25:14,-5,Good
2/9/22 04:25:27,-4,Good
2/9/22 04:25:42,-5,Good
2/9/22 04:25:44,-4,Good
2/9/22 04:25:57,-5,Good
2/9/22 04:25:59,-4,Good
2/9/22 04:26:07,-5,Good
2/9/22 04:26:12,-4,Good
2/9/22 04:26:22,-5,Good
2/9/22 04:26:37,-4,Good
2/9/22 04:26:42,-5,Good
2/9/22 04:26:52,-4,Good
2/9/22 04:26:57,-5,Good
2/9/22 04:27:00,-4,Good
2/9/22 04:27:07,-5,Good
2/9/22 04:27:12,-4,Good
2/9/22 04:32:16,-5,Good
2/9/22 04:32:21,-4,Good
2/9/22 04:35:57,-5,Good
2/9/22 04:36:00,-4,Good
2/9/22 04:36:13,-5,Good
2/9/22 04:36:15,-4,Good
2/9/22 04:37:23,-5,Good
2/9/22 04:37:30,-4,Good
2/9/22 04:37:50,-5,Good
2/9/22 04:38:01,-4,Good
2/9/22 04:38:13,-5,Good
2/9/22 04:38:31,-4,Good
2/9/22 04:38:43,-5,Good
2/9/22 04:38:58,-4,Good
2/9/22 04:39:13,-5,Good
2/9/22 04:39:16,-4,Good
2/9/22 04:39:28,-5,Good
2/9/22 04:39:31,-4,Good
2/9/22 04:39:51,-5,Good
2/9/22 04:40:13,-4,Good
2/9/22 04:40:16,-5,Good
2/9/22 04:40:31,-4,Good
2/9/22 04:40:44,-5,Good
2/9/22 04:41:26,-4,Good
2/9/22 04:41:31,-5,Good
2/9/22 04:44:00,-4,Good
2/9/22 04:47:06,-5,Good
2/9/22 04:47:13,-4,Good
2/9/22 04:47:35,-5,Good
2/9/22 04:48:01,-4,Good
2/9/22 04:48:05,-5,Good
2/9/22 04:48:13,-4,Good
2/9/22 04:48:51,-5,Good
2/9/22 04:49:01,-4,Good
2/9/22 04:49:14,-5,Good
2/9/22 04:49:21,-4,Good
2/9/22 04:50:06,-5,Good
2/9/22 04:50:16,-4,Good
2/9/22 04:50:21,-5,Good
2/9/22 04:50:27,-4,Good
2/9/22 04:50:32,-5,Good
2/9/22 04:50:51,-4,Good
2/9/22 04:50:57,-5,Good
2/9/22 04:51:02,-4,Good
2/9/22 04:51:16,-5,Good
2/9/22 04:51:32,-4,Good
2/9/22 04:51:37,-5,Good
2/9/22 04:51:47,-4,Good
2/9/22 04:51:52,-5,Good
2/9/22 04:52:07,-4,Good
2/9/22 04:52:15,-5,Good
2/9/22 04:52:42,-4,Good
2/9/22 04:52:52,-5,Good
2/9/22 04:53:07,-4,Good
2/9/22 04:53:12,-5,Good
2/9/22 04:53:22,-4,Good
2/9/22 04:53:27,-5,Good
2/9/22 04:53:37,-4,Good
2/9/22 04:53:42,-5,Good
2/9/22 04:53:45,-4,Good
2/9/22 04:53:53,-5,Good
2/9/22 04:54:00,-4,Good
2/9/22 04:54:07,-5,Good
2/9/22 04:54:23,-4,Good
2/9/22 04:54:28,-5,Good
2/9/22 04:54:43,-4,Good
2/9/22 04:54:45,-5,Good
2/9/22 04:55:13,-4,Good
2/9/22 04:55:15,-5,Good
2/9/22 04:55:20,-4,Good
2/9/22 04:55:28,-5,Good
2/9/22 04:55:30,-4,Good
2/9/22 04:55:50,-5,Good
2/9/22 04:56:31,-4,Good
2/9/22 04:56:46,-5,Good
2/9/22 04:56:58,-4,Good
2/9/22 04:57:01,-5,Good
2/9/22 04:57:31,-4,Good
2/9/22 04:57:46,-5,Good
2/9/22 04:58:06,-4,Good
2/9/22 04:58:14,-5,Good
2/9/22 04:59:47,-4,Good
2/9/22 04:59:51,-5,Good
2/9/22 05:00:12,-4,Good
2/9/22 05:00:17,-5,Good
2/9/22 05:00:21,-4,Good
2/9/22 05:00:27,-5,Good
2/9/22 05:00:37,-4,Good
2/9/22 05:00:42,-5,Good
2/9/22 05:00:57,-4,Good
2/9/22 05:00:59,-5,Good
2/9/22 05:01:07,-4,Good
2/9/22 05:01:12,-5,Good
2/9/22 05:01:16,-4,Good
2/9/22 05:01:27,-5,Good
2/9/22 05:01:42,-4,Good
2/9/22 05:01:45,-5,Good
2/9/22 05:01:52,-4,Good
2/9/22 05:02:00,-5,Good
2/9/22 05:02:12,-4,Good
2/9/22 05:05:01,-5,Good
2/9/22 05:05:06,-4,Good
2/9/22 05:52:44,-3,Good
2/9/22 05:52:56,-2,Good
2/9/22 05:53:12,-1,Good
2/9/22 05:53:21,0,Good
2/9/22 05:53:37,1,Good
2/9/22 05:53:52,2,Good
2/9/22 05:54:12,3,Good
2/9/22 05:54:37,4,Good
2/9/22 05:55:07,5,Good
2/9/22 05:55:45,6,Good
2/9/22 05:56:43,7,Good
2/9/22 05:57:53,8,Good
2/9/22 05:57:58,7,Good
2/9/22 05:58:20,8,Good
2/9/22 06:00:59,9,Good
2/9/22 06:01:01,8,Good
2/9/22 06:01:14,9,Good
2/9/22 06:09:31,10,Good
2/9/22 06:09:36,9,Good
2/9/22 06:09:44,10,Good
2/9/22 06:17:59,11,Good
2/9/22 06:18:01,10,Good
2/9/22 06:18:06,11,Good
2/9/22 06:24:58,12,Good
2/9/22 06:25:08,11,Good
2/9/22 06:27:46,12,Good
2/9/22 06:38:21,13,Good
2/9/22 06:38:37,12,Good
2/9/22 06:38:42,13,Good
2/9/22 06:45:36,14,Good
2/9/22 06:45:46,13,Good
2/9/22 06:45:51,14,Good
2/9/22 06:46:01,13,Good
2/9/22 06:46:06,14,Good
2/9/22 06:47:27,13,Good
2/9/22 06:47:42,14,Good
2/9/22 06:47:47,13,Good
2/9/22 06:48:02,14,Good
2/9/22 06:48:07,13,Good
2/9/22 06:48:17,14,Good
2/9/22 06:59:27,15,Good
2/9/22 06:59:30,14,Good
2/9/22 06:59:37,15,Good
2/9/22 06:59:45,14,Good
2/9/22 06:59:53,15,Good
2/9/22 07:07:30,16,Good
2/9/22 07:07:37,15,Good
2/9/22 07:07:45,16,Good
2/9/22 07:07:52,15,Good
2/9/22 07:08:00,16,Good
2/9/22 07:08:08,15,Good
2/9/22 07:08:12,16,Good
2/9/22 07:08:15,15,Good
2/9/22 07:08:22,16,Good
2/9/22 07:10:46,15,Good
2/9/22 07:10:50,16,Good
2/9/22 07:23:21,17,Good
2/9/22 07:23:26,16,Good
2/9/22 07:23:36,17,Good
2/9/22 07:32:52,18,Good
2/9/22 07:32:57,17,Good
2/9/22 07:33:02,18,Good
2/9/22 07:34:02,17,Good
2/9/22 07:34:07,18,Good
2/9/22 07:34:14,17,Good
2/9/22 07:34:30,18,Good
2/9/22 07:34:37,17,Good
2/9/22 07:36:15,18,Good
2/9/22 07:36:23,17,Good
2/9/22 07:36:30,18,Good
2/9/22 07:45:53,17,Good
2/9/22 07:46:13,16,Good
2/9/22 07:46:23,15,Good
2/9/22 07:46:38,14,Good
2/9/22 07:46:58,13,Good
2/9/22 07:47:16,12,Good
2/9/22 07:47:43,11,Good
2/9/22 07:48:13,10,Good
2/9/22 07:48:59,9,Good
2/9/22 07:50:06,8,Good
2/9/22 07:53:00,7,Good
2/9/22 08:14:44,6,Good
2/9/22 08:14:51,7,Good
2/9/22 08:15:01,6,Good
2/9/22 08:15:06,7,Good
2/9/22 08:18:27,6,Good
2/9/22 08:18:37,7,Good
2/9/22 08:18:42,6,Good
2/9/22 08:19:12,7,Good
2/9/22 08:19:17,6,Good
2/9/22 08:19:37,7,Good
2/9/22 08:19:42,6,Good
2/9/22 08:24:59,7,Good
2/9/22 08:25:01,6,Good
2/9/22 08:25:07,7,Good
2/9/22 08:35:12,6,Good
2/9/22 08:35:17,7,Good
2/9/22 08:35:22,6,Good
2/9/22 08:43:21,7,Good
2/9/22 08:43:29,6,Good
2/9/22 08:43:36,7,Good
2/9/22 08:43:44,6,Good
2/9/22 08:43:47,7,Good
2/9/22 08:44:02,6,Good
2/9/22 08:44:07,7,Good
2/9/22 08:44:52,6,Good
2/9/22 08:44:57,7,Good
2/9/22 08:45:27,6,Good
2/9/22 08:45:32,7,Good
2/9/22 08:50:31,6,Good
2/9/22 08:50:43,7,Good
2/9/22 08:50:46,6,Good
2/9/22 08:50:51,7,Good
2/9/22 08:51:46,6,Good
2/9/22 08:51:51,7,Good
2/9/22 08:52:32,6,Good
2/9/22 08:52:51,7,Good
2/9/22 08:53:12,6,Good
2/9/22 08:53:17,7,Good
2/9/22 08:54:07,6,Good
2/9/22 08:54:12,7,Good
2/9/22 08:54:22,6,Good
2/9/22 08:54:27,7,Good
2/9/22 08:54:32,6,Good
2/9/22 09:02:44,7,Good
2/9/22 09:02:47,6,Good
2/9/22 09:03:02,7,Good
2/9/22 09:03:07,6,Good
2/9/22 09:03:17,7,Good
2/9/22 09:03:52,6,Good
2/9/22 09:03:57,7,Good
2/9/22 09:05:58,6,Good
2/9/22 09:06:00,7,Good
2/9/22 09:07:51,6,Good
2/9/22 09:07:58,7,Good
2/9/22 09:08:44,6,Good
2/9/22 09:08:46,7,Good
2/9/22 09:14:53,6,Good
2/9/22 09:23:15,7,Good
2/9/22 09:23:30,6,Good
2/9/22 09:23:38,7,Good
2/9/22 09:23:45,6,Good
2/9/22 09:23:53,7,Good
2/9/22 09:36:01,6,Good
2/9/22 09:36:06,7,Good
2/9/22 09:37:02,6,Good
2/9/22 09:37:06,7,Good
2/9/22 09:37:32,6,Good
2/9/22 09:37:37,7,Good
2/9/22 09:49:22,6,Good
2/9/22 09:50:30,5,Good
2/9/22 09:51:38,4,Good
2/9/22 09:53:01,3,Good
2/9/22 09:55:37,2,Good
2/9/22 09:59:30,1,Good
2/9/22 10:00:15,2,Good
2/9/22 10:00:23,1,Good
2/9/22 10:00:38,2,Good
2/9/22 10:00:43,1,Good
2/9/22 10:00:46,2,Good
2/9/22 10:01:46,1,Good
2/9/22 10:05:32,0,Good
2/9/22 10:06:12,1,Good
2/9/22 10:06:32,0,Good
2/9/22 10:07:38,1,Good
2/9/22 10:07:43,0,Good
2/9/22 10:13:22,-1,Good
2/9/22 10:17:23,-2,Good
2/9/22 10:17:28,-1,Good
2/9/22 10:17:38,-2,Good
2/9/22 10:17:43,-1,Good
2/9/22 10:17:53,-2,Good
2/9/22 10:17:58,-1,Good
2/9/22 10:18:13,-2,Good
2/9/22 10:18:53,-1,Good
2/9/22 10:22:07,-2,Good
2/9/22 10:22:14,-1,Good
2/9/22 10:22:22,-2,Good
2/9/22 10:22:29,-1,Good
2/9/22 10:22:37,-2,Good
2/9/22 10:22:52,-1,Good
2/9/22 10:23:37,-2,Good
2/9/22 10:23:42,-1,Good
2/9/22 10:25:08,-2,Good
2/9/22 10:25:15,-1,Good
2/9/22 10:25:27,-2,Good
2/9/22 10:25:43,-1,Good
2/9/22 10:25:53,-2,Good
2/9/22 10:41:57,-1,Good
2/9/22 10:42:02,-2,Good
2/9/22 10:42:07,-1,Good
2/9/22 10:42:37,-2,Good
2/9/22 10:44:23,-1,Good
2/9/22 10:44:30,-2,Good
2/9/22 10:44:53,-1,Good
2/9/22 10:46:51,-2,Good
2/9/22 10:46:58,-1,Good
2/9/22 10:47:06,-2,Good
2/9/22 10:47:51,-1,Good
2/9/22 10:48:16,-2,Good
2/9/22 10:48:44,-1,Good
2/9/22 10:48:46,-2,Good
2/9/22 10:48:59,-1,Good
2/9/22 10:49:29,-2,Good
2/9/22 10:49:37,-1,Good
2/9/22 10:49:44,-2,Good
2/9/22 10:49:56,-1,Good
2/9/22 10:50:12,-2,Good
2/9/22 10:50:17,-1,Good
2/9/22 10:52:07,-2,Good
2/9/22 10:52:17,-1,Good
2/9/22 10:56:28,0,Good
2/9/22 10:56:31,-1,Good
2/9/22 10:56:51,0,Good
2/9/22 10:58:52,1,Good
2/9/22 11:00:22,2,Good
2/9/22 11:01:37,3,Good
2/9/22 11:03:13,4,Good
2/9/22 11:06:06,5,Good
2/9/22 11:06:14,4,Good
2/9/22 11:06:29,5,Good
2/9/22 11:14:13,6,Good
2/9/22 11:19:02,7,Good
2/9/22 11:27:47,8,Good
2/9/22 11:38:30,9,Good
2/9/22 11:38:38,8,Good
2/9/22 11:38:43,9,Good
2/9/22 11:49:29,10,Good
2/9/22 12:05:53,11,Good
2/9/22 12:05:58,10,Good
2/9/22 12:06:08,11,Good
2/9/22 12:08:59,10,Good
2/9/22 12:09:01,11,Good
2/9/22 12:09:14,10,Good
2/9/22 12:09:21,11,Good
2/9/22 12:09:32,10,Good
2/9/22 12:13:30,11,Good
2/9/22 12:13:45,10,Good
2/9/22 12:13:53,11,Good
2/9/22 12:13:55,10,Good
2/9/22 12:14:00,11,Good
2/9/22 12:14:08,10,Good
2/9/22 12:25:39,11,Good
2/9/22 12:25:59,10,Good
2/9/22 12:26:01,11,Good
2/9/22 12:26:09,10,Good
2/9/22 12:26:11,11,Good
2/9/22 12:26:16,10,Good
2/9/22 12:26:21,11,Good
2/9/22 12:26:36,10,Good
2/9/22 12:26:46,11,Good
2/9/22 12:26:52,10,Good
2/9/22 12:26:57,11,Good
2/9/22 12:27:01,10,Good
2/9/22 12:28:02,11,Good
2/9/22 12:28:07,10,Good
2/9/22 12:28:22,11,Good
2/9/22 12:28:37,10,Good
2/9/22 12:28:52,11,Good
2/9/22 12:28:55,10,Good
2/9/22 12:29:02,11,Good
2/9/22 12:55:37,10,Good
2/9/22 12:55:47,11,Good
2/9/22 12:55:52,10,Good
2/9/22 12:56:10,11,Good
2/9/22 12:56:17,10,Good
2/9/22 12:56:25,11,Good
2/9/22 12:56:52,10,Good
2/9/22 12:56:55,11,Good
2/9/22 13:03:52,10,Good
2/9/22 13:04:07,11,Good
2/9/22 13:04:10,10,Good
2/9/22 13:04:17,11,Good
2/9/22 13:06:22,12,Good
2/9/22 13:06:25,11,Good
2/9/22 13:06:37,12,Good
2/9/22 13:06:48,11,Good
2/9/22 13:07:08,12,Good
2/9/22 13:19:16,13,Good
2/9/22 13:19:23,12,Good
2/9/22 13:19:26,13,Good
2/9/22 13:19:31,12,Good
2/9/22 13:19:41,13,Good
2/9/22 13:22:55,12,Good
2/9/22 13:23:02,13,Good
2/9/22 13:23:37,12,Good
2/9/22 13:23:40,13,Good
2/9/22 13:24:17,12,Good
2/9/22 13:24:25,13,Good
2/9/22 13:24:37,12,Good
2/9/22 13:24:40,13,Good
2/9/22 13:24:47,12,Good
2/9/22 13:24:53,13,Good
2/9/22 13:25:10,12,Good
2/9/22 13:25:15,13,Good
2/9/22 13:25:38,12,Good
2/9/22 13:25:53,13,Good
2/9/22 13:26:25,12,Good
2/9/22 13:26:31,13,Good
2/9/22 13:26:38,12,Good
2/9/22 13:26:46,13,Good
2/9/22 13:26:53,12,Good
2/9/22 13:27:16,13,Good
2/9/22 13:27:26,12,Good
2/9/22 13:27:31,13,Good
2/9/22 13:27:38,12,Good
2/9/22 13:27:46,13,Good
2/9/22 13:27:53,12,Good
2/9/22 13:28:08,13,Good
2/9/22 13:28:11,12,Good
2/9/22 13:28:16,13,Good
2/9/22 13:28:26,12,Good
2/9/22 13:28:39,13,Good
2/9/22 13:28:41,12,Good
2/9/22 13:28:56,13,Good
2/9/22 13:29:02,12,Good
2/9/22 13:29:36,13,Good
2/9/22 13:29:41,12,Good
2/9/22 13:29:47,13,Good
2/9/22 13:29:51,12,Good
2/9/22 13:29:57,13,Good
2/9/22 13:30:27,12,Good
2/9/22 13:30:31,13,Good
2/9/22 13:32:55,14,Good
2/9/22 13:33:02,13,Good
2/9/22 13:34:15,14,Good
2/9/22 13:34:23,13,Good
2/9/22 13:34:33,14,Good
2/9/22 13:34:40,13,Good
2/9/22 13:34:45,14,Good
2/9/22 13:35:23,13,Good
2/9/22 13:35:25,14,Good
2/9/22 13:35:38,13,Good
2/9/22 13:36:41,14,Good
2/9/22 13:36:46,13,Good
2/9/22 13:36:53,14,Good
2/9/22 13:36:56,13,Good
2/9/22 13:38:06,14,Good
2/9/22 13:38:11,13,Good
2/9/22 13:39:37,14,Good
2/9/22 13:39:42,13,Good
2/9/22 13:42:38,14,Good
2/9/22 13:44:01,13,Good
2/9/22 13:44:10,14,Good
2/9/22 13:44:30,13,Good
2/9/22 13:44:38,14,Good
2/9/22 13:44:46,13,Good
2/9/22 13:44:56,14,Good
2/9/22 13:45:53,13,Good
2/9/22 13:45:56,14,Good
2/9/22 13:46:51,13,Good
2/9/22 13:47:52,14,Good
2/9/22 13:47:57,13,Good
2/9/22 13:48:32,14,Good
2/9/22 13:48:37,13,Good
2/9/22 13:48:41,14,Good
2/9/22 13:48:51,13,Good
2/9/22 13:48:54,14,Good
2/9/22 13:49:12,15,Good
2/9/22 13:49:24,14,Good
2/9/22 13:49:39,15,Good
2/9/22 13:49:52,14,Good
2/9/22 13:51:47,15,Good
2/9/22 13:53:53,14,Good
2/9/22 13:57:26,15,Good
2/9/22 13:57:52,15,Good
2/9/22 13:57:57,32767,Good
2/9/22 14:58:01,32767,Good
2/9/22 15:58:03,32767,Good
