WestUp (deg c),,
Timestamp,Value,Quality
2/7/22 00:00:07,22,Good
2/7/22 00:00:12,21,Good
2/7/22 00:00:17,22,Good
2/7/22 00:00:27,21,Good
2/7/22 00:00:32,22,Good
2/7/22 00:00:54,21,Good
2/7/22 00:01:17,22,Good
2/7/22 00:01:24,21,Good
2/7/22 00:01:32,22,Good
2/7/22 00:01:47,21,Good
2/7/22 00:01:52,22,Good
2/7/22 00:01:54,21,Good
2/7/22 00:02:02,22,Good
2/7/22 00:02:22,21,Good
2/7/22 00:02:25,22,Good
2/7/22 00:02:32,21,Good
2/7/22 00:02:37,22,Good
2/7/22 00:02:40,21,Good
2/7/22 00:02:52,22,Good
2/7/22 00:04:10,21,Good
2/7/22 00:04:18,22,Good
2/7/22 00:04:30,21,Good
2/7/22 00:04:38,22,Good
2/7/22 00:04:45,21,Good
2/7/22 00:04:53,22,Good
2/7/22 00:05:00,21,Good
2/7/22 00:05:08,22,Good
2/7/22 00:05:10,21,Good
2/7/22 00:05:15,22,Good
2/7/22 00:06:08,21,Good
2/7/22 00:06:11,22,Good
2/7/22 00:06:26,21,Good
2/7/22 00:06:38,22,Good
2/7/22 00:07:56,21,Good
2/7/22 00:08:01,22,Good
2/7/22 00:08:16,21,Good
2/7/22 00:08:22,22,Good
2/7/22 00:08:37,21,Good
2/7/22 00:08:41,22,Good
2/7/22 00:08:47,21,Good
2/7/22 00:08:51,22,Good
2/7/22 00:09:22,21,Good
2/7/22 00:09:27,22,Good
2/7/22 00:10:07,21,Good
2/7/22 00:10:09,22,Good
2/7/22 00:17:24,21,Good
2/7/22 00:17:27,22,Good
2/7/22 00:18:07,21,Good
2/7/22 00:18:12,22,Good
2/7/22 00:18:47,21,Good
2/7/22 00:18:52,22,Good
2/7/22 00:19:47,21,Good
2/7/22 00:19:52,22,Good
2/7/22 00:21:12,22,Good
2/7/22 00:21:17,-50,Good
2/7/22 00:21:22,-46,Good
2/7/22 00:21:25,-42,Good
2/7/22 00:21:33,-30,Good
2/7/22 00:21:38,-23,Good
2/7/22 00:21:40,-21,Good
2/7/22 00:21:48,-14,Good
2/7/22 00:21:53,-9,Good
2/7/22 00:21:55,-6,Good
2/7/22 00:22:00,-2,Good
2/7/22 00:22:08,2,Good
2/7/22 00:22:18,6,Good
2/7/22 00:22:23,8,Good
2/7/22 00:22:33,9,Good
2/7/22 00:22:38,10,Good
2/7/22 00:22:46,11,Good
2/7/22 00:23:00,12,Good
2/7/22 00:23:23,13,Good
2/7/22 00:23:30,14,Good
2/7/22 00:23:38,15,Good
2/7/22 00:23:46,16,Good
2/7/22 00:23:53,17,Good
2/7/22 00:24:08,18,Good
2/7/22 00:24:23,19,Good
2/7/22 00:24:26,18,Good
2/7/22 00:24:31,19,Good
2/7/22 00:24:56,20,Good
2/7/22 00:25:01,19,Good
2/7/22 00:25:11,20,Good
2/7/22 00:26:16,21,Good
2/7/22 00:26:21,20,Good
2/7/22 00:26:31,21,Good
2/7/22 00:26:36,20,Good
2/7/22 00:26:41,21,Good
2/7/22 00:30:38,22,Good
2/7/22 00:30:40,21,Good
2/7/22 00:32:46,22,Good
2/7/22 00:32:53,21,Good
2/7/22 00:33:01,22,Good
2/7/22 00:33:08,21,Good
2/7/22 00:33:26,22,Good
2/7/22 00:33:31,21,Good
2/7/22 00:33:41,22,Good
2/7/22 00:33:46,21,Good
2/7/22 00:33:56,22,Good
2/7/22 00:34:01,21,Good
2/7/22 00:34:11,22,Good
2/7/22 00:34:16,21,Good
2/7/22 00:35:01,22,Good
2/7/22 00:35:16,21,Good
2/7/22 00:35:52,22,Good
2/7/22 00:35:57,21,Good
2/7/22 00:36:12,22,Good
2/7/22 00:36:17,21,Good
2/7/22 00:36:22,22,Good
2/7/22 00:36:37,21,Good
2/7/22 00:36:42,22,Good
2/7/22 00:36:47,21,Good
2/7/22 00:36:52,22,Good
2/7/22 00:36:57,21,Good
2/7/22 00:37:37,22,Good
2/7/22 00:37:39,21,Good
2/7/22 00:38:02,22,Good
2/7/22 00:38:10,21,Good
2/7/22 00:38:17,22,Good
2/7/22 00:38:25,21,Good
2/7/22 00:38:32,22,Good
2/7/22 00:38:37,21,Good
2/7/22 00:38:52,22,Good
2/7/22 00:38:55,21,Good
2/7/22 00:39:07,22,Good
2/7/22 00:39:10,21,Good
2/7/22 00:40:11,22,Good
2/7/22 00:40:18,21,Good
2/7/22 00:40:25,22,Good
2/7/22 00:40:38,21,Good
2/7/22 00:40:45,22,Good
2/7/22 00:40:53,21,Good
2/7/22 00:41:11,22,Good
2/7/22 00:41:16,21,Good
2/7/22 00:42:01,22,Good
2/7/22 00:42:08,21,Good
2/7/22 00:43:01,22,Good
2/7/22 00:43:09,21,Good
2/7/22 00:44:26,22,Good
2/7/22 00:44:32,21,Good
2/7/22 00:45:37,22,Good
2/7/22 00:45:42,21,Good
2/7/22 00:45:52,22,Good
2/7/22 00:45:54,21,Good
2/7/22 00:46:07,22,Good
2/7/22 00:46:12,21,Good
2/7/22 00:46:32,22,Good
2/7/22 00:46:37,21,Good
2/7/22 00:46:47,22,Good
2/7/22 00:46:52,21,Good
2/7/22 00:47:55,22,Good
2/7/22 00:48:02,21,Good
2/7/22 00:48:18,22,Good
2/7/22 00:48:23,21,Good
2/7/22 00:48:40,22,Good
2/7/22 00:48:48,21,Good
2/7/22 00:49:53,22,Good
2/7/22 00:49:55,21,Good
2/7/22 00:50:16,22,Good
2/7/22 00:50:23,21,Good
2/7/22 00:50:38,22,Good
2/7/22 00:50:41,21,Good
2/7/22 00:52:16,22,Good
2/7/22 00:52:24,21,Good
2/7/22 00:52:39,22,Good
2/7/22 00:52:41,21,Good
2/7/22 00:52:46,22,Good
2/7/22 00:52:54,21,Good
2/7/22 00:54:07,22,Good
2/7/22 00:54:12,21,Good
2/7/22 00:54:42,22,Good
2/7/22 00:54:52,21,Good
2/7/22 00:55:02,22,Good
2/7/22 00:55:07,21,Good
2/7/22 00:56:18,22,Good
2/7/22 00:56:22,21,Good
2/7/22 00:57:18,22,Good
2/7/22 00:57:22,21,Good
2/7/22 01:02:42,22,Good
2/7/22 01:02:47,21,Good
2/7/22 01:03:22,22,Good
2/7/22 01:03:27,21,Good
2/7/22 01:04:17,22,Good
2/7/22 01:04:22,21,Good
2/7/22 01:05:17,22,Good
2/7/22 01:05:22,21,Good
2/7/22 01:06:25,22,Good
2/7/22 01:06:33,21,Good
2/7/22 01:07:00,22,Good
2/7/22 01:07:11,21,Good
2/7/22 01:07:33,22,Good
2/7/22 01:07:38,21,Good
2/7/22 01:09:26,22,Good
2/7/22 01:09:31,21,Good
2/7/22 01:10:26,22,Good
2/7/22 01:10:31,21,Good
2/7/22 01:15:17,22,Good
2/7/22 01:15:22,21,Good
2/7/22 01:18:24,22,Good
2/7/22 01:18:26,21,Good
2/7/22 01:20:01,22,Good
2/7/22 01:20:06,21,Good
2/7/22 01:21:52,22,Good
2/7/22 01:22:02,21,Good
2/7/22 01:22:22,22,Good
2/7/22 01:22:27,21,Good
2/7/22 01:22:40,22,Good
2/7/22 01:22:47,21,Good
2/7/22 01:23:37,22,Good
2/7/22 01:23:40,21,Good
2/7/22 01:23:53,22,Good
2/7/22 01:24:02,21,Good
2/7/22 01:25:38,22,Good
2/7/22 01:25:41,21,Good
2/7/22 01:26:00,22,Good
2/7/22 01:26:08,21,Good
2/7/22 01:28:24,22,Good
2/7/22 01:28:26,21,Good
2/7/22 01:30:40,22,Good
2/7/22 01:30:47,21,Good
2/7/22 01:34:03,22,Good
2/7/22 01:34:08,21,Good
2/7/22 01:34:53,22,Good
2/7/22 01:35:00,21,Good
2/7/22 01:38:47,22,Good
2/7/22 01:38:52,21,Good
2/7/22 01:39:07,22,Good
2/7/22 01:39:16,21,Good
2/7/22 01:39:27,22,Good
2/7/22 01:39:32,21,Good
2/7/22 01:40:37,22,Good
2/7/22 01:40:40,21,Good
2/7/22 01:40:47,22,Good
2/7/22 01:40:52,21,Good
2/7/22 01:41:17,22,Good
2/7/22 01:41:22,21,Good
2/7/22 01:41:40,22,Good
2/7/22 01:41:47,21,Good
2/7/22 01:42:33,22,Good
2/7/22 01:42:37,21,Good
2/7/22 01:42:40,22,Good
2/7/22 01:42:48,21,Good
2/7/22 01:42:53,22,Good
2/7/22 01:43:03,21,Good
2/7/22 01:43:33,22,Good
2/7/22 01:43:38,21,Good
2/7/22 01:44:56,22,Good
2/7/22 01:45:01,21,Good
2/7/22 01:45:41,22,Good
2/7/22 01:45:46,21,Good
2/7/22 01:46:46,22,Good
2/7/22 01:46:56,21,Good
2/7/22 01:47:41,22,Good
2/7/22 01:47:47,21,Good
2/7/22 01:48:37,22,Good
2/7/22 01:48:39,21,Good
2/7/22 01:48:52,22,Good
2/7/22 01:48:57,21,Good
2/7/22 01:49:07,22,Good
2/7/22 01:49:09,21,Good
2/7/22 01:49:47,22,Good
2/7/22 01:49:52,21,Good
2/7/22 01:53:23,22,Good
2/7/22 01:53:26,21,Good
2/7/22 01:54:23,22,Good
2/7/22 01:54:26,21,Good
2/7/22 01:56:52,22,Good
2/7/22 01:57:02,21,Good
2/7/22 01:57:47,22,Good
2/7/22 01:57:52,21,Good
2/7/22 01:58:02,22,Good
2/7/22 01:58:07,21,Good
2/7/22 01:58:47,22,Good
2/7/22 01:58:52,21,Good
2/7/22 01:59:17,22,Good
2/7/22 01:59:22,21,Good
2/7/22 01:59:40,22,Good
2/7/22 01:59:53,21,Good
2/7/22 02:01:08,22,Good
2/7/22 02:01:10,21,Good
2/7/22 02:01:25,22,Good
2/7/22 02:01:33,21,Good
2/7/22 02:01:55,22,Good
2/7/22 02:02:03,21,Good
2/7/22 02:02:53,22,Good
2/7/22 02:02:56,21,Good
2/7/22 02:03:46,22,Good
2/7/22 02:03:53,21,Good
2/7/22 02:05:11,22,Good
2/7/22 02:05:16,21,Good
2/7/22 02:05:51,22,Good
2/7/22 02:06:02,21,Good
2/7/22 02:06:37,22,Good
2/7/22 02:06:42,21,Good
2/7/22 02:07:27,22,Good
2/7/22 02:07:32,21,Good
2/7/22 02:08:02,22,Good
2/7/22 02:08:07,21,Good
2/7/22 02:08:40,22,Good
2/7/22 02:08:47,21,Good
2/7/22 02:09:53,22,Good
2/7/22 02:09:55,21,Good
2/7/22 02:10:53,22,Good
2/7/22 02:10:55,21,Good
2/7/22 02:12:26,22,Good
2/7/22 02:12:31,21,Good
2/7/22 02:14:31,22,Good
2/7/22 02:14:42,21,Good
2/7/22 02:15:12,22,Good
2/7/22 02:15:17,21,Good
2/7/22 02:17:22,22,Good
2/7/22 02:17:32,21,Good
2/7/22 02:22:11,22,Good
2/7/22 02:22:24,21,Good
2/7/22 02:23:01,22,Good
2/7/22 02:23:06,21,Good
2/7/22 02:28:08,22,Good
2/7/22 02:28:10,21,Good
2/7/22 02:32:52,22,Good
2/7/22 02:32:57,21,Good
2/7/22 02:36:38,22,Good
2/7/22 02:36:40,21,Good
2/7/22 02:38:15,22,Good
2/7/22 02:38:23,21,Good
2/7/22 02:40:11,22,Good
2/7/22 02:40:16,21,Good
2/7/22 02:43:12,22,Good
2/7/22 02:43:17,21,Good
2/7/22 02:49:24,22,Good
2/7/22 02:49:32,21,Good
2/7/22 02:51:42,22,Good
2/7/22 02:51:47,21,Good
2/7/22 02:52:10,22,Good
2/7/22 02:52:17,21,Good
2/7/22 02:52:37,22,Good
2/7/22 02:52:40,21,Good
2/7/22 02:53:03,22,Good
2/7/22 02:53:10,21,Good
2/7/22 02:53:53,22,Good
2/7/22 02:53:55,21,Good
2/7/22 02:54:03,22,Good
2/7/22 02:54:08,21,Good
2/7/22 02:54:33,22,Good
2/7/22 02:54:40,21,Good
2/7/22 02:56:01,22,Good
2/7/22 02:56:08,21,Good
2/7/22 02:56:11,22,Good
2/7/22 02:56:16,21,Good
2/7/22 02:56:23,22,Good
2/7/22 02:56:31,21,Good
2/7/22 02:56:56,22,Good
2/7/22 02:57:01,21,Good
2/7/22 02:57:16,22,Good
2/7/22 02:57:26,21,Good
2/7/22 02:57:38,22,Good
2/7/22 02:57:41,21,Good
2/7/22 02:58:09,22,Good
2/7/22 02:58:11,21,Good
2/7/22 02:58:32,22,Good
2/7/22 02:58:39,21,Good
2/7/22 03:01:02,22,Good
2/7/22 03:01:07,21,Good
2/7/22 03:02:07,22,Good
2/7/22 03:02:10,21,Good
2/7/22 03:02:25,22,Good
2/7/22 03:02:38,21,Good
2/7/22 03:03:03,22,Good
2/7/22 03:03:08,21,Good
2/7/22 03:03:53,22,Good
2/7/22 03:04:03,21,Good
2/7/22 03:04:08,22,Good
2/7/22 03:04:10,21,Good
2/7/22 03:04:53,22,Good
2/7/22 03:04:56,21,Good
2/7/22 03:05:01,22,Good
2/7/22 03:05:08,21,Good
2/7/22 03:05:11,22,Good
2/7/22 03:05:16,21,Good
2/7/22 03:05:26,22,Good
2/7/22 03:05:31,21,Good
2/7/22 03:05:46,22,Good
2/7/22 03:05:56,21,Good
2/7/22 03:07:56,22,Good
2/7/22 03:08:02,21,Good
2/7/22 03:08:07,22,Good
2/7/22 03:08:12,21,Good
2/7/22 03:08:57,22,Good
2/7/22 03:09:02,21,Good
2/7/22 03:09:07,22,Good
2/7/22 03:09:12,21,Good
2/7/22 03:09:55,22,Good
2/7/22 03:10:02,21,Good
2/7/22 03:10:12,22,Good
2/7/22 03:10:17,21,Good
2/7/22 03:10:37,22,Good
2/7/22 03:10:40,21,Good
2/7/22 03:10:47,22,Good
2/7/22 03:10:52,21,Good
2/7/22 03:11:47,22,Good
2/7/22 03:11:52,21,Good
2/7/22 03:13:10,22,Good
2/7/22 03:13:15,21,Good
2/7/22 03:17:24,22,Good
2/7/22 03:17:27,21,Good
2/7/22 03:17:57,22,Good
2/7/22 03:18:02,21,Good
2/7/22 03:18:17,22,Good
2/7/22 03:18:22,21,Good
2/7/22 03:19:17,22,Good
2/7/22 03:19:22,21,Good
2/7/22 03:20:38,22,Good
2/7/22 03:20:40,21,Good
2/7/22 03:21:38,22,Good
2/7/22 03:21:40,21,Good
2/7/22 03:22:23,22,Good
2/7/22 03:22:25,21,Good
2/7/22 03:25:54,22,Good
2/7/22 03:25:57,21,Good
2/7/22 03:30:03,22,Good
2/7/22 03:30:08,21,Good
2/7/22 03:30:10,22,Good
2/7/22 03:30:18,21,Good
2/7/22 03:32:41,22,Good
2/7/22 03:32:46,21,Good
2/7/22 03:35:17,22,Good
2/7/22 03:35:24,21,Good
2/7/22 03:35:52,22,Good
2/7/22 03:35:57,21,Good
2/7/22 03:44:09,22,Good
2/7/22 03:44:12,21,Good
2/7/22 04:00:11,20,Good
2/7/22 04:00:16,21,Good
2/7/22 04:10:31,20,Good
2/7/22 04:10:39,21,Good
2/7/22 04:23:33,20,Good
2/7/22 04:23:37,21,Good
2/7/22 04:25:56,20,Good
2/7/22 04:26:01,21,Good
2/7/22 04:29:37,20,Good
2/7/22 04:29:42,21,Good
2/7/22 04:30:22,20,Good
2/7/22 04:30:27,21,Good
2/7/22 04:35:08,20,Good
2/7/22 04:35:11,21,Good
2/7/22 04:36:56,20,Good
2/7/22 04:37:01,21,Good
2/7/22 04:37:32,20,Good
2/7/22 04:37:39,21,Good
2/7/22 04:37:57,20,Good
2/7/22 04:38:02,21,Good
2/7/22 04:39:02,20,Good
2/7/22 04:39:07,21,Good
2/7/22 04:40:38,22,Good
2/7/22 04:40:40,21,Good
2/7/22 04:40:53,20,Good
2/7/22 04:40:55,21,Good
2/7/22 04:41:02,20,Good
2/7/22 04:41:07,21,Good
2/7/22 04:41:33,20,Good
2/7/22 04:41:38,21,Good
2/7/22 04:43:26,20,Good
2/7/22 04:43:31,21,Good
2/7/22 04:47:42,20,Good
2/7/22 04:47:47,21,Good
2/7/22 04:48:02,20,Good
2/7/22 04:48:07,21,Good
2/7/22 04:49:22,20,Good
2/7/22 04:49:32,21,Good
2/7/22 04:49:40,20,Good
2/7/22 04:49:48,21,Good
2/7/22 04:50:18,20,Good
2/7/22 04:50:23,21,Good
2/7/22 04:50:33,20,Good
2/7/22 04:50:38,21,Good
2/7/22 04:51:03,20,Good
2/7/22 04:51:08,21,Good
2/7/22 04:52:03,20,Good
2/7/22 04:52:11,21,Good
2/7/22 04:53:31,20,Good
2/7/22 04:53:38,21,Good
2/7/22 04:53:54,20,Good
2/7/22 04:53:56,21,Good
2/7/22 04:54:31,20,Good
2/7/22 04:54:39,21,Good
2/7/22 04:54:54,20,Good
2/7/22 04:54:57,21,Good
2/7/22 04:55:09,20,Good
2/7/22 04:55:16,21,Good
2/7/22 04:55:24,20,Good
2/7/22 04:55:26,21,Good
2/7/22 04:56:27,20,Good
2/7/22 04:56:32,21,Good
2/7/22 04:56:37,20,Good
2/7/22 04:56:42,21,Good
2/7/22 04:57:52,20,Good
2/7/22 04:57:57,21,Good
2/7/22 04:59:55,20,Good
2/7/22 05:00:03,21,Good
2/7/22 05:00:56,20,Good
2/7/22 05:01:08,21,Good
2/7/22 05:01:26,20,Good
2/7/22 05:01:33,21,Good
2/7/22 05:04:32,20,Good
2/7/22 05:04:39,21,Good
2/7/22 05:04:54,20,Good
2/7/22 05:04:57,21,Good
2/7/22 05:06:27,20,Good
2/7/22 05:06:32,21,Good
2/7/22 05:08:10,20,Good
2/7/22 05:08:18,21,Good
2/7/22 05:14:02,20,Good
2/7/22 05:14:07,21,Good
2/7/22 05:25:07,22,Good
2/7/22 05:25:12,21,Good
2/7/22 05:28:23,22,Good
2/7/22 05:28:26,21,Good
2/7/22 05:39:16,20,Good
2/7/22 05:39:24,21,Good
2/7/22 05:43:07,20,Good
2/7/22 05:43:10,21,Good
2/7/22 05:46:23,20,Good
2/7/22 05:46:26,21,Good
2/7/22 05:47:31,22,Good
2/7/22 05:47:39,21,Good
2/7/22 05:48:26,20,Good
2/7/22 05:48:32,21,Good
2/7/22 05:51:42,20,Good
2/7/22 05:51:47,21,Good
2/7/22 05:55:46,20,Good
2/7/22 05:55:53,21,Good
2/7/22 05:59:09,20,Good
2/7/22 05:59:12,21,Good
2/7/22 06:09:32,20,Good
2/7/22 06:09:37,21,Good
2/7/22 06:15:46,20,Good
2/7/22 06:15:54,21,Good
2/7/22 06:24:57,22,Good
2/7/22 06:25:02,21,Good
2/7/22 06:26:17,22,Good
2/7/22 06:26:22,21,Good
2/7/22 06:27:02,22,Good
2/7/22 06:27:07,21,Good
2/7/22 06:29:55,22,Good
2/7/22 06:30:03,21,Good
2/7/22 06:31:41,22,Good
2/7/22 06:31:48,21,Good
2/7/22 06:32:08,22,Good
2/7/22 06:32:11,21,Good
2/7/22 06:33:26,22,Good
2/7/22 06:33:31,21,Good
2/7/22 06:37:42,22,Good
2/7/22 06:37:48,21,Good
2/7/22 06:37:52,22,Good
2/7/22 06:37:55,21,Good
2/7/22 06:39:56,22,Good
2/7/22 06:40:03,21,Good
2/7/22 06:40:38,22,Good
2/7/22 06:40:41,21,Good
2/7/22 06:40:53,22,Good
2/7/22 06:41:01,21,Good
2/7/22 06:41:09,22,Good
2/7/22 06:41:23,21,Good
2/7/22 06:41:26,22,Good
2/7/22 06:41:39,21,Good
2/7/22 06:41:41,22,Good
2/7/22 06:43:12,21,Good
2/7/22 06:43:24,22,Good
2/7/22 06:43:42,21,Good
2/7/22 06:43:47,22,Good
2/7/22 06:45:42,21,Good
2/7/22 06:45:47,22,Good
2/7/22 06:48:23,21,Good
2/7/22 06:48:26,22,Good
2/7/22 06:50:03,21,Good
2/7/22 06:50:09,22,Good
2/7/22 07:43:41,21,Good
2/7/22 07:43:46,22,Good
2/7/22 07:44:54,21,Good
2/7/22 07:44:56,22,Good
2/7/22 07:55:32,21,Good
2/7/22 07:55:39,22,Good
2/7/22 07:56:24,21,Good
2/7/22 07:56:27,22,Good
2/7/22 07:56:52,21,Good
2/7/22 07:57:22,22,Good
2/7/22 07:57:27,21,Good
2/7/22 07:57:37,22,Good
2/7/22 07:57:47,21,Good
2/7/22 07:58:02,22,Good
2/7/22 07:58:07,21,Good
2/7/22 07:58:33,22,Good
2/7/22 07:58:40,21,Good
2/7/22 08:07:48,22,Good
2/7/22 08:07:53,21,Good
2/7/22 08:08:03,22,Good
2/7/22 08:08:08,21,Good
2/7/22 08:08:48,22,Good
2/7/22 08:08:53,21,Good
2/7/22 08:09:18,22,Good
2/7/22 08:09:23,21,Good
2/7/22 08:09:25,22,Good
2/7/22 08:09:48,21,Good
2/7/22 08:09:53,22,Good
2/7/22 08:10:03,21,Good
2/7/22 08:10:08,22,Good
2/7/22 09:00:35,23,Good
2/7/22 09:00:42,22,Good
2/7/22 09:01:48,23,Good
2/7/22 09:01:50,22,Good
2/7/22 09:01:55,23,Good
2/7/22 09:02:05,22,Good
2/7/22 09:02:11,23,Good
2/7/22 09:02:18,22,Good
2/7/22 09:02:21,23,Good
2/7/22 09:02:35,22,Good
2/7/22 09:02:48,23,Good
2/7/22 09:02:56,22,Good
2/7/22 09:03:03,23,Good
2/7/22 09:03:06,22,Good
2/7/22 09:03:18,23,Good
2/7/22 09:03:33,22,Good
2/7/22 09:03:36,23,Good
2/7/22 09:04:04,22,Good
2/7/22 09:04:06,23,Good
2/7/22 09:20:56,22,Good
2/7/22 09:21:03,23,Good
2/7/22 09:21:18,22,Good
2/7/22 09:21:21,23,Good
2/7/22 09:21:36,22,Good
2/7/22 09:21:41,23,Good
2/7/22 09:21:49,22,Good
2/7/22 09:21:51,23,Good
2/7/22 09:22:19,22,Good
2/7/22 09:22:31,23,Good
2/7/22 09:22:36,22,Good
2/7/22 09:28:28,23,Good
2/7/22 09:28:33,22,Good
2/7/22 09:29:28,23,Good
2/7/22 09:29:33,22,Good
2/7/22 09:29:51,23,Good
2/7/22 09:30:06,22,Good
2/7/22 09:30:18,23,Good
2/7/22 09:30:26,22,Good
2/7/22 09:30:36,23,Good
2/7/22 09:30:51,22,Good
2/7/22 09:30:56,23,Good
2/7/22 09:56:18,22,Good
2/7/22 09:58:36,21,Good
2/7/22 10:01:12,20,Good
2/7/22 10:06:41,19,Good
2/7/22 10:20:47,18,Good
2/7/22 10:20:50,19,Good
2/7/22 10:20:58,18,Good
2/7/22 10:21:12,19,Good
2/7/22 10:23:18,18,Good
2/7/22 10:23:26,19,Good
2/7/22 10:23:48,18,Good
2/7/22 10:46:02,17,Good
2/7/22 11:14:27,16,Good
2/7/22 11:14:32,17,Good
2/7/22 11:15:05,16,Good
2/7/22 11:15:12,17,Good
2/7/22 11:18:41,16,Good
2/7/22 11:18:51,17,Good
2/7/22 11:19:04,16,Good
2/7/22 11:19:11,17,Good
2/7/22 11:19:49,16,Good
2/7/22 11:19:56,17,Good
2/7/22 11:21:06,16,Good
2/7/22 11:21:11,17,Good
2/7/22 11:21:32,16,Good
2/7/22 11:21:37,17,Good
2/7/22 11:22:57,16,Good
2/7/22 11:23:02,17,Good
2/7/22 11:25:40,16,Good
2/7/22 11:25:48,17,Good
2/7/22 11:45:49,18,Good
2/7/22 12:27:58,19,Good
2/7/22 12:28:03,18,Good
2/7/22 12:28:06,19,Good
2/7/22 12:28:13,18,Good
2/7/22 12:28:20,19,Good
2/7/22 12:28:36,18,Good
2/7/22 12:28:51,19,Good
2/7/22 13:01:52,20,Good
2/7/22 13:01:57,19,Good
2/7/22 13:02:02,20,Good
2/7/22 13:02:05,19,Good
2/7/22 13:02:17,20,Good
2/7/22 13:23:06,21,Good
2/7/22 13:23:11,20,Good
2/7/22 13:37:12,21,Good
2/7/22 13:37:20,20,Good
2/7/22 13:37:27,21,Good
2/7/22 14:20:04,22,Good
2/7/22 14:20:07,21,Good
2/7/22 14:20:27,22,Good
2/7/22 14:20:32,21,Good
2/7/22 14:20:37,22,Good
2/7/22 14:20:47,21,Good
2/7/22 14:20:52,22,Good
2/7/22 14:20:57,21,Good
2/7/22 14:21:02,22,Good
2/7/22 15:05:27,23,Good
2/7/22 15:05:37,22,Good
2/7/22 15:06:17,23,Good
2/7/22 15:06:22,22,Good
2/7/22 15:07:50,23,Good
2/7/22 15:07:58,22,Good
2/7/22 15:08:03,23,Good
2/7/22 15:08:13,22,Good
2/7/22 15:08:20,23,Good
2/7/22 15:08:35,22,Good
2/7/22 15:08:43,23,Good
2/7/22 15:09:13,22,Good
2/7/22 15:09:20,23,Good
2/7/22 15:09:28,22,Good
2/7/22 15:09:33,23,Good
2/7/22 15:10:51,22,Good
2/7/22 15:10:58,23,Good
2/7/22 15:11:03,22,Good
2/7/22 15:11:06,23,Good
2/7/22 15:17:18,22,Good
2/7/22 15:17:20,23,Good
2/7/22 15:17:28,22,Good
2/7/22 15:24:22,23,Good
2/7/22 15:24:27,22,Good
2/7/22 15:24:42,23,Good
2/7/22 15:24:52,22,Good
2/7/22 15:25:12,23,Good
2/7/22 15:25:17,22,Good
2/7/22 15:25:27,23,Good
2/7/22 15:25:35,22,Good
2/7/22 15:25:57,23,Good
2/7/22 16:00:47,22,Good
2/7/22 16:12:20,21,Good
2/7/22 16:12:43,22,Good
2/7/22 16:12:48,21,Good
2/7/22 16:14:04,20,Good
2/7/22 16:14:06,21,Good
2/7/22 16:14:18,20,Good
2/7/22 16:14:33,19,Good
2/7/22 16:14:36,20,Good
2/7/22 16:14:41,19,Good
2/7/22 16:15:04,18,Good
2/7/22 16:15:19,17,Good
2/7/22 16:15:34,16,Good
2/7/22 16:15:49,15,Good
2/7/22 16:16:06,14,Good
2/7/22 16:16:22,13,Good
2/7/22 16:16:37,12,Good
2/7/22 16:16:57,11,Good
2/7/22 16:17:19,10,Good
2/7/22 16:17:42,9,Good
2/7/22 16:18:12,8,Good
2/7/22 16:18:42,7,Good
2/7/22 16:19:23,6,Good
2/7/22 16:19:32,7,Good
2/7/22 16:19:37,6,Good
2/7/22 16:19:58,5,Good
2/7/22 16:20:43,4,Good
2/7/22 16:20:50,5,Good
2/7/22 16:20:58,4,Good
2/7/22 16:21:28,3,Good
2/7/22 16:21:58,2,Good
2/7/22 16:22:18,1,Good
2/7/22 16:22:43,0,Good
2/7/22 16:23:03,-1,Good
2/7/22 16:23:26,-2,Good
2/7/22 16:23:49,-3,Good
2/7/22 16:24:19,-4,Good
2/7/22 16:24:49,-5,Good
2/7/22 16:25:19,-6,Good
2/7/22 16:25:49,-7,Good
2/7/22 16:26:19,-8,Good
2/7/22 16:26:49,-9,Good
2/7/22 16:27:17,-10,Good
2/7/22 16:27:42,-11,Good
2/7/22 16:28:18,-12,Good
2/7/22 16:28:58,-13,Good
2/7/22 16:29:48,-14,Good
2/7/22 16:30:58,-15,Good
2/7/22 16:32:21,-16,Good
2/7/22 16:34:04,-17,Good
2/7/22 16:36:17,-18,Good
2/7/22 16:39:28,-19,Good
2/7/22 16:44:07,-20,Good
2/7/22 16:44:12,-19,Good
2/7/22 16:44:27,-20,Good
2/7/22 16:44:37,-19,Good
2/7/22 16:44:47,-20,Good
2/7/22 17:07:06,-21,Good
2/7/22 17:08:26,-22,Good
2/7/22 17:09:19,-23,Good
2/7/22 17:09:51,-24,Good
2/7/22 17:10:27,-25,Good
2/7/22 17:10:57,-26,Good
2/7/22 17:11:27,-27,Good
2/7/22 17:11:52,-28,Good
2/7/22 17:12:17,-29,Good
2/7/22 17:12:47,-30,Good
2/7/22 17:13:15,-31,Good
2/7/22 17:13:43,-32,Good
2/7/22 17:14:13,-33,Good
2/7/22 17:14:43,-34,Good
2/7/22 17:15:13,-35,Good
2/7/22 17:15:43,-36,Good
2/7/22 17:16:18,-37,Good
2/7/22 17:16:58,-38,Good
2/7/22 17:17:36,-39,Good
2/7/22 17:18:19,-40,Good
2/7/22 17:19:07,-41,Good
2/7/22 17:19:57,-42,Good
2/7/22 17:20:52,-43,Good
2/7/22 17:22:08,-44,Good
2/7/22 17:23:13,-45,Good
2/7/22 17:24:46,-46,Good
2/7/22 17:26:26,-47,Good
2/7/22 17:28:37,-48,Good
2/7/22 17:30:42,-49,Good
2/7/22 17:33:48,-50,Good
2/7/22 17:36:19,-51,Good
2/7/22 17:40:07,-52,Good
2/7/22 17:44:19,-53,Good
2/7/22 17:48:42,-54,Good
2/7/22 17:48:47,-53,Good
2/7/22 17:48:57,-54,Good
2/7/22 17:53:19,-55,Good
2/7/22 17:57:32,-56,Good
2/7/22 18:03:37,-57,Good
2/7/22 18:08:28,-58,Good
2/7/22 18:14:27,-59,Good
2/7/22 18:14:34,-58,Good
2/7/22 18:14:42,-59,Good
2/7/22 18:20:41,-60,Good
2/7/22 18:26:08,-61,Good
2/7/22 18:32:52,-62,Good
2/7/22 18:39:42,-63,Good
2/7/22 18:44:43,-64,Good
2/7/22 18:44:51,-63,Good
2/7/22 18:44:58,-64,Good
2/7/22 18:45:13,-63,Good
2/7/22 18:45:58,-64,Good
2/7/22 18:46:06,-63,Good
2/7/22 18:46:13,-64,Good
2/7/22 18:52:38,-65,Good
2/7/22 18:58:52,-66,Good
2/7/22 18:59:12,-65,Good
2/7/22 18:59:15,-66,Good
2/7/22 18:59:22,-65,Good
2/7/22 18:59:27,-66,Good
2/7/22 19:08:22,-67,Good
2/7/22 19:15:37,-68,Good
2/7/22 19:22:16,-69,Good
2/7/22 19:22:21,-68,Good
2/7/22 19:22:28,-69,Good
2/7/22 19:22:44,-68,Good
2/7/22 19:23:46,-69,Good
2/7/22 19:23:51,-68,Good
2/7/22 19:23:57,-69,Good
2/7/22 19:32:29,-70,Good
2/7/22 19:40:46,-71,Good
2/7/22 19:40:51,-70,Good
2/7/22 19:41:21,-71,Good
2/7/22 19:48:31,-72,Good
2/7/22 19:48:36,-71,Good
2/7/22 19:48:43,-72,Good
2/7/22 19:48:51,-71,Good
2/7/22 19:48:58,-72,Good
2/7/22 19:59:36,-73,Good
2/7/22 19:59:41,-72,Good
2/7/22 19:59:51,-73,Good
2/7/22 20:00:01,-72,Good
2/7/22 20:00:07,-73,Good
2/7/22 20:00:42,-72,Good
2/7/22 20:01:07,-73,Good
2/7/22 20:01:17,-72,Good
2/7/22 20:01:22,-73,Good
2/7/22 20:06:16,-72,Good
2/7/22 20:06:36,-71,Good
2/7/22 20:06:51,-70,Good
2/7/22 20:07:14,-69,Good
2/7/22 20:07:29,-68,Good
2/7/22 20:07:51,-67,Good
2/7/22 20:08:11,-66,Good
2/7/22 20:08:36,-65,Good
2/7/22 20:09:02,-64,Good
2/7/22 20:09:37,-63,Good
2/7/22 20:10:14,-62,Good
2/7/22 20:10:57,-61,Good
2/7/22 20:12:07,-60,Good
2/7/22 20:12:12,-61,Good
2/7/22 20:12:15,-60,Good
2/7/22 20:13:45,-59,Good
2/7/22 20:17:06,-58,Good
2/7/22 20:27:12,-57,Good
2/7/22 20:27:17,-58,Good
2/7/22 20:27:27,-57,Good
2/7/22 20:27:52,-58,Good
2/7/22 20:28:12,-57,Good
2/7/22 20:28:29,-58,Good
2/7/22 20:28:45,-57,Good
2/7/22 20:58:08,-58,Good
2/7/22 20:58:13,-57,Good
2/7/22 20:59:05,-58,Good
2/7/22 20:59:28,-57,Good
2/7/22 20:59:36,-58,Good
2/7/22 20:59:43,-57,Good
2/7/22 20:59:58,-58,Good
2/7/22 21:00:01,-57,Good
2/7/22 21:00:06,-58,Good
2/7/22 21:00:31,-57,Good
2/7/22 21:12:37,-58,Good
2/7/22 21:12:42,-57,Good
2/7/22 21:12:47,-58,Good
2/7/22 21:12:52,-57,Good
2/7/22 21:12:59,-58,Good
2/7/22 21:14:15,-57,Good
2/7/22 21:14:30,-58,Good
2/7/22 21:14:37,-57,Good
2/7/22 21:14:42,-58,Good
2/7/22 21:14:45,-57,Good
2/7/22 21:14:57,-58,Good
2/7/22 21:16:13,-57,Good
2/7/22 21:16:23,-58,Good
2/7/22 21:20:44,-57,Good
2/7/22 21:20:47,-58,Good
2/7/22 21:21:02,-57,Good
2/7/22 21:21:57,-58,Good
2/7/22 21:22:27,-57,Good
2/7/22 21:22:30,-58,Good
2/7/22 21:22:37,-57,Good
2/7/22 21:23:52,-58,Good
2/7/22 21:26:28,-57,Good
2/7/22 21:26:36,-58,Good
2/7/22 21:27:21,-57,Good
2/7/22 21:27:28,-58,Good
2/7/22 21:27:36,-57,Good
2/7/22 21:27:43,-58,Good
2/7/22 21:28:36,-57,Good
2/7/22 21:28:43,-58,Good
2/7/22 21:28:46,-57,Good
2/7/22 21:28:56,-58,Good
2/7/22 22:12:51,-59,Good
2/7/22 22:12:59,-58,Good
2/7/22 22:13:01,-59,Good
2/7/22 22:14:51,-58,Good
2/7/22 22:14:57,-59,Good
2/7/22 22:46:43,-58,Good
2/7/22 22:46:46,-59,Good
2/7/22 22:47:20,-58,Good
2/7/22 22:47:28,-59,Good
2/7/22 22:55:08,-60,Good
2/7/22 22:55:13,-59,Good
2/7/22 22:57:31,-60,Good
2/7/22 22:57:36,-59,Good
2/7/22 23:00:07,-60,Good
2/7/22 23:00:12,-59,Good
2/7/22 23:00:22,-60,Good
2/7/22 23:00:27,-59,Good
2/7/22 23:00:37,-60,Good
2/7/22 23:00:44,-59,Good
2/7/22 23:01:27,-60,Good
2/7/22 23:01:30,-59,Good
2/7/22 23:01:42,-60,Good
2/7/22 23:01:44,-59,Good
2/7/22 23:02:22,-60,Good
2/7/22 23:02:27,-59,Good
2/7/22 23:02:45,-60,Good
2/7/22 23:02:53,-59,Good
2/7/22 23:03:08,-60,Good
2/7/22 23:03:13,-59,Good
2/7/22 23:03:23,-60,Good
2/7/22 23:03:28,-59,Good
2/7/22 23:03:45,-60,Good
2/7/22 23:03:53,-59,Good
2/7/22 23:03:58,-60,Good
2/7/22 23:04:00,-59,Good
2/7/22 23:05:01,-60,Good
2/7/22 23:05:06,-59,Good
2/7/22 23:06:14,-60,Good
2/7/22 23:06:16,-59,Good
2/7/22 23:06:31,-60,Good
2/7/22 23:06:36,-59,Good
2/7/22 23:10:12,-60,Good
2/7/22 23:10:22,-59,Good
2/7/22 23:15:29,-60,Good
2/7/22 23:27:52,-59,Good
2/7/22 23:27:57,-60,Good
2/7/22 23:27:59,-59,Good
2/7/22 23:28:07,-60,Good
2/7/22 23:28:12,-59,Good
2/7/22 23:28:15,-60,Good
2/7/22 23:29:22,-59,Good
2/7/22 23:29:43,-60,Good
2/7/22 23:49:38,-61,Good
2/7/22 23:49:53,-60,Good
2/7/22 23:50:00,-61,Good
2/7/22 23:50:08,-60,Good
2/7/22 23:50:13,-61,Good
2/8/22 00:29:32,-62,Good
2/8/22 00:30:02,-61,Good
2/8/22 00:31:02,-62,Good
2/8/22 00:31:12,-61,Good
2/8/22 00:31:15,-62,Good
2/8/22 00:31:22,-61,Good
2/8/22 00:32:38,-62,Good
2/8/22 00:34:43,-61,Good
2/8/22 00:34:46,-62,Good
2/8/22 00:37:16,-61,Good
2/8/22 00:37:22,-62,Good
2/8/22 00:37:29,-61,Good
2/8/22 00:37:59,-62,Good
2/8/22 00:41:43,-61,Good
2/8/22 00:41:45,-62,Good
2/8/22 00:41:52,-61,Good
2/8/22 00:43:46,-62,Good
2/8/22 00:43:53,-61,Good
2/8/22 00:45:51,-62,Good
2/8/22 00:45:59,-61,Good
2/8/22 00:47:42,-62,Good
2/8/22 00:47:52,-61,Good
2/8/22 00:47:57,-62,Good
2/8/22 01:01:15,-63,Good
2/8/22 01:01:38,-62,Good
2/8/22 01:01:58,-63,Good
2/8/22 01:02:06,-62,Good
2/8/22 01:03:51,-63,Good
2/8/22 01:04:14,-62,Good
2/8/22 01:04:47,-63,Good
2/8/22 01:05:14,-62,Good
2/8/22 01:05:17,-63,Good
2/8/22 01:05:22,-62,Good
2/8/22 01:05:29,-63,Good
2/8/22 01:05:37,-62,Good
2/8/22 01:10:43,-63,Good
2/8/22 01:11:31,-62,Good
2/8/22 01:11:51,-63,Good
2/8/22 01:12:06,-62,Good
2/8/22 01:12:14,-63,Good
2/8/22 01:14:44,-62,Good
2/8/22 01:15:27,-63,Good
2/8/22 01:15:32,-62,Good
2/8/22 01:15:42,-63,Good
2/8/22 01:16:15,-62,Good
2/8/22 01:16:27,-63,Good
2/8/22 01:16:37,-62,Good
2/8/22 01:18:58,-63,Good
2/8/22 01:19:00,-62,Good
2/8/22 01:19:23,-63,Good
2/8/22 01:22:44,-62,Good
2/8/22 01:32:07,-63,Good
2/8/22 01:32:29,-62,Good
2/8/22 01:32:31,-63,Good
2/8/22 01:32:42,-62,Good
2/8/22 01:32:47,-63,Good
2/8/22 01:32:57,-62,Good
2/8/22 01:33:02,-63,Good
2/8/22 01:35:07,-62,Good
2/8/22 01:35:58,-63,Good
2/8/22 01:36:45,-62,Good
2/8/22 01:37:13,-63,Good
2/8/22 01:37:15,-62,Good
2/8/22 01:37:23,-63,Good
2/8/22 01:37:28,-62,Good
2/8/22 01:37:38,-63,Good
2/8/22 01:37:43,-62,Good
2/8/22 01:37:45,-63,Good
2/8/22 01:38:46,-62,Good
2/8/22 01:39:14,-63,Good
2/8/22 01:39:16,-62,Good
2/8/22 01:39:21,-63,Good
2/8/22 01:40:52,-62,Good
2/8/22 01:42:45,-63,Good
2/8/22 01:43:28,-62,Good
2/8/22 01:43:42,-63,Good
2/8/22 01:45:23,-62,Good
2/8/22 01:45:28,-63,Good
2/8/22 01:46:01,-62,Good
2/8/22 01:46:08,-63,Good
2/8/22 01:47:46,-62,Good
2/8/22 01:48:01,-63,Good
2/8/22 02:13:53,-62,Good
2/8/22 02:13:58,-61,Good
2/8/22 02:14:08,-60,Good
2/8/22 02:14:13,-59,Good
2/8/22 02:14:23,-58,Good
2/8/22 02:14:29,-57,Good
2/8/22 02:14:44,-56,Good
2/8/22 02:14:53,-55,Good
2/8/22 02:14:59,-54,Good
2/8/22 02:15:14,-53,Good
2/8/22 02:15:29,-52,Good
2/8/22 02:15:44,-51,Good
2/8/22 02:15:59,-50,Good
2/8/22 02:16:22,-49,Good
2/8/22 02:16:44,-48,Good
2/8/22 02:17:14,-47,Good
2/8/22 02:17:57,-46,Good
2/8/22 02:18:47,-45,Good
2/8/22 02:18:52,-46,Good
2/8/22 02:19:07,-45,Good
2/8/22 02:19:15,-46,Good
2/8/22 02:19:22,-45,Good
2/8/22 02:20:38,-44,Good
2/8/22 02:21:58,-43,Good
2/8/22 02:22:01,-44,Good
2/8/22 02:22:16,-43,Good
2/8/22 02:22:23,-44,Good
2/8/22 02:22:28,-43,Good
2/8/22 02:24:06,-42,Good
2/8/22 02:24:29,-43,Good
2/8/22 02:25:01,-42,Good
2/8/22 02:28:02,-41,Good
2/8/22 02:32:51,-40,Good
2/8/22 02:33:29,-41,Good
2/8/22 02:38:53,-40,Good
2/8/22 02:40:01,-41,Good
2/8/22 02:40:16,-40,Good
2/8/22 02:40:23,-41,Good
2/8/22 02:40:28,-40,Good
2/8/22 02:40:31,-41,Good
2/8/22 02:43:32,-40,Good
2/8/22 02:45:52,-41,Good
2/8/22 02:45:57,-40,Good
2/8/22 02:46:02,-41,Good
2/8/22 02:47:08,-40,Good
2/8/22 03:03:17,-41,Good
2/8/22 03:03:22,-40,Good
2/8/22 03:04:12,-41,Good
2/8/22 03:04:15,-40,Good
2/8/22 03:06:13,-39,Good
2/8/22 03:06:15,-40,Good
2/8/22 03:06:28,-39,Good
2/8/22 03:06:31,-40,Good
2/8/22 03:06:43,-39,Good
2/8/22 03:06:46,-40,Good
2/8/22 03:06:58,-39,Good
2/8/22 03:07:01,-40,Good
2/8/22 03:07:16,-39,Good
2/8/22 03:07:23,-40,Good
2/8/22 03:07:38,-39,Good
2/8/22 03:07:53,-40,Good
2/8/22 03:10:44,-39,Good
2/8/22 03:10:47,-40,Good
2/8/22 03:11:07,-39,Good
2/8/22 03:13:22,-40,Good
2/8/22 03:14:00,-39,Good
2/8/22 03:15:53,-40,Good
2/8/22 03:16:16,-39,Good
2/8/22 03:16:58,-40,Good
2/8/22 03:17:06,-39,Good
2/8/22 03:17:13,-40,Good
2/8/22 03:17:21,-39,Good
2/8/22 03:17:28,-40,Good
2/8/22 03:17:59,-39,Good
2/8/22 03:18:52,-40,Good
2/8/22 03:31:52,-39,Good
2/8/22 03:32:15,-40,Good
2/8/22 03:32:38,-39,Good
2/8/22 03:32:58,-40,Good
2/8/22 03:34:01,-39,Good
2/8/22 03:34:58,-40,Good
2/8/22 03:35:24,-39,Good
2/8/22 03:35:29,-40,Good
2/8/22 03:35:31,-39,Good
2/8/22 03:37:06,-40,Good
2/8/22 03:37:16,-39,Good
2/8/22 03:37:22,-40,Good
2/8/22 03:37:32,-39,Good
2/8/22 03:37:37,-40,Good
2/8/22 03:38:02,-39,Good
2/8/22 03:38:07,-40,Good
2/8/22 03:38:47,-39,Good
2/8/22 03:38:57,-40,Good
2/8/22 03:39:52,-39,Good
2/8/22 03:40:15,-40,Good
2/8/22 03:41:00,-39,Good
2/8/22 03:41:28,-40,Good
2/8/22 03:44:24,-39,Good
2/8/22 03:44:36,-40,Good
2/8/22 03:44:44,-39,Good
2/8/22 03:44:54,-40,Good
2/8/22 03:45:14,-39,Good
2/8/22 03:45:44,-40,Good
2/8/22 03:47:22,-39,Good
2/8/22 03:49:45,-40,Good
2/8/22 03:49:53,-39,Good
2/8/22 03:52:13,-40,Good
2/8/22 03:52:16,-39,Good
2/8/22 03:52:23,-40,Good
2/8/22 03:52:43,-39,Good
2/8/22 03:52:46,-40,Good
2/8/22 03:52:51,-39,Good
2/8/22 03:52:58,-40,Good
2/8/22 04:02:13,-39,Good
2/8/22 04:02:16,-40,Good
2/8/22 04:02:51,-39,Good
2/8/22 04:03:14,-40,Good
2/8/22 04:03:47,-39,Good
2/8/22 04:03:51,-40,Good
2/8/22 04:03:59,-39,Good
2/8/22 04:15:22,-38,Good
2/8/22 04:16:07,-39,Good
2/8/22 04:16:58,-38,Good
2/8/22 04:17:00,-39,Good
2/8/22 04:18:08,-38,Good
2/8/22 04:18:28,-39,Good
2/8/22 04:18:31,-38,Good
2/8/22 04:18:38,-39,Good
2/8/22 04:18:53,-38,Good
2/8/22 04:19:08,-39,Good
2/8/22 04:19:16,-38,Good
2/8/22 04:19:28,-39,Good
2/8/22 04:19:38,-38,Good
2/8/22 04:19:43,-39,Good
2/8/22 04:26:28,-38,Good
2/8/22 04:26:30,-39,Good
2/8/22 04:26:38,-38,Good
2/8/22 04:26:53,-39,Good
2/8/22 04:30:21,-38,Good
2/8/22 04:30:31,-39,Good
2/8/22 04:31:52,-38,Good
2/8/22 04:31:59,-39,Good
2/8/22 04:33:52,-38,Good
2/8/22 04:34:28,-39,Good
2/8/22 04:34:45,-38,Good
2/8/22 04:34:58,-39,Good
2/8/22 04:35:13,-38,Good
2/8/22 04:37:28,-39,Good
2/8/22 04:37:31,-38,Good
2/8/22 04:37:44,-39,Good
2/8/22 04:48:29,-38,Good
2/8/22 04:48:32,-39,Good
2/8/22 04:56:11,-38,Good
2/8/22 04:56:16,-39,Good
2/8/22 05:00:07,-38,Good
2/8/22 05:01:15,-39,Good
2/8/22 05:02:41,-38,Good
2/8/22 05:02:45,-39,Good
2/8/22 05:03:38,-38,Good
2/8/22 05:06:11,-39,Good
2/8/22 05:06:31,-38,Good
2/8/22 05:06:47,-39,Good
2/8/22 05:06:54,-38,Good
2/8/22 05:07:01,-39,Good
2/8/22 05:09:02,-38,Good
2/8/22 05:09:07,-39,Good
2/8/22 05:11:15,-38,Good
2/8/22 05:11:25,-39,Good
2/8/22 05:11:41,-38,Good
2/8/22 05:11:53,-39,Good
2/8/22 05:12:41,-38,Good
2/8/22 05:12:46,-39,Good
2/8/22 05:12:53,-38,Good
2/8/22 05:13:38,-39,Good
2/8/22 05:13:41,-38,Good
2/8/22 05:16:39,-39,Good
2/8/22 05:16:54,-38,Good
2/8/22 05:17:02,-39,Good
2/8/22 05:17:07,-38,Good
2/8/22 05:17:10,-39,Good
2/8/22 05:17:40,-38,Good
2/8/22 05:17:47,-39,Good
2/8/22 05:17:52,-38,Good
2/8/22 05:18:10,-39,Good
2/8/22 05:18:17,-38,Good
2/8/22 05:18:22,-39,Good
2/8/22 05:18:33,-38,Good
2/8/22 05:18:37,-39,Good
2/8/22 05:30:23,-38,Good
2/8/22 05:30:38,-39,Good
2/8/22 05:30:46,-38,Good
2/8/22 05:31:09,-39,Good
2/8/22 05:51:02,-40,Good
2/8/22 05:51:06,-39,Good
2/8/22 05:51:32,-40,Good
2/8/22 05:51:37,-39,Good
2/8/22 05:51:47,-40,Good
2/8/22 05:52:22,-39,Good
2/8/22 05:57:41,-40,Good
2/8/22 05:58:16,-39,Good
2/8/22 05:58:24,-40,Good
2/8/22 05:58:36,-39,Good
2/8/22 05:59:21,-40,Good
2/8/22 05:59:26,-39,Good
2/8/22 06:00:17,-40,Good
2/8/22 06:00:52,-39,Good
2/8/22 06:00:54,-40,Good
2/8/22 06:01:02,-39,Good
2/8/22 06:01:07,-40,Good
2/8/22 06:01:22,-39,Good
2/8/22 06:01:37,-40,Good
2/8/22 06:01:39,-39,Good
2/8/22 06:09:32,-40,Good
2/8/22 06:09:42,-39,Good
2/8/22 06:10:32,-40,Good
2/8/22 06:10:37,-39,Good
2/8/22 06:14:00,-40,Good
2/8/22 06:14:08,-39,Good
2/8/22 06:15:23,-40,Good
2/8/22 06:15:31,-39,Good
2/8/22 06:15:38,-40,Good
2/8/22 06:15:53,-39,Good
2/8/22 06:19:54,-40,Good
2/8/22 06:20:47,-39,Good
2/8/22 06:21:02,-40,Good
2/8/22 06:21:07,-39,Good
2/8/22 06:21:10,-40,Good
2/8/22 06:21:32,-39,Good
2/8/22 06:22:10,-40,Good
2/8/22 06:22:23,-39,Good
2/8/22 06:22:25,-40,Good
2/8/22 06:22:33,-39,Good
2/8/22 06:22:38,-40,Good
2/8/22 06:22:40,-39,Good
2/8/22 06:22:55,-40,Good
2/8/22 06:23:38,-39,Good
2/8/22 06:23:40,-40,Good
2/8/22 06:24:23,-39,Good
2/8/22 06:24:26,-40,Good
2/8/22 06:38:07,-39,Good
2/8/22 06:38:55,-40,Good
2/8/22 06:39:48,-39,Good
2/8/22 06:39:53,-40,Good
2/8/22 06:40:03,-39,Good
2/8/22 06:40:08,-40,Good
2/8/22 06:41:38,-39,Good
2/8/22 06:41:55,-40,Good
2/8/22 06:42:53,-39,Good
2/8/22 07:03:01,-40,Good
2/8/22 07:03:07,-39,Good
2/8/22 07:04:09,-40,Good
2/8/22 07:05:17,-39,Good
2/8/22 07:07:30,-40,Good
2/8/22 07:08:08,-39,Good
2/8/22 07:29:26,-40,Good
2/8/22 07:29:32,-39,Good
2/8/22 07:30:01,-40,Good
2/8/22 07:30:06,-39,Good
2/8/22 07:30:37,-40,Good
2/8/22 07:30:42,-39,Good
2/8/22 07:36:23,-40,Good
2/8/22 07:37:01,-39,Good
2/8/22 07:37:24,-40,Good
2/8/22 07:37:31,-39,Good
2/8/22 07:39:32,-40,Good
2/8/22 07:39:42,-39,Good
2/8/22 07:39:47,-40,Good
2/8/22 07:39:54,-39,Good
2/8/22 07:40:22,-40,Good
2/8/22 07:40:32,-39,Good
2/8/22 07:42:38,-40,Good
2/8/22 07:42:48,-39,Good
2/8/22 07:42:55,-40,Good
2/8/22 07:43:03,-39,Good
2/8/22 07:43:18,-40,Good
2/8/22 07:43:23,-39,Good
2/8/22 07:55:08,-40,Good
2/8/22 07:55:16,-39,Good
2/8/22 08:05:02,-40,Good
2/8/22 08:05:09,-39,Good
2/8/22 08:05:24,-40,Good
2/8/22 08:05:26,-39,Good
2/8/22 08:05:52,-40,Good
2/8/22 08:05:57,-39,Good
2/8/22 08:06:02,-40,Good
2/8/22 08:08:52,-39,Good
2/8/22 08:09:18,-40,Good
2/8/22 08:09:40,-39,Good
2/8/22 08:13:24,-40,Good
2/8/22 08:17:52,-39,Good
2/8/22 08:18:03,-40,Good
2/8/22 08:19:08,-39,Good
2/8/22 08:19:10,-40,Good
2/8/22 08:22:24,-39,Good
2/8/22 08:23:09,-40,Good
2/8/22 08:23:11,-39,Good
2/8/22 08:23:27,-40,Good
2/8/22 08:23:37,-39,Good
2/8/22 08:23:42,-40,Good
2/8/22 08:23:54,-39,Good
2/8/22 08:23:57,-40,Good
2/8/22 08:25:07,-39,Good
2/8/22 08:25:17,-40,Good
2/8/22 08:26:07,-39,Good
2/8/22 08:26:10,-40,Good
2/8/22 08:26:17,-39,Good
2/8/22 08:26:40,-40,Good
2/8/22 08:26:47,-39,Good
2/8/22 08:30:23,-40,Good
2/8/22 08:30:26,-39,Good
2/8/22 08:30:31,-40,Good
2/8/22 08:31:11,-39,Good
2/8/22 08:32:31,-40,Good
2/8/22 08:33:09,-39,Good
2/8/22 08:34:55,-40,Good
2/8/22 08:35:02,-39,Good
2/8/22 08:35:22,-40,Good
2/8/22 08:57:24,-41,Good
2/8/22 08:57:26,-40,Good
2/8/22 08:57:31,-41,Good
2/8/22 08:57:38,-40,Good
2/8/22 08:57:41,-41,Good
2/8/22 08:57:53,-40,Good
2/8/22 08:57:56,-41,Good
2/8/22 08:58:09,-40,Good
2/8/22 09:00:12,-41,Good
2/8/22 09:00:32,-40,Good
2/8/22 09:00:37,-41,Good
2/8/22 09:02:10,-40,Good
2/8/22 09:02:17,-41,Good
2/8/22 09:02:22,-40,Good
2/8/22 09:02:25,-41,Good
2/8/22 09:02:32,-40,Good
2/8/22 09:04:25,-41,Good
2/8/22 09:04:31,-40,Good
2/8/22 09:04:38,-41,Good
2/8/22 09:04:41,-40,Good
2/8/22 09:05:16,-41,Good
2/8/22 09:05:23,-40,Good
2/8/22 09:13:10,-41,Good
2/8/22 09:13:23,-40,Good
2/8/22 09:14:41,-41,Good
2/8/22 09:18:17,-40,Good
2/8/22 09:18:22,-41,Good
2/8/22 09:19:22,-40,Good
2/8/22 09:19:25,-41,Good
2/8/22 09:19:32,-40,Good
2/8/22 09:25:16,-41,Good
2/8/22 09:26:39,-40,Good
2/8/22 09:26:41,-41,Good
2/8/22 09:26:54,-40,Good
2/8/22 09:27:17,-41,Good
2/8/22 09:27:27,-40,Good
2/8/22 09:37:37,-39,Good
2/8/22 09:37:40,-40,Good
2/8/22 09:37:47,-39,Good
2/8/22 09:38:32,-40,Good
2/8/22 09:41:31,-39,Good
2/8/22 09:42:31,-40,Good
2/8/22 09:43:01,-39,Good
2/8/22 09:43:24,-40,Good
2/8/22 09:43:39,-39,Good
2/8/22 09:43:41,-40,Good
2/8/22 09:43:47,-39,Good
2/8/22 09:48:52,-40,Good
2/8/22 09:49:31,-39,Good
2/8/22 09:51:09,-40,Good
2/8/22 09:51:11,-39,Good
2/8/22 09:51:16,-40,Good
2/8/22 09:57:53,-39,Good
2/8/22 09:57:55,-40,Good
2/8/22 09:58:18,-39,Good
2/8/22 09:58:25,-40,Good
2/8/22 09:58:30,-39,Good
2/8/22 09:58:46,-40,Good
2/8/22 10:01:01,-39,Good
2/8/22 10:01:16,-40,Good
2/8/22 10:01:24,-39,Good
2/8/22 10:01:39,-40,Good
2/8/22 10:06:03,-39,Good
2/8/22 10:06:48,-40,Good
2/8/22 10:06:53,-39,Good
2/8/22 10:07:18,-40,Good
2/8/22 10:16:33,-41,Good
2/8/22 10:16:53,-40,Good
2/8/22 10:17:00,-41,Good
2/8/22 10:17:16,-40,Good
2/8/22 10:23:53,-41,Good
2/8/22 10:23:55,-40,Good
2/8/22 10:24:33,-41,Good
2/8/22 10:24:38,-40,Good
2/8/22 10:24:48,-41,Good
2/8/22 10:24:55,-40,Good
2/8/22 10:25:31,-41,Good
2/8/22 10:25:38,-40,Good
2/8/22 10:26:11,-41,Good
2/8/22 10:26:23,-40,Good
2/8/22 10:31:38,-41,Good
2/8/22 10:31:55,-40,Good
2/8/22 10:33:23,-41,Good
2/8/22 10:33:33,-40,Good
2/8/22 10:33:55,-41,Good
2/8/22 10:35:08,-40,Good
2/8/22 10:35:16,-41,Good
2/8/22 10:35:23,-40,Good
2/8/22 10:35:39,-41,Good
2/8/22 10:36:09,-40,Good
2/8/22 10:36:56,-41,Good
2/8/22 10:37:09,-40,Good
2/8/22 10:38:42,-41,Good
2/8/22 10:38:47,-40,Good
2/8/22 10:38:54,-41,Good
2/8/22 10:39:02,-40,Good
2/8/22 10:40:02,-41,Good
2/8/22 10:40:37,-40,Good
2/8/22 10:40:40,-41,Good
2/8/22 10:42:08,-40,Good
2/8/22 10:42:10,-41,Good
2/8/22 10:43:33,-40,Good
2/8/22 10:43:41,-41,Good
2/8/22 10:44:41,-40,Good
2/8/22 10:47:47,-41,Good
2/8/22 10:49:10,-40,Good
2/8/22 10:49:22,-41,Good
2/8/22 10:49:37,-40,Good
2/8/22 10:49:40,-41,Good
2/8/22 10:49:52,-40,Good
2/8/22 10:50:02,-41,Good
2/8/22 10:50:10,-40,Good
2/8/22 10:56:27,-41,Good
2/8/22 10:56:32,-40,Good
2/8/22 10:57:02,-41,Good
2/8/22 10:57:07,-40,Good
2/8/22 10:58:02,-41,Good
2/8/22 10:58:07,-40,Good
2/8/22 10:58:37,-41,Good
2/8/22 10:59:07,-40,Good
2/8/22 10:59:10,-41,Good
2/8/22 11:00:25,-40,Good
2/8/22 11:00:38,-41,Good
2/8/22 11:00:48,-40,Good
2/8/22 11:01:03,-41,Good
2/8/22 11:01:33,-40,Good
2/8/22 11:08:03,-41,Good
2/8/22 11:09:18,-40,Good
2/8/22 11:10:26,-41,Good
2/8/22 11:10:40,-40,Good
2/8/22 11:10:46,-41,Good
2/8/22 11:11:31,-40,Good
2/8/22 11:12:56,-41,Good
2/8/22 11:13:09,-40,Good
2/8/22 11:13:31,-41,Good
2/8/22 11:13:39,-40,Good
2/8/22 11:14:12,-41,Good
2/8/22 11:24:12,-42,Good
2/8/22 11:24:47,-41,Good
2/8/22 11:27:18,-42,Good
2/8/22 11:27:33,-41,Good
2/8/22 11:28:03,-42,Good
2/8/22 11:28:08,-41,Good
2/8/22 11:31:54,-42,Good
2/8/22 11:32:02,-41,Good
2/8/22 11:50:57,-42,Good
2/8/22 11:51:02,-41,Good
2/8/22 11:51:52,-42,Good
2/8/22 11:51:57,-41,Good
2/8/22 11:55:03,-40,Good
2/8/22 11:55:08,-41,Good
2/8/22 11:55:23,-40,Good
2/8/22 11:55:48,-41,Good
2/8/22 11:55:53,-40,Good
2/8/22 11:56:11,-41,Good
2/8/22 11:56:23,-40,Good
2/8/22 11:57:24,-41,Good
2/8/22 11:57:31,-40,Good
2/8/22 11:57:39,-41,Good
2/8/22 12:05:16,-42,Good
2/8/22 12:05:24,-41,Good
2/8/22 12:07:02,-40,Good
2/8/22 12:07:09,-41,Good
2/8/22 12:07:27,-40,Good
2/8/22 12:07:32,-41,Good
2/8/22 12:07:39,-40,Good
2/8/22 12:07:42,-41,Good
2/8/22 12:08:47,-40,Good
2/8/22 12:08:57,-41,Good
2/8/22 12:09:12,-40,Good
2/8/22 12:09:24,-41,Good
2/8/22 12:09:27,-40,Good
2/8/22 12:09:37,-41,Good
2/8/22 12:09:42,-40,Good
2/8/22 12:09:47,-41,Good
2/8/22 12:09:57,-40,Good
2/8/22 12:10:02,-41,Good
2/8/22 12:11:08,-40,Good
2/8/22 12:11:23,-41,Good
2/8/22 12:11:38,-40,Good
2/8/22 12:11:53,-41,Good
2/8/22 12:12:18,-40,Good
2/8/22 12:12:23,-41,Good
2/8/22 12:16:09,-40,Good
2/8/22 12:16:41,-41,Good
2/8/22 12:17:17,-40,Good
2/8/22 12:17:32,-41,Good
2/8/22 12:17:37,-40,Good
2/8/22 12:19:47,-41,Good
2/8/22 12:23:16,-40,Good
2/8/22 12:23:23,-41,Good
2/8/22 12:24:31,-40,Good
2/8/22 12:25:09,-41,Good
2/8/22 12:27:22,-40,Good
2/8/22 12:27:27,-39,Good
2/8/22 12:27:32,-38,Good
2/8/22 12:27:37,-37,Good
2/8/22 12:27:42,-36,Good
2/8/22 12:27:47,-35,Good
2/8/22 12:27:57,-34,Good
2/8/22 12:28:02,-33,Good
2/8/22 12:28:07,-32,Good
2/8/22 12:28:17,-31,Good
2/8/22 12:28:22,-30,Good
2/8/22 12:28:33,-29,Good
2/8/22 12:28:37,-28,Good
2/8/22 12:28:47,-27,Good
2/8/22 12:29:03,-26,Good
2/8/22 12:29:18,-25,Good
2/8/22 12:29:25,-24,Good
2/8/22 12:29:40,-23,Good
2/8/22 12:30:08,-22,Good
2/8/22 12:30:18,-21,Good
2/8/22 12:30:48,-20,Good
2/8/22 12:31:08,-19,Good
2/8/22 12:31:54,-18,Good
2/8/22 12:32:54,-17,Good
2/8/22 12:34:24,-16,Good
2/8/22 12:35:47,-15,Good
2/8/22 12:38:18,-14,Good
2/8/22 12:41:08,-13,Good
2/8/22 12:41:23,-14,Good
2/8/22 12:41:26,-13,Good
2/8/22 12:41:38,-14,Good
2/8/22 12:43:57,-13,Good
2/8/22 12:52:41,-12,Good
2/8/22 13:04:32,-13,Good
2/8/22 13:04:47,-12,Good
2/8/22 13:05:03,-13,Good
2/8/22 13:05:07,-12,Good
2/8/22 13:05:10,-13,Good
2/8/22 13:05:18,-12,Good
2/8/22 13:05:53,-13,Good
2/8/22 13:06:03,-12,Good
2/8/22 13:25:10,-11,Good
2/8/22 13:25:18,-12,Good
2/8/22 13:26:53,-11,Good
2/8/22 13:27:09,-12,Good
2/8/22 13:27:31,-11,Good
2/8/22 13:28:41,-12,Good
2/8/22 13:30:32,-11,Good
2/8/22 13:31:52,-12,Good
2/8/22 13:32:08,-11,Good
2/8/22 13:32:10,-12,Good
2/8/22 13:32:23,-11,Good
2/8/22 13:34:08,-12,Good
2/8/22 13:34:33,-11,Good
2/8/22 13:35:08,-12,Good
2/8/22 13:37:42,-11,Good
2/8/22 13:38:27,-12,Good
2/8/22 13:38:47,-11,Good
2/8/22 13:40:38,-12,Good
2/8/22 13:40:48,-11,Good
2/8/22 13:40:50,-12,Good
2/8/22 13:41:55,-11,Good
2/8/22 13:42:03,-12,Good
2/8/22 13:42:48,-11,Good
2/8/22 13:43:18,-12,Good
2/8/22 13:45:51,-11,Good
2/8/22 13:46:42,-12,Good
2/8/22 13:47:09,-11,Good
2/8/22 13:47:17,-12,Good
2/8/22 13:47:27,-11,Good
2/8/22 13:47:32,-12,Good
2/8/22 13:49:02,-11,Good
2/8/22 13:49:48,-12,Good
2/8/22 13:49:50,-11,Good
2/8/22 13:50:02,-12,Good
2/8/22 13:50:20,-11,Good
2/8/22 13:52:03,-12,Good
2/8/22 13:52:08,-11,Good
2/8/22 13:53:26,-12,Good
2/8/22 13:53:46,-11,Good
2/8/22 13:54:46,-12,Good
2/8/22 13:54:54,-11,Good
2/8/22 13:58:07,-12,Good
2/8/22 13:59:18,-11,Good
2/8/22 14:10:48,-12,Good
2/8/22 14:11:18,-11,Good
2/8/22 14:11:21,-12,Good
2/8/22 14:11:26,-11,Good
2/8/22 14:20:46,-12,Good
2/8/22 14:20:56,-11,Good
2/8/22 14:23:37,-12,Good
2/8/22 14:23:42,-11,Good
2/8/22 14:23:57,-12,Good
2/8/22 14:24:27,-11,Good
2/8/22 14:25:02,-12,Good
2/8/22 14:25:12,-11,Good
2/8/22 14:25:48,-12,Good
2/8/22 14:26:10,-11,Good
2/8/22 14:27:21,-12,Good
2/8/22 14:27:48,-11,Good
2/8/22 14:27:55,-12,Good
2/8/22 14:28:03,-11,Good
2/8/22 14:33:32,-12,Good
2/8/22 14:33:37,-11,Good
2/8/22 14:51:32,-10,Good
2/8/22 14:51:35,-11,Good
2/8/22 14:51:42,-10,Good
2/8/22 14:52:33,-11,Good
2/8/22 14:52:48,-10,Good
2/8/22 14:52:55,-11,Good
2/8/22 14:53:05,-10,Good
2/8/22 14:53:25,-11,Good
2/8/22 14:53:48,-10,Good
2/8/22 14:53:51,-11,Good
2/8/22 14:54:03,-10,Good
2/8/22 14:54:21,-11,Good
2/8/22 14:54:25,-10,Good
2/8/22 14:54:33,-11,Good
2/8/22 14:54:36,-10,Good
2/8/22 14:56:01,-11,Good
2/8/22 14:56:21,-10,Good
2/8/22 14:56:26,-11,Good
2/8/22 14:56:36,-10,Good
2/8/22 14:56:46,-11,Good
2/8/22 14:57:01,-10,Good
2/8/22 14:57:06,-11,Good
2/8/22 14:57:34,-10,Good
2/8/22 14:57:42,-11,Good
2/8/22 14:58:49,-10,Good
2/8/22 14:59:02,-11,Good
2/8/22 14:59:27,-10,Good
2/8/22 14:59:47,-11,Good
2/8/22 15:00:12,-10,Good
2/8/22 15:00:20,-11,Good
2/8/22 15:00:32,-10,Good
2/8/22 15:00:42,-11,Good
2/8/22 15:00:58,-10,Good
2/8/22 15:01:10,-11,Good
2/8/22 15:01:20,-10,Good
2/8/22 15:02:10,-11,Good
2/8/22 15:02:33,-10,Good
2/8/22 15:02:40,-11,Good
2/8/22 15:02:51,-10,Good
2/8/22 15:03:03,-11,Good
2/8/22 15:03:05,-10,Good
2/8/22 15:03:36,-11,Good
2/8/22 15:03:41,-10,Good
2/8/22 15:03:48,-11,Good
2/8/22 15:03:51,-10,Good
2/8/22 15:03:56,-11,Good
2/8/22 15:04:03,-10,Good
2/8/22 15:04:26,-11,Good
2/8/22 15:04:31,-10,Good
2/8/22 15:04:36,-11,Good
2/8/22 15:04:41,-10,Good
2/8/22 15:04:46,-11,Good
2/8/22 15:04:51,-10,Good
2/8/22 15:06:32,-11,Good
2/8/22 15:06:34,-10,Good
2/8/22 15:06:49,-11,Good
2/8/22 15:06:57,-10,Good
2/8/22 15:07:02,-11,Good
2/8/22 15:07:04,-10,Good
2/8/22 15:07:27,-11,Good
2/8/22 15:07:32,-10,Good
2/8/22 15:07:42,-11,Good
2/8/22 15:07:47,-10,Good
2/8/22 15:07:49,-11,Good
2/8/22 15:07:57,-10,Good
2/8/22 15:10:05,-11,Good
2/8/22 15:10:12,-10,Good
2/8/22 15:16:16,-11,Good
2/8/22 15:16:47,-10,Good
2/8/22 15:17:50,-11,Good
2/8/22 15:17:57,-10,Good
2/8/22 15:32:01,-11,Good
2/8/22 15:32:31,-10,Good
2/8/22 15:32:47,-11,Good
2/8/22 15:33:11,-10,Good
2/8/22 15:33:27,-11,Good
2/8/22 15:33:32,-10,Good
2/8/22 15:33:42,-11,Good
2/8/22 15:33:47,-10,Good
2/8/22 15:33:57,-11,Good
2/8/22 15:34:04,-10,Good
2/8/22 15:35:12,-11,Good
2/8/22 15:35:19,-10,Good
2/8/22 15:45:47,-11,Good
2/8/22 15:46:55,-10,Good
2/8/22 15:52:02,-11,Good
2/8/22 15:53:04,-10,Good
2/8/22 15:53:12,-11,Good
2/8/22 15:53:50,-10,Good
2/8/22 15:54:02,-11,Good
2/8/22 15:54:05,-10,Good
2/8/22 15:54:12,-11,Good
2/8/22 15:54:17,-10,Good
2/8/22 15:54:32,-11,Good
2/8/22 15:55:35,-10,Good
2/8/22 15:55:48,-11,Good
2/8/22 15:56:33,-10,Good
2/8/22 15:56:40,-11,Good
2/8/22 15:56:48,-10,Good
2/8/22 15:57:03,-11,Good
2/8/22 15:57:56,-10,Good
2/8/22 16:04:18,-11,Good
2/8/22 16:09:21,-10,Good
2/8/22 16:09:57,-11,Good
2/8/22 16:10:22,-10,Good
2/8/22 16:11:12,-11,Good
2/8/22 16:12:42,-10,Good
2/8/22 16:13:13,-11,Good
2/8/22 16:13:18,-10,Good
2/8/22 16:13:40,-11,Good
2/8/22 16:19:57,-10,Good
2/8/22 16:20:02,-11,Good
2/8/22 16:31:10,-10,Good
2/8/22 16:31:18,-11,Good
2/8/22 16:39:12,-12,Good
2/8/22 16:39:17,-11,Good
2/8/22 16:39:27,-12,Good
2/8/22 16:39:47,-11,Good
2/8/22 16:40:20,-12,Good
2/8/22 16:40:40,-11,Good
2/8/22 16:41:05,-12,Good
2/8/22 16:41:10,-11,Good
2/8/22 16:41:18,-12,Good
2/8/22 16:41:33,-11,Good
2/8/22 16:41:35,-12,Good
2/8/22 16:41:40,-11,Good
2/8/22 16:42:48,-12,Good
2/8/22 16:42:56,-11,Good
2/8/22 16:45:26,-12,Good
2/8/22 16:45:47,-11,Good
2/8/22 16:45:57,-12,Good
2/8/22 16:46:02,-11,Good
2/8/22 16:50:20,-10,Good
2/8/22 16:50:33,-11,Good
2/8/22 16:51:25,-10,Good
2/8/22 16:51:33,-11,Good
2/8/22 17:06:13,-12,Good
2/8/22 17:06:28,-11,Good
2/8/22 17:21:52,-12,Good
2/8/22 17:21:57,-11,Good
2/8/22 17:22:02,-12,Good
2/8/22 17:22:34,-11,Good
2/8/22 17:31:07,-12,Good
2/8/22 17:32:35,-11,Good
2/8/22 17:32:42,-12,Good
2/8/22 17:32:47,-11,Good
2/8/22 17:32:50,-12,Good
2/8/22 17:33:17,-11,Good
2/8/22 17:33:20,-12,Good
2/8/22 17:33:50,-11,Good
2/8/22 17:34:13,-12,Good
2/8/22 17:35:03,-11,Good
2/8/22 17:35:33,-12,Good
2/8/22 17:36:06,-11,Good
2/8/22 17:39:22,-12,Good
2/8/22 17:40:17,-11,Good
2/8/22 17:40:47,-12,Good
2/8/22 17:40:50,-11,Good
2/8/22 17:40:57,-12,Good
2/8/22 17:41:12,-11,Good
2/8/22 17:41:17,-12,Good
2/8/22 17:41:57,-11,Good
2/8/22 17:42:05,-12,Good
2/8/22 17:42:43,-11,Good
2/8/22 17:43:03,-12,Good
2/8/22 17:46:49,-11,Good
2/8/22 17:46:56,-12,Good
2/8/22 17:47:06,-11,Good
2/8/22 17:47:16,-12,Good
2/8/22 17:59:32,-11,Good
2/8/22 17:59:35,-12,Good
2/8/22 18:01:48,-11,Good
2/8/22 18:03:56,-12,Good
2/8/22 18:04:06,-11,Good
2/8/22 18:04:11,-12,Good
2/8/22 18:04:26,-11,Good
2/8/22 18:04:34,-12,Good
2/8/22 18:04:41,-11,Good
2/8/22 18:04:56,-12,Good
2/8/22 18:05:01,-11,Good
2/8/22 18:07:47,-12,Good
2/8/22 18:07:50,-11,Good
2/8/22 18:18:48,-12,Good
2/8/22 18:18:50,-11,Good
2/8/22 18:19:18,-12,Good
2/8/22 18:19:40,-11,Good
2/8/22 18:50:52,-12,Good
2/8/22 18:51:57,-11,Good
2/8/22 18:52:07,-12,Good
2/8/22 18:52:12,-11,Good
2/8/22 18:52:20,-12,Good
2/8/22 18:52:27,-11,Good
2/8/22 18:52:32,-12,Good
2/8/22 18:52:47,-11,Good
2/8/22 18:52:57,-12,Good
2/8/22 18:53:02,-11,Good
2/8/22 18:53:05,-12,Good
2/8/22 18:53:17,-11,Good
2/8/22 18:53:20,-12,Good
2/8/22 18:53:27,-11,Good
2/8/22 18:53:32,-12,Good
2/8/22 18:54:05,-11,Good
2/8/22 18:54:13,-12,Good
2/8/22 19:32:05,-13,Good
2/8/22 19:32:18,-12,Good
2/8/22 19:36:02,-11,Good
2/8/22 19:36:07,-12,Good
2/8/22 19:36:32,-11,Good
2/8/22 19:36:34,-12,Good
2/8/22 19:37:27,-11,Good
2/8/22 19:37:35,-12,Good
2/8/22 19:37:50,-11,Good
2/8/22 19:38:02,-12,Good
2/8/22 19:38:05,-11,Good
2/8/22 19:38:20,-12,Good
2/8/22 19:38:27,-11,Good
2/8/22 19:39:48,-12,Good
2/8/22 19:45:37,-11,Good
2/8/22 19:45:47,-12,Good
2/8/22 19:46:02,-11,Good
2/8/22 19:46:34,-12,Good
2/8/22 20:18:33,-13,Good
2/8/22 20:18:56,-12,Good
2/8/22 20:19:19,-13,Good
2/8/22 20:19:21,-12,Good
2/8/22 20:19:26,-13,Good
2/8/22 20:19:41,-12,Good
2/8/22 20:19:47,-13,Good
2/8/22 20:19:51,-12,Good
2/8/22 20:20:11,-13,Good
2/8/22 20:20:17,-12,Good
2/8/22 20:20:37,-13,Good
2/8/22 20:20:42,-12,Good
2/8/22 20:20:52,-13,Good
2/8/22 20:21:57,-12,Good
2/8/22 20:22:12,-13,Good
2/8/22 20:22:17,-12,Good
2/8/22 20:25:13,-13,Good
2/8/22 20:25:56,-12,Good
2/8/22 20:42:13,-13,Good
2/8/22 20:42:18,-12,Good
2/8/22 20:43:18,-13,Good
2/8/22 20:43:56,-12,Good
2/8/22 20:44:26,-13,Good
2/8/22 20:44:33,-12,Good
2/8/22 20:46:56,-13,Good
2/8/22 20:47:27,-12,Good
2/8/22 20:47:42,-13,Good
2/8/22 20:47:52,-12,Good
2/8/22 20:48:12,-13,Good
2/8/22 20:48:22,-12,Good
2/8/22 20:48:27,-13,Good
2/8/22 20:58:35,-12,Good
2/8/22 20:58:42,-13,Good
2/8/22 21:04:49,-12,Good
2/8/22 21:04:51,-13,Good
2/8/22 21:10:36,-12,Good
2/8/22 21:10:43,-13,Good
2/8/22 21:11:48,-12,Good
2/8/22 21:12:18,-13,Good
2/8/22 21:12:34,-12,Good
2/8/22 21:13:36,-13,Good
2/8/22 21:13:42,-12,Good
2/8/22 21:14:19,-13,Good
2/8/22 21:14:22,-12,Good
2/8/22 21:15:07,-13,Good
2/8/22 21:16:42,-12,Good
2/8/22 21:17:02,-13,Good
2/8/22 21:18:33,-12,Good
2/8/22 21:19:11,-13,Good
2/8/22 21:20:56,-12,Good
2/8/22 21:21:04,-13,Good
2/8/22 21:21:21,-12,Good
2/8/22 21:23:12,-13,Good
2/8/22 21:23:17,-12,Good
2/8/22 21:23:27,-13,Good
2/8/22 21:23:37,-12,Good
2/8/22 21:23:47,-13,Good
2/8/22 21:25:32,-12,Good
2/8/22 21:25:47,-13,Good
2/8/22 21:25:50,-12,Good
2/8/22 21:26:03,-13,Good
2/8/22 21:27:33,-12,Good
2/8/22 21:27:35,-13,Good
2/8/22 21:28:03,-12,Good
2/8/22 21:28:56,-13,Good
2/8/22 21:33:02,-12,Good
2/8/22 21:33:32,-13,Good
2/8/22 21:33:47,-12,Good
2/8/22 21:34:48,-13,Good
2/8/22 21:36:18,-12,Good
2/8/22 21:37:13,-13,Good
2/8/22 21:37:51,-12,Good
2/8/22 21:37:56,-13,Good
2/8/22 21:38:03,-12,Good
2/8/22 21:38:11,-13,Good
2/8/22 22:00:07,-12,Good
2/8/22 22:00:32,-13,Good
2/8/22 22:06:49,-12,Good
2/8/22 22:07:04,-13,Good
2/8/22 22:07:34,-12,Good
2/8/22 22:08:17,-13,Good
2/8/22 22:09:32,-12,Good
2/8/22 22:09:37,-13,Good
2/8/22 22:11:32,-12,Good
2/8/22 22:11:35,-13,Good
2/8/22 22:11:50,-12,Good
2/8/22 22:11:58,-13,Good
2/8/22 22:12:03,-12,Good
2/8/22 22:12:33,-13,Good
2/8/22 22:12:43,-12,Good
2/8/22 22:13:06,-13,Good
2/8/22 22:13:18,-12,Good
2/8/22 22:13:26,-13,Good
2/8/22 22:13:33,-12,Good
2/8/22 22:13:36,-13,Good
2/8/22 22:13:43,-12,Good
2/8/22 22:13:48,-13,Good
2/8/22 22:13:56,-12,Good
2/8/22 22:14:18,-13,Good
2/8/22 22:14:21,-12,Good
2/8/22 22:22:13,-11,Good
2/8/22 22:22:18,-12,Good
2/8/22 22:24:19,-11,Good
2/8/22 22:35:12,-10,Good
2/8/22 22:35:19,-11,Good
2/8/22 22:35:22,-10,Good
2/8/22 22:35:34,-11,Good
2/8/22 22:35:52,-10,Good
2/8/22 22:36:27,-11,Good
2/8/22 22:36:42,-10,Good
2/8/22 22:41:26,-9,Good
2/8/22 22:41:36,-10,Good
2/8/22 22:41:51,-9,Good
2/8/22 22:42:41,-10,Good
2/8/22 22:42:49,-9,Good
2/8/22 22:42:51,-10,Good
2/8/22 22:42:56,-9,Good
2/8/22 22:46:42,-8,Good
2/8/22 22:46:50,-9,Good
2/8/22 22:46:57,-8,Good
2/8/22 22:47:12,-9,Good
2/8/22 22:47:18,-8,Good
2/8/22 22:47:35,-9,Good
2/8/22 22:48:18,-8,Good
2/8/22 22:52:11,-7,Good
2/8/22 22:52:19,-8,Good
2/8/22 22:52:26,-7,Good
2/8/22 22:54:42,-6,Good
2/8/22 22:54:57,-7,Good
2/8/22 22:57:51,-6,Good
2/8/22 22:57:58,-7,Good
2/8/22 22:58:05,-6,Good
2/8/22 22:58:18,-7,Good
2/8/22 22:58:48,-6,Good
2/8/22 22:58:51,-7,Good
2/8/22 22:58:58,-6,Good
2/8/22 22:59:11,-7,Good
2/8/22 22:59:18,-6,Good
2/8/22 23:01:56,-5,Good
2/8/22 23:06:13,-4,Good
2/8/22 23:12:47,-3,Good
2/8/22 23:17:48,-2,Good
2/8/22 23:23:33,-1,Good
2/8/22 23:27:49,0,Good
2/8/22 23:32:02,1,Good
2/8/22 23:36:26,2,Good
2/8/22 23:36:34,1,Good
2/8/22 23:36:36,2,Good
2/8/22 23:36:41,1,Good
2/8/22 23:38:07,2,Good
2/8/22 23:38:12,1,Good
2/8/22 23:38:32,2,Good
2/8/22 23:42:13,3,Good
2/8/22 23:42:35,2,Good
2/8/22 23:42:48,3,Good
2/8/22 23:46:19,4,Good
2/8/22 23:50:28,5,Good
2/8/22 23:55:49,6,Good
2/8/22 23:59:48,7,Good
2/9/22 00:01:49,8,Good
2/9/22 00:01:51,7,Good
2/9/22 00:03:04,8,Good
2/9/22 00:03:06,7,Good
2/9/22 00:03:11,8,Good
2/9/22 00:03:34,7,Good
2/9/22 00:03:57,8,Good
2/9/22 00:07:12,9,Good
2/9/22 00:12:41,10,Good
2/9/22 00:12:49,9,Good
2/9/22 00:13:04,10,Good
2/9/22 00:13:26,9,Good
2/9/22 00:13:37,10,Good
2/9/22 00:17:03,11,Good
2/9/22 00:21:26,12,Good
2/9/22 00:21:34,11,Good
2/9/22 00:21:37,12,Good
2/9/22 00:26:03,13,Good
2/9/22 00:29:34,14,Good
2/9/22 00:29:49,13,Good
2/9/22 00:29:51,14,Good
2/9/22 00:36:28,15,Good
2/9/22 00:40:22,16,Good
2/9/22 00:44:33,17,Good
2/9/22 00:44:58,16,Good
2/9/22 00:45:18,17,Good
2/9/22 00:49:34,18,Good
2/9/22 00:49:37,17,Good
2/9/22 00:50:04,18,Good
2/9/22 00:50:07,17,Good
2/9/22 00:50:12,18,Good
2/9/22 00:50:17,17,Good
2/9/22 00:50:22,18,Good
2/9/22 00:54:13,19,Good
2/9/22 00:54:43,18,Good
2/9/22 00:55:03,19,Good
2/9/22 00:59:57,20,Good
2/9/22 01:00:22,19,Good
2/9/22 01:00:37,20,Good
2/9/22 01:05:06,21,Good
2/9/22 01:05:11,20,Good
2/9/22 01:05:18,21,Good
2/9/22 01:05:21,20,Good
2/9/22 01:05:26,21,Good
2/9/22 01:06:11,20,Good
2/9/22 01:06:19,21,Good
2/9/22 01:08:27,22,Good
2/9/22 01:08:37,21,Good
2/9/22 01:08:47,22,Good
2/9/22 01:08:52,21,Good
2/9/22 01:10:05,22,Good
2/9/22 01:15:21,23,Good
2/9/22 01:20:35,24,Good
2/9/22 01:24:11,25,Good
2/9/22 01:24:49,24,Good
2/9/22 01:24:52,25,Good
2/9/22 01:24:56,24,Good
2/9/22 01:26:04,25,Good
2/9/22 01:26:07,24,Good
2/9/22 01:26:12,25,Good
2/9/22 01:31:06,26,Good
2/9/22 01:31:13,25,Good
2/9/22 01:31:41,26,Good
2/9/22 01:37:58,27,Good
2/9/22 01:41:06,28,Good
2/9/22 01:41:26,27,Good
2/9/22 01:41:36,28,Good
2/9/22 01:41:41,27,Good
2/9/22 01:42:57,28,Good
2/9/22 01:49:34,29,Good
2/9/22 01:49:43,28,Good
2/9/22 01:49:48,29,Good
2/9/22 01:55:02,30,Good
2/9/22 01:55:05,29,Good
2/9/22 01:55:13,30,Good
2/9/22 01:55:22,29,Good
2/9/22 01:55:27,30,Good
2/9/22 01:58:51,31,Good
2/9/22 01:58:56,30,Good
2/9/22 02:00:26,31,Good
2/9/22 02:01:19,30,Good
2/9/22 02:01:34,31,Good
2/9/22 02:01:37,30,Good
2/9/22 02:01:57,31,Good
2/9/22 02:06:58,32,Good
2/9/22 02:07:03,31,Good
2/9/22 02:07:13,32,Good
2/9/22 02:14:33,33,Good
2/9/22 02:20:04,34,Good
2/9/22 02:27:27,35,Good
2/9/22 02:32:13,36,Good
2/9/22 02:33:01,35,Good
2/9/22 02:33:06,36,Good
2/9/22 02:33:13,35,Good
2/9/22 02:33:43,36,Good
2/9/22 02:33:51,35,Good
2/9/22 02:33:59,36,Good
2/9/22 02:40:20,35,Good
2/9/22 02:40:28,34,Good
2/9/22 02:40:30,33,Good
2/9/22 02:40:35,31,Good
2/9/22 02:40:43,29,Good
2/9/22 02:40:50,27,Good
2/9/22 02:40:58,26,Good
2/9/22 02:41:00,25,Good
2/9/22 02:41:06,24,Good
2/9/22 02:41:13,23,Good
2/9/22 02:41:15,22,Good
2/9/22 02:41:20,21,Good
2/9/22 02:41:28,20,Good
2/9/22 02:41:36,19,Good
2/9/22 02:41:43,18,Good
2/9/22 02:41:51,17,Good
2/9/22 02:41:58,16,Good
2/9/22 02:42:06,15,Good
2/9/22 02:42:16,14,Good
2/9/22 02:42:28,13,Good
2/9/22 02:42:43,12,Good
2/9/22 02:42:59,11,Good
2/9/22 02:43:14,10,Good
2/9/22 02:43:36,9,Good
2/9/22 02:43:56,8,Good
2/9/22 02:44:26,7,Good
2/9/22 02:45:02,6,Good
2/9/22 02:45:42,5,Good
2/9/22 02:46:29,4,Good
2/9/22 02:47:42,3,Good
2/9/22 02:47:52,4,Good
2/9/22 02:47:57,3,Good
2/9/22 02:49:28,2,Good
2/9/22 02:49:31,3,Good
2/9/22 02:49:35,2,Good
2/9/22 02:50:46,1,Good
2/9/22 02:53:06,0,Good
2/9/22 02:53:11,1,Good
2/9/22 02:53:16,0,Good
2/9/22 02:55:59,-1,Good
2/9/22 03:00:21,-2,Good
2/9/22 03:07:43,-3,Good
2/9/22 03:17:58,-4,Good
2/9/22 03:18:01,-3,Good
2/9/22 03:18:06,-4,Good
2/9/22 03:20:06,-3,Good
2/9/22 03:20:11,-4,Good
2/9/22 03:20:36,-3,Good
2/9/22 03:20:41,-4,Good
2/9/22 03:20:46,-3,Good
2/9/22 03:22:07,-4,Good
2/9/22 03:22:14,-3,Good
2/9/22 03:22:26,-4,Good
2/9/22 03:35:46,-5,Good
2/9/22 03:36:06,-4,Good
2/9/22 03:36:13,-5,Good
2/9/22 03:36:36,-4,Good
2/9/22 03:36:43,-5,Good
2/9/22 03:37:29,-4,Good
2/9/22 03:39:37,-5,Good
2/9/22 03:39:44,-4,Good
2/9/22 03:39:52,-5,Good
2/9/22 04:39:58,-5,Good
2/9/22 05:01:42,-4,Good
2/9/22 05:01:45,-5,Good
2/9/22 05:01:57,-4,Good
2/9/22 05:02:00,-5,Good
2/9/22 05:02:22,-4,Good
2/9/22 05:02:30,-5,Good
2/9/22 05:02:42,-4,Good
2/9/22 05:03:00,-5,Good
2/9/22 05:03:12,-4,Good
2/9/22 05:03:15,-5,Good
2/9/22 05:03:30,-4,Good
2/9/22 05:03:45,-5,Good
2/9/22 05:03:53,-4,Good
2/9/22 05:04:00,-5,Good
2/9/22 05:04:13,-4,Good
2/9/22 05:04:35,-5,Good
2/9/22 05:04:45,-4,Good
2/9/22 05:05:01,-5,Good
2/9/22 05:05:06,-4,Good
2/9/22 05:05:13,-5,Good
2/9/22 05:05:16,-4,Good
2/9/22 05:05:28,-5,Good
2/9/22 05:05:31,-4,Good
2/9/22 05:05:36,-5,Good
2/9/22 05:20:12,-4,Good
2/9/22 05:20:22,-5,Good
2/9/22 05:20:27,-4,Good
2/9/22 05:23:31,-5,Good
2/9/22 05:23:36,-4,Good
2/9/22 05:40:36,-3,Good
2/9/22 05:40:43,-4,Good
2/9/22 05:41:15,-3,Good
2/9/22 05:43:14,-4,Good
2/9/22 05:50:13,-3,Good
2/9/22 05:50:20,-4,Good
2/9/22 05:50:31,-3,Good
2/9/22 05:50:46,-4,Good
2/9/22 05:50:51,-3,Good
2/9/22 05:51:43,-4,Good
2/9/22 05:51:46,-3,Good
2/9/22 05:52:56,-2,Good
2/9/22 05:53:07,-1,Good
2/9/22 05:53:21,0,Good
2/9/22 05:53:37,1,Good
2/9/22 05:54:02,2,Good
2/9/22 05:54:27,3,Good
2/9/22 05:54:59,4,Good
2/9/22 05:55:52,5,Good
2/9/22 05:57:13,6,Good
2/9/22 05:58:30,7,Good
2/9/22 06:01:44,8,Good
2/9/22 06:02:57,7,Good
2/9/22 06:03:02,8,Good
2/9/22 06:09:01,9,Good
2/9/22 06:16:58,10,Good
2/9/22 06:17:01,9,Good
2/9/22 06:17:05,10,Good
2/9/22 06:22:30,11,Good
2/9/22 06:22:37,10,Good
2/9/22 06:22:42,11,Good
2/9/22 06:24:53,10,Good
2/9/22 06:24:58,11,Good
2/9/22 06:25:08,10,Good
2/9/22 06:25:23,11,Good
2/9/22 06:35:28,12,Good
2/9/22 06:35:31,11,Good
2/9/22 06:35:36,12,Good
2/9/22 06:41:38,13,Good
2/9/22 06:41:45,12,Good
2/9/22 06:41:53,13,Good
2/9/22 06:41:58,12,Good
2/9/22 06:42:00,13,Good
2/9/22 06:42:08,12,Good
2/9/22 06:42:13,13,Good
2/9/22 06:56:47,14,Good
2/9/22 07:03:31,15,Good
2/9/22 07:03:36,14,Good
2/9/22 07:03:44,15,Good
2/9/22 07:20:08,16,Good
2/9/22 07:27:53,17,Good
2/9/22 07:45:58,16,Good
2/9/22 07:46:00,17,Good
2/9/22 07:46:08,16,Good
2/9/22 07:46:23,15,Good
2/9/22 07:46:28,14,Good
2/9/22 07:46:30,15,Good
2/9/22 07:46:38,14,Good
2/9/22 07:46:51,13,Good
2/9/22 07:47:16,12,Good
2/9/22 07:47:59,11,Good
2/9/22 07:48:44,10,Good
2/9/22 07:50:17,9,Good
2/9/22 07:53:12,8,Good
2/9/22 07:58:51,7,Good
2/9/22 07:58:57,8,Good
2/9/22 07:59:01,7,Good
2/9/22 08:05:06,8,Good
2/9/22 08:05:13,7,Good
2/9/22 08:05:28,8,Good
2/9/22 08:05:43,7,Good
2/9/22 08:05:46,8,Good
2/9/22 08:07:16,7,Good
2/9/22 08:07:31,8,Good
2/9/22 08:07:44,7,Good
2/9/22 09:07:46,7,Good
2/9/22 09:23:08,8,Good
2/9/22 09:35:44,7,Good
2/9/22 09:42:28,8,Good
2/9/22 09:42:30,7,Good
2/9/22 09:42:43,8,Good
2/9/22 09:43:01,7,Good
2/9/22 09:43:08,8,Good
2/9/22 09:49:22,7,Good
2/9/22 09:49:58,6,Good
2/9/22 09:50:53,5,Good
2/9/22 09:52:28,4,Good
2/9/22 09:55:47,3,Good
2/9/22 10:04:14,2,Good
2/9/22 10:09:16,1,Good
2/9/22 10:09:23,2,Good
2/9/22 10:09:28,1,Good
2/9/22 10:09:43,2,Good
2/9/22 10:09:53,1,Good
2/9/22 10:09:58,2,Good
2/9/22 10:10:01,1,Good
2/9/22 10:10:08,2,Good
2/9/22 10:11:46,1,Good
2/9/22 10:11:51,2,Good
2/9/22 10:11:59,1,Good
2/9/22 10:12:06,2,Good
2/9/22 10:12:29,1,Good
2/9/22 10:12:36,2,Good
2/9/22 10:12:44,1,Good
2/9/22 10:14:52,0,Good
2/9/22 10:16:27,-1,Good
2/9/22 10:16:58,0,Good
2/9/22 10:17:08,-1,Good
2/9/22 10:17:13,0,Good
2/9/22 10:17:23,-1,Good
2/9/22 10:18:28,0,Good
2/9/22 10:18:30,-1,Good
2/9/22 10:18:58,0,Good
2/9/22 10:20:06,-1,Good
2/9/22 10:20:16,0,Good
2/9/22 10:20:21,-1,Good
2/9/22 10:20:29,0,Good
2/9/22 10:23:02,-1,Good
2/9/22 10:23:07,0,Good
2/9/22 10:25:27,1,Good
2/9/22 10:29:29,2,Good
2/9/22 10:29:31,1,Good
2/9/22 10:30:16,2,Good
2/9/22 10:30:21,1,Good
2/9/22 10:31:14,2,Good
2/9/22 10:31:17,1,Good
2/9/22 10:32:02,2,Good
2/9/22 10:32:22,1,Good
2/9/22 10:32:32,2,Good
2/9/22 10:32:37,1,Good
2/9/22 10:32:52,2,Good
2/9/22 10:32:57,1,Good
2/9/22 10:33:42,2,Good
2/9/22 10:34:30,3,Good
2/9/22 10:34:38,2,Good
2/9/22 10:35:13,3,Good
2/9/22 10:35:15,2,Good
2/9/22 10:35:23,3,Good
2/9/22 10:35:38,2,Good
2/9/22 10:35:43,3,Good
2/9/22 10:35:45,2,Good
2/9/22 10:36:46,3,Good
2/9/22 10:37:01,2,Good
2/9/22 10:37:13,3,Good
2/9/22 10:37:16,2,Good
2/9/22 10:37:31,3,Good
2/9/22 10:37:36,2,Good
2/9/22 10:37:43,3,Good
2/9/22 10:40:29,4,Good
2/9/22 10:40:32,3,Good
2/9/22 10:41:02,4,Good
2/9/22 10:41:17,3,Good
2/9/22 10:41:22,4,Good
2/9/22 10:42:12,5,Good
2/9/22 10:42:17,4,Good
2/9/22 10:42:27,5,Good
2/9/22 10:42:32,4,Good
2/9/22 10:42:37,5,Good
2/9/22 10:43:38,4,Good
2/9/22 10:43:43,5,Good
2/9/22 10:44:43,6,Good
2/9/22 10:44:45,5,Good
2/9/22 10:44:53,6,Good
2/9/22 10:45:53,7,Good
2/9/22 10:46:01,6,Good
2/9/22 10:46:08,7,Good
2/9/22 10:46:28,6,Good
2/9/22 10:46:31,7,Good
2/9/22 10:47:59,8,Good
2/9/22 10:48:01,7,Good
2/9/22 10:48:06,8,Good
2/9/22 10:48:13,7,Good
2/9/22 10:48:21,8,Good
2/9/22 10:48:44,7,Good
2/9/22 10:48:46,8,Good
2/9/22 10:53:45,9,Good
2/9/22 10:53:53,8,Good
2/9/22 10:56:31,9,Good
2/9/22 10:56:44,8,Good
2/9/22 10:56:46,9,Good
2/9/22 11:01:52,10,Good
2/9/22 11:02:00,9,Good
2/9/22 11:02:08,10,Good
2/9/22 11:02:15,9,Good
2/9/22 11:02:43,10,Good
2/9/22 11:17:14,11,Good
2/9/22 11:17:17,10,Good
2/9/22 11:17:22,11,Good
2/9/22 11:17:27,10,Good
2/9/22 11:17:32,11,Good
2/9/22 11:26:47,12,Good
2/9/22 11:41:14,13,Good
2/9/22 12:00:21,14,Good
2/9/22 12:00:29,13,Good
2/9/22 12:00:44,14,Good
2/9/22 12:00:47,13,Good
2/9/22 12:00:59,14,Good
2/9/22 12:01:07,13,Good
2/9/22 12:01:59,14,Good
2/9/22 12:02:02,13,Good
2/9/22 12:02:14,14,Good
2/9/22 12:02:17,13,Good
2/9/22 12:02:22,14,Good
2/9/22 12:02:32,13,Good
2/9/22 12:02:37,14,Good
2/9/22 12:15:53,13,Good
2/9/22 12:25:59,14,Good
2/9/22 12:26:01,13,Good
2/9/22 12:26:26,14,Good
2/9/22 12:26:31,13,Good
2/9/22 12:26:46,14,Good
2/9/22 12:26:52,13,Good
2/9/22 12:28:22,14,Good
2/9/22 12:28:39,13,Good
2/9/22 12:28:52,14,Good
2/9/22 12:28:55,13,Good
2/9/22 12:29:02,14,Good
2/9/22 12:55:25,13,Good
2/9/22 12:55:32,14,Good
2/9/22 12:55:39,13,Good
2/9/22 12:55:47,14,Good
2/9/22 12:55:52,13,Good
2/9/22 12:56:10,14,Good
2/9/22 12:56:22,13,Good
2/9/22 12:56:25,14,Good
2/9/22 12:56:32,13,Good
2/9/22 12:56:37,14,Good
2/9/22 12:56:40,13,Good
2/9/22 12:56:47,14,Good
2/9/22 13:21:26,15,Good
2/9/22 13:21:32,14,Good
2/9/22 13:21:52,15,Good
2/9/22 13:22:55,14,Good
2/9/22 13:23:02,15,Good
2/9/22 13:44:08,16,Good
2/9/22 13:44:10,15,Good
2/9/22 13:44:23,16,Good
2/9/22 14:00:48,15,Good
2/9/22 14:01:48,16,Good
2/9/22 15:01:52,16,Good
